id,title,track,category,level,tools,data,headline,folder
AM-001,"Complex impedance calculator for R, L, C networks",Applied Mathematics — 218 projects in electrical engineering,A. Complex analysis & phasors,E,"Own recursive-descent parser for series (+) / parallel (||) network expressions, complex arithmetic in NumPy, verification with the MNA circuit simulator",Simulated (numerical model in this repo).,Worst relative |Z_calc − Z_MNA| over 5 networks × 400 frequencies: 0 → 1.6481e-13 (+1.6481e-13),projects/applied-math/A-complex-analysis-and-phasors/AM001-complex-impedance-calculator
AM-002,Phasor diagram visualiser: lead and lag,Applied Mathematics — 218 projects in electrical engineering,A. Complex analysis & phasors,E,"Complex phasors, animated phasor diagram (matplotlib → GIF), time-domain transient simulation, phase measurement by quadrature correlation",Simulated (numerical model in this repo).,"RL, |X| = 5 Ω, R = 10 Ω: phase of i relative to v: -26.57 ° → -26.54 ° (+0.02243 °)",projects/applied-math/A-complex-analysis-and-phasors/AM002-phasor-diagram-visualiser
AM-003,RLC resonance: Q is the pole's distance from the jω axis,Applied Mathematics — 218 projects in electrical engineering,A. Complex analysis & phasors,M,"Characteristic-polynomial roots (NumPy), AC simulation of a series RLC, bandwidth measurement",Simulated (numerical model in this repo).,R = 63.2 Ω: Q from pole geometry vs from simulated bandwidth: 0.5 → 0.4999 (-0.03 %),projects/applied-math/A-complex-analysis-and-phasors/AM003-rlc-resonance-analysis
AM-004,Pole-zero plotter and geometric frequency response,Applied Mathematics — 218 projects in electrical engineering,A. Complex analysis & phasors,M,"Polynomial roots, the vector (geometric) evaluation of |H(jω)|, SciPy LTI step responses, dominant-pole approximation",Simulated (numerical model in this repo).,"Geometric |H| vs direct evaluation, worst relative error (4 systems): 0 → 6.3061e-14 (+6.3061e-14)",projects/applied-math/A-complex-analysis-and-phasors/AM004-pole-zero-plotter
AM-005,Bode plots from H(s): asymptotes vs exact,Applied Mathematics — 218 projects in electrical engineering,A. Complex analysis & phasors,M,"Analytic magnitude/phase of H(jω), straight-line Bode asymptotes, numerical evaluation, AC simulation of an RLC realisation",Simulated (numerical model in this repo).,Simple pole: asymptote error at the corner: -3.01 dB → -3.01 dB (+4.3360e-08 dB),projects/applied-math/A-complex-analysis-and-phasors/AM005-bode-plot-from-hs
AM-006,Nyquist plot generator with encirclement counting,Applied Mathematics — 218 projects in electrical engineering,A. Complex analysis & phasors,M,"Contour mapping of L(jω), numerical winding number (argument principle), Routh–Hurwitz for the prediction, closed-loop pole computation",Simulated (numerical model in this repo).,Gains where the encirclement count ≠ number of RHP closed-loop poles (K = 1…200 except the marginal K = 60): 0 → 0 (+0),projects/applied-math/A-complex-analysis-and-phasors/AM006-nyquist-plot-generator
AM-007,Smith chart from scratch: a Möbius transformation,Applied Mathematics — 218 projects in electrical engineering,A. Complex analysis & phasors,H,"Möbius (bilinear) map Γ = (z−1)/(z+1), circle fitting, L-section matching solved on the chart and verified algebraically",Simulated (numerical model in this repo).,Worst deviation of mapped lines from the predicted circles (centre/radius): 0 → 5.3395e-15 (+5.3395e-15),projects/applied-math/A-complex-analysis-and-phasors/AM007-smith-chart-from-scratch
AM-008,Reflection coefficient mapping: impedance → unit disc,Applied Mathematics — 218 projects in electrical engineering,A. Complex analysis & phasors,M,"Complex mapping Γ(Z) = (Z−Z0)/(Z+Z0), transmission-line input impedance, VSWR and mismatch loss, grid visualisation",Simulated (numerical model in this repo).,Lossless line: max change of |Γ| along the line: 0 → 4.4409e-16 (+4.4409e-16),projects/applied-math/A-complex-analysis-and-phasors/AM008-reflection-coefficient-mapping
AM-009,"s-plane explorer: drag a pole, watch the step response",Applied Mathematics — 218 projects in electrical engineering,A. Complex analysis & phasors,M,"Interactive SVG page (drag the pole pair), closed-form step responses in JavaScript, Node test harness vs SciPy, damping formulas",Simulated (numerical model in this repo).,Max |JS step − SciPy step| over 200 pole pairs: 0 → 7.3497e-14 (+7.3497e-14),projects/applied-math/A-complex-analysis-and-phasors/AM009-s-plane-explorer
AM-010,"Complex power: P, Q and S as one complex number",Applied Mathematics — 218 projects in electrical engineering,A. Complex analysis & phasors,E,"Phasor power S = V·I*, time-domain simulation of instantaneous power, power-factor correction design",Simulated (numerical model in this repo).,Real power P (mean of v·i): 1.636 kW → 1.636 kW (+0.02 %),projects/applied-math/A-complex-analysis-and-phasors/AM010-complex-power-triangle
AM-011,Three-phase systems with the rotation operator a = e^{j2π/3},Applied Mathematics — 218 projects in electrical engineering,A. Complex analysis & phasors,M,"Complex rotation operator, symmetrical components (Fortescue transform), nodal analysis of an unbalanced star load, time-domain verification",Simulated (numerical model in this repo).,1 + a + a² (should vanish): 0 → 3.3307e-16 (+3.3307e-16),projects/applied-math/A-complex-analysis-and-phasors/AM011-three-phase-phasor-analysis
AM-012,Residue calculus: from H(s) to the impulse response,Applied Mathematics — 218 projects in electrical engineering,A. Complex analysis & phasors,H,"Own residue computation (limits and derivatives for repeated poles), analytic inverse Laplace, comparison with scipy.signal.residue and numerical impulse responses",Simulated (numerical model in this repo).,distinct real poles: residues vs scipy.signal.residue (worst difference): 0 → 4.9960e-16 (+4.9960e-16),projects/applied-math/A-complex-analysis-and-phasors/AM012-partial-fractions-to-time-domain
AM-013,"All-pass filters: unity magnitude, useful phase",Applied Mathematics — 218 projects in electrical engineering,A. Complex analysis & phasors,M,"Pole-zero mirroring, analytic phase and group delay, op-amp all-pass circuit simulated with the MNA solver",Simulated (numerical model in this repo).,Max deviation of |H| from 1 (0 dB) over 10 Hz–100 kHz: 0 dB → 3.5786e-05 dB (+3.5786e-05 dB),projects/applied-math/A-complex-analysis-and-phasors/AM013-all-pass-filter-phase-study
AM-014,Group delay: numerical differentiation and pulse distortion,Applied Mathematics — 218 projects in electrical engineering,A. Complex analysis & phasors,M,"Analytic group delay of Butterworth, Chebyshev and Bessel filters, numerical differentiation of unwrapped phase, time-domain pulse tests",Simulated (numerical model in this repo).,"Bessel: numerical vs analytic group delay (worst relative error, Δω = 1.5 mrad/s): 0 → 3.3336e-07 (+3.3336e-07)",projects/applied-math/A-complex-analysis-and-phasors/AM014-group-delay-computation
AM-015,Hilbert transform and instantaneous frequency (with real satellite audio),Applied Mathematics — 218 projects in electrical engineering,A. Complex analysis & phasors,H,"FFT-based Hilbert transform (own implementation vs scipy.signal.hilbert), analytic signal, instantaneous frequency by phase differentiation; real NOAA-18 APT recording from SatNOGS","Real: SatNOGS network observation 11229309 (NOAA-18 APT), CC BY-SA 4.0.",Own FFT Hilbert vs scipy.signal.hilbert (worst): 0 → 1.8344e-15 (+1.8344e-15),projects/applied-math/A-complex-analysis-and-phasors/AM015-hilbert-transform-analytic-signal
AM-016,Complex baseband: why IQ sampling needs half the rate,Applied Mathematics — 218 projects in electrical engineering,A. Complex analysis & phasors,H,"Complex envelope, quadrature down-conversion, band-limited reconstruction, aliasing measurement vs sample rate",Simulated (numerical model in this repo).,"Quadrature down-conversion recovers the complex envelope (SNR, my guess ≥ 40 dB): 40 dB → 253.9 dB (+213.9 dB)",projects/applied-math/A-complex-analysis-and-phasors/AM016-complex-baseband-representation
AM-017,Root locus via the angle condition,Applied Mathematics — 218 projects in electrical engineering,A. Complex analysis & phasors,M,"Characteristic-polynomial roots swept over gain, angle/magnitude conditions of L(s) = −1/K, analytic breakaway points and asymptotes",Simulated (numerical model in this repo).,Angle condition ∠G(s) = 180° at every computed closed-loop pole (worst error): 0 ° → 1.2722e-13 ° (+1.2722e-13 °),projects/applied-math/A-complex-analysis-and-phasors/AM017-root-locus-via-complex-mapping
AM-018,"Stability from pole location, demonstrated",Applied Mathematics — 218 projects in electrical engineering,A. Complex analysis & phasors,M,"Impulse responses of systems with poles left of, on and right of the jω axis, growth-rate fitting, BIBO test with a bounded input",Simulated (numerical model in this repo).,Impulse-response growth rate for poles at -0.5 ± 2j (= σ): -0.5 1/s → -0.5 1/s (-2.6573e-07 1/s),projects/applied-math/A-complex-analysis-and-phasors/AM018-stability-from-pole-location
AM-019,The DFT as a matrix-vector product,Applied Mathematics — 218 projects in electrical engineering,B. Fourier analysis & transforms,M,"Explicit DFT matrix W_N, unitary-matrix checks, comparison with numpy.fft, operation-count and timing scaling",Simulated (numerical model in this repo).,Orthogonality: max |WᴴW − NI| / N over all N: 0 → 1.3545e-13 (+1.3545e-13),projects/applied-math/B-fourier-analysis-and-transforms/AM019-dft-from-first-principles
AM-020,"Radix-2 FFT: derive the butterfly, implement, benchmark",Applied Mathematics — 218 projects in electrical engineering,B. Fourier analysis & transforms,H,"Own iterative radix-2 decimation-in-time FFT (bit reversal + butterflies, vectorised per stage), naive O(N²) DFT, numpy.fft; accuracy and timing scaling",Simulated (numerical model in this repo).,"Own radix-2 FFT vs numpy.fft, worst relative error (N = 16 … 65536): 0 → 9.4048e-16 (+9.4048e-16)",projects/applied-math/B-fourier-analysis-and-transforms/AM020-radix-2-fft
AM-021,Fourier-series synthesiser: square and sawtooth waves,Applied Mathematics — 218 projects in electrical engineering,B. Fourier analysis & transforms,E,"Analytic Fourier coefficients, partial-sum synthesis, RMS error predicted from the omitted harmonics (Parseval), audio (WAV) output",Simulated (numerical model in this repo).,square: worst |measured MSE / Parseval tail − 1| over N = 1…200: 0 → 0.001062 (+0.001062),projects/applied-math/B-fourier-analysis-and-transforms/AM021-fourier-series-synthesiser
AM-022,The Gibbs phenomenon: an overshoot that never goes away,Applied Mathematics — 218 projects in electrical engineering,B. Fourier analysis & transforms,M,"Partial Fourier sums of a square wave up to 2000 harmonics, the Wilbraham–Gibbs constant via the sine integral, Lanczos σ-factors",Simulated (numerical model in this repo).,Overshoot / jump at N = 2000 harmonics (Wilbraham–Gibbs 0.08949): 0.08949 → 0.08949 (-0.00 %),projects/applied-math/B-fourier-analysis-and-transforms/AM022-gibbs-phenomenon-study
AM-023,Windowing and spectral leakage: measured sidelobes,Applied Mathematics — 218 projects in electrical engineering,B. Fourier analysis & transforms,M,"Window spectra via heavily zero-padded FFTs, sidelobe/mainlobe/scalloping measurements, detection of a weak tone next to a strong one",Simulated (numerical model in this repo).,boxcar: highest sidelobe: -13.3 dB → -13.25 dB (+0.04566 dB),projects/applied-math/B-fourier-analysis-and-transforms/AM023-windowing-and-spectral-leakage
AM-024,Zero-padding vs resolution: what interpolation does not add,Applied Mathematics — 218 projects in electrical engineering,B. Fourier analysis & transforms,E,"FFT with and without zero-padding, two-tone resolution test, peak-dip criterion",Simulated (numerical model in this repo).,Resolvable separation Δf·T with 64× padding (median dip > 5 % over phases): 1 → 1 (+0),projects/applied-math/B-fourier-analysis-and-transforms/AM024-zero-padding-vs-resolution
AM-025,"The convolution theorem, verified numerically",Applied Mathematics — 218 projects in electrical engineering,B. Fourier analysis & transforms,M,"Direct O(NM) convolution, FFT-based convolution with sufficient zero-padding, error analysis, timing crossover",Simulated (numerical model in this repo).,"FFT convolution vs exact integer result, worst absolute error (N = M = 16384): 0 → 6.9849e-10 (+6.9849e-10)",projects/applied-math/B-fourier-analysis-and-transforms/AM025-convolution-theorem-verification
AM-026,Circular vs linear convolution: the wrap-around error,Applied Mathematics — 218 projects in electrical engineering,B. Fourier analysis & transforms,M,"DFT-domain multiplication without padding, time-domain aliasing analysis, padding sweep",Simulated (numerical model in this repo).,"Error equals the wrapped tail y_lin[n+L], worst mismatch over all L: 0 → 4.9960e-16 (+4.9960e-16)",projects/applied-math/B-fourier-analysis-and-transforms/AM026-circular-vs-linear-convolution
AM-027,Overlap-add and overlap-save: fast long-signal filtering,Applied Mathematics — 218 projects in electrical engineering,B. Fourier analysis & transforms,H,"Own overlap-add and overlap-save block convolvers (NumPy rfft), direct convolution reference, block-size sweep and operation-count model",Simulated (numerical model in this repo).,"Overlap-add vs direct convolution, worst error: 0 → 1.3323e-15 (+1.3323e-15)",projects/applied-math/B-fourier-analysis-and-transforms/AM027-overlap-add-and-overlap-save
AM-028,STFT and spectrograms: the resolution trade-off,Applied Mathematics — 218 projects in electrical engineering,B. Fourier analysis & transforms,M,"Own short-time Fourier transform (Hann windows, hop, zero-padding), resolution measurements on a synthetic test signal, real speech recording","Real: 'En-us-hello.ogg', Wikimedia Commons, public domain.",Δt·Δf (half-power widths) is constant across window lengths: max/min ratio: 1 → 1.154 (+15.45 %),projects/applied-math/B-fourier-analysis-and-transforms/AM028-stft-and-spectrogram
AM-029,"The time–frequency uncertainty bound, measured",Applied Mathematics — 218 projects in electrical engineering,B. Fourier analysis & transforms,H,"RMS duration and bandwidth of discrete pulses via second moments (FFT), Gaussian vs other pulse shapes, chirped pulses",Simulated (numerical model in this repo).,Gaussian pulse: σ_t·σ_f (Gabor limit 1/4π): 0.07958 → 0.07958 (+0.00 %),projects/applied-math/B-fourier-analysis-and-transforms/AM029-time-frequency-uncertainty
AM-030,Numerical Laplace inversion: Stehfest vs Talbot,Applied Mathematics — 218 projects in electrical engineering,B. Fourier analysis & transforms,H,"Own Gaver–Stehfest and fixed-Talbot inversion algorithms, test transforms with known inverses (including non-rational e^{−√s}/s), multiprecision-free error study",Simulated (numerical model in this repo).,1/(s+1) → e^(−t): Talbot worst error: 0 → 2.4163e-11 (+2.4163e-11),projects/applied-math/B-fourier-analysis-and-transforms/AM030-numerical-laplace-inversion
AM-031,Designing in the z-plane: pole radius and decay,Applied Mathematics — 218 projects in electrical engineering,B. Fourier analysis & transforms,M,"Two-pole digital resonator placed directly in the z-plane, impulse-response envelope fitting, −3 dB bandwidth measurement",Simulated (numerical model in this repo).,r = 0.8: envelope decay per sample = ln r: -0.2231 → -0.2231 (+0.00 %),projects/applied-math/B-fourier-analysis-and-transforms/AM031-z-transform-digital-filter
AM-032,Bilinear transform and frequency pre-warping,Applied Mathematics — 218 projects in electrical engineering,B. Fourier analysis & transforms,H,"Own zpk bilinear mapping z = (1+sT/2)/(1−sT/2) with gain matching, frequency-warping formula, comparison with scipy.signal.bilinear_zpk",Simulated (numerical model in this repo).,Own bilinear mapping vs scipy.signal.bilinear_zpk (worst pole/gain difference): 0 → 5.9845e-16 (+5.9845e-16),projects/applied-math/B-fourier-analysis-and-transforms/AM032-bilinear-transform
AM-033,FIR low-pass design by windowing the ideal sinc,Applied Mathematics — 218 projects in electrical engineering,B. Fourier analysis & transforms,M,"Windowed-sinc design (own implementation), measured stopband attenuation and transition width for rectangular, Hann, Hamming, Blackman and Kaiser windows, Kaiser's design formulas",Simulated (numerical model in this repo).,boxcar: stopband attenuation: 21 dB → 20.98 dB (-0.0184 dB),projects/applied-math/B-fourier-analysis-and-transforms/AM033-fir-design-by-windowing
AM-034,Parks–McClellan from scratch: the Remez exchange algorithm,Applied Mathematics — 218 projects in electrical engineering,B. Fourier analysis & transforms,H,"Own Remez exchange for Type-I linear-phase low-pass filters (dense grid, barycentric Lagrange interpolation, alternation search), scipy.signal.remez as reference",Simulated (numerical model in this repo).,"Own Remez vs scipy.signal.remez, max |h − h_scipy|: 0 → 7.9269e-06 (+7.9269e-06)",projects/applied-math/B-fourier-analysis-and-transforms/AM034-remez-parks-mcclellan
AM-035,"IIR filters from analog prototypes (Butterworth, Chebyshev)",Applied Mathematics — 218 projects in electrical engineering,B. Fourier analysis & transforms,M,"Own analog prototype pole formulas (Butterworth circle, Chebyshev ellipse), pre-warped bilinear transform, comparison with scipy.signal.butter / cheby1",Simulated (numerical model in this repo).,Butterworth N = 4: prototype poles vs SciPy (relative): 0 → 4.9953e-16 (+4.9953e-16),projects/applied-math/B-fourier-analysis-and-transforms/AM035-iir-from-analog-prototype
AM-036,Wavelet multi-resolution analysis of a transient,Applied Mathematics — 218 projects in electrical engineering,B. Fourier analysis & transforms,H,"Own periodic discrete wavelet transform (Haar and Daubechies-4 filter banks, analysis + synthesis), soft-threshold denoising, Fourier low-pass comparison",Simulated (numerical model in this repo).,"Haar: perfect reconstruction, max |x − IDWT(DWT(x))|: 0 → 3.5527e-15 (+3.5527e-15)",projects/applied-math/B-fourier-analysis-and-transforms/AM036-wavelet-multi-resolution-analysis
AM-037,The DCT and image compression — on a real satellite image,Applied Mathematics — 218 projects in electrical engineering,B. Fourier analysis & transforms,M,"Own orthonormal DCT-II matrix, AR(1) energy-compaction analysis vs the DFT and the optimal KLT, a mini JPEG-style 8×8 block coder, NOAA-18 APT image decoded from real audio",Real: NOAA-18 APT image decoded from SatNOGS observation 11229309 (CC BY-SA 4.0).,DCT matrix orthonormal: max |CCᵀ − I|: 0 → 1.3978e-15 (+1.3978e-15),projects/applied-math/B-fourier-analysis-and-transforms/AM037-dct-and-compression
AM-038,Chirp-Z transform: zooming into a spectral band,Applied Mathematics — 218 projects in electrical engineering,B. Fourier analysis & transforms,H,"Own Bluestein chirp-Z transform (three FFTs), direct evaluation on the z-plane arc, zero-padded FFT comparison, timing",Simulated (numerical model in this repo).,CZT vs direct DTFT evaluation (max relative error): 0 → 4.6051e-11 (+4.6051e-11),projects/applied-math/B-fourier-analysis-and-transforms/AM038-chirp-z-transform
AM-039,Goertzel algorithm: single-bin detection and DTMF,Applied Mathematics — 218 projects in electrical engineering,B. Fourier analysis & transforms,M,"Goertzel recursion (second-order IIR per bin, run with scipy.signal.lfilter), comparison with FFT bins, DTMF decoder, timing crossover",Simulated (numerical model in this repo).,Goertzel vs FFT bin (worst error / √N over 1000 cases): 0 → 1.4733e-12 (+1.4733e-12),projects/applied-math/B-fourier-analysis-and-transforms/AM039-goertzel-algorithm
AM-040,Cepstral analysis: separating pitch from the vocal tract,Applied Mathematics — 218 projects in electrical engineering,B. Fourier analysis & transforms,H,"Real cepstrum (IFFT of log magnitude spectrum), liftering, cepstral pitch detection vs autocorrelation pitch; Free Spoken Digit Dataset (real speech)",Real: Free Spoken Digit Dataset (CC BY-SA 4.0).,Voiced frames where cepstral and autocorrelation pitch agree within 5 %: 90 % → 92.42 % (+2.42 pp),projects/applied-math/B-fourier-analysis-and-transforms/AM040-cepstral-analysis
AM-041,Wiener–Khinchin on real data: autocorrelation ↔ power spectrum,Applied Mathematics — 218 projects in electrical engineering,B. Fourier analysis & transforms,M,"Biased autocorrelation (direct and via FFT), periodogram, the Wiener–Khinchin identity, AR(1) theory; real ECG from the MIT-BIH Arrhythmia Database","Real: MIT-BIH Arrhythmia Database record 100 (PhysioNet, ODC-By).",Autocorrelation: direct vs via |FFT|² (max relative error): 0 → 2.9249e-15 (+2.9249e-15),projects/applied-math/B-fourier-analysis-and-transforms/AM041-autocorrelation-and-psd
AM-042,Welch's method: trading resolution for variance,Applied Mathematics — 218 projects in electrical engineering,B. Fourier analysis & transforms,M,"Own Welch PSD estimator (segmenting, Hann windows, overlap, averaging), variance and resolution measurements, comparison with scipy.signal.welch",Simulated (numerical model in this repo).,"No overlap, K = 4 segments: relative variance = 1/K: 0.25 → 0.2507 (+0.29 %)",projects/applied-math/B-fourier-analysis-and-transforms/AM042-welchs-method
AM-043,"The sampling theorem, constructively",Applied Mathematics — 218 projects in electrical engineering,B. Fourier analysis & transforms,M,"Band-limited random signals, Whittaker–Shannon (sinc) interpolation, reconstruction error vs sampling rate, aliasing-frequency prediction",Simulated (numerical model in this repo).,Relative RMS reconstruction error at f_s = 400 Hz (= 4B): 0 → 4.2208e-13 (+4.2208e-13),projects/applied-math/B-fourier-analysis-and-transforms/AM043-sampling-theorem-demonstration
AM-044,"RC transient: solve the ODE, then check it",Applied Mathematics — 218 projects in electrical engineering,C. Differential equations,E,"Analytic solution of the first-order ODE, MNA transient simulation (trapezoidal), time-constant and energy measurements",Simulated (numerical model in this repo).,Max |simulation − analytic| over charge and discharge: 0 V → 2.499 mV (+2.499 mV),projects/applied-math/C-differential-equations/AM044-rc-transient-analysis
AM-045,RLC damping regimes from the characteristic equation,Applied Mathematics — 218 projects in electrical engineering,C. Differential equations,M,"Roots of Ls² + Rs + 1/C, closed-form step responses for under-, critically and over-damped cases, MNA transient verification",Simulated (numerical model in this repo).,R = 20 Ω: max |simulation − closed form|: 0 V → 198.5 µV (+198.5 µV),projects/applied-math/C-differential-equations/AM045-rlc-damping-regimes
AM-046,Impulse and step response: the derivative relationship,Applied Mathematics — 218 projects in electrical engineering,C. Differential equations,M,"Analytic impulse and step responses of a second-order low-pass, numerical differentiation/integration, simulated narrow-pulse approximation of δ(t)",Simulated (numerical model in this repo).,Closed-form impulse response vs numerical (max relative): 0 → 5.6713e-14 (+5.6713e-14),projects/applied-math/C-differential-equations/AM046-impulse-and-step-response
AM-047,Euler vs RK4 on a circuit ODE: measured orders of accuracy,Applied Mathematics — 218 projects in electrical engineering,C. Differential equations,M,"Own forward Euler, Heun (RK2) and classical RK4 integrators, series-RLC state equations, global error vs step size, cost-per-accuracy analysis",Simulated (numerical model in this repo).,Euler: observed order of accuracy: 1 → 1.013 (+0.01348),projects/applied-math/C-differential-equations/AM047-euler-vs-rk4-for-circuits
AM-048,Stiff ODEs: why explicit methods die on switching circuits,Applied Mathematics — 218 projects in electrical engineering,C. Differential equations,H,"Forward Euler, RK4, backward Euler and trapezoidal integrators on a two-time-constant RC network, stability-limit measurement, stiffness ratio analysis",Simulated (numerical model in this repo).,forward Euler: largest stable step (first unstable step in a fine sweep): 19.8 ns → 20.2 ns (+2.00 %),projects/applied-math/C-differential-equations/AM048-stiff-odes-in-switching-circuits
AM-049,State-variable formulation of circuits,Applied Mathematics — 218 projects in electrical engineering,C. Differential equations,M,"Systematic state equations from capacitor voltages and inductor currents (KCL/KVL on a normal tree), state matrix eigenvalues, comparison with MNA AC/transient simulation",Simulated (numerical model in this repo).,eig(A) vs 5th-order Butterworth poles (max relative distance): 0 → 5.4999e-05 (+5.4999e-05),projects/applied-math/C-differential-equations/AM049-state-variable-formulation
AM-050,Telegrapher's equations: travelling waves on a line,Applied Mathematics — 218 projects in electrical engineering,C. Differential equations,H,"Staggered-grid FDTD solution of the telegrapher's PDEs (V and I leapfrogged), matched source, arbitrary resistive load, loss; animated GIF",Simulated (numerical model in this repo).,Z_L = 1e+06 Ω: reflection coefficient: 0.9999 → 0.9988 (-0.001125),projects/applied-math/C-differential-equations/AM050-telegraphers-equations
AM-051,Heat equation: temperature rise of a component,Applied Mathematics — 218 projects in electrical engineering,C. Differential equations,M,"Explicit (FTCS) and implicit (Crank–Nicolson) finite differences for the 1-D heat equation, stability limit r = αΔt/Δx² ≤ ½, analytic semi-infinite solution, lumped thermal RC",Simulated (numerical model in this repo).,"Semi-infinite bar: surface temperature rise at 1 s, FTCS vs 2q/k·√(αt/π): 30.49 K → 30.48 K (-0.01 %)",projects/applied-math/C-differential-equations/AM051-thermal-diffusion-model
AM-052,1-D wave equation: reflecting and absorbing boundaries,Applied Mathematics — 218 projects in electrical engineering,C. Differential equations,M,"Second-order leapfrog finite differences, Dirichlet/Neumann boundaries, first-order Mur absorbing boundary, CFL stability, numerical dispersion",Simulated (numerical model in this repo).,"fixed end, Courant 1.0: reflection coefficient: -1 → -1 (-1.7764e-15)",projects/applied-math/C-differential-equations/AM052-1d-wave-equation
AM-053,Coupled LC oscillators: normal modes and beating,Applied Mathematics — 218 projects in electrical engineering,C. Differential equations,H,"Eigenvalue analysis of two magnetically coupled LC tanks, MNA transient simulation with a coupled-inductor element, spectral peak and beat-period measurement",Simulated (numerical model in this repo).,k = 0.02: lower mode ω0/√(1+k): 157.6 kHz → 157.6 kHz (-0.00 %),projects/applied-math/C-differential-equations/AM053-coupled-oscillators
AM-054,Van der Pol oscillator: limit cycles from weak to relaxation,Applied Mathematics — 218 projects in electrical engineering,C. Differential equations,H,"Adaptive RK45 integration (SciPy), phase portraits, amplitude from averaging theory, relaxation period from singular perturbation, Poincaré-section convergence",Simulated (numerical model in this repo).,μ = 0.1: period ≈ 2π(1 + μ²/16): 6.287 → 6.287 (-0.00 %),projects/applied-math/C-differential-equations/AM054-van-der-pol-oscillator
AM-055,Chua's circuit: a genuinely chaotic electronic circuit,Applied Mathematics — 218 projects in electrical engineering,C. Differential equations,H,"Dimensionless Chua equations with a piecewise-linear diode, equilibrium and eigenvalue analysis, double-scroll attractor, largest Lyapunov exponent (two-trajectory renormalisation), sensitivity demonstration",Simulated (numerical model in this repo).,Equilibria x* = ±(m0−m1)/(m1+1) = ±1.5 satisfy the equations (max |f|): 0 → 3.4639e-15 (+3.4639e-15),projects/applied-math/C-differential-equations/AM055-chuas-circuit
AM-056,"Duffing oscillator: nonlinear resonance, hysteresis and jumps",Applied Mathematics — 218 projects in electrical engineering,C. Differential equations,H,"Driven Duffing equation integrated with RK45, slow up/down frequency sweeps, harmonic-balance frequency response (cubic in A²), backbone curve",Simulated (numerical model in this repo).,Upward sweep: jump-down frequency (end of the upper branch): 1.31 rad/s → 1.33 rad/s (+1.55 %),projects/applied-math/C-differential-equations/AM056-duffing-oscillator
AM-057,"Phase-portrait toolkit: equilibria, classification and trajectories",Applied Mathematics — 218 projects in electrical engineering,C. Differential equations,M,"Generic 2-D toolkit: equilibrium finding (multi-start Newton), numerical Jacobians, trace/determinant classification, streamplots and trajectories; applied to a tunnel-diode circuit, a damped pendulum and a predator–prey model",Simulated (numerical model in this repo).,Equilibria whose simulated neighbourhood behaves as the Jacobian classification predicts: 8 → 8 (+0),projects/applied-math/C-differential-equations/AM057-phase-portrait-toolkit
AM-058,What sets an oscillator's amplitude?,Applied Mathematics — 218 projects in electrical engineering,C. Differential equations,H,"Wien-bridge oscillator with a tanh-limited amplifier (state-space ODE), describing-function prediction of amplitude, sensitivity to excess gain",Simulated (numerical model in this repo).,"K = 3.05: steady input amplitude, describing function N(a) = 3: 424.5 mV → 424.5 mV (+0.00 %)",projects/applied-math/C-differential-equations/AM058-limit-cycles-in-oscillators
AM-059,Bifurcations: Hopf onset of oscillation and the period-doubling route to chaos,Applied Mathematics — 218 projects in electrical engineering,C. Differential equations,H,"Van der Pol-type oscillator with parameter μ (supercritical Hopf), amplitude scaling fit; logistic map bifurcation diagram and Feigenbaum ratio measurement",Simulated (numerical model in this repo).,Below the bifurcation (μ = −0.1): oscillation decays to 0: 0 → 1.0500e-11 (+1.0500e-11),projects/applied-math/C-differential-equations/AM059-bifurcation-analysis
AM-060,Skin effect as a diffusion problem,Applied Mathematics — 218 projects in electrical engineering,C. Differential equations,H,"Complex finite-difference solution of the magnetic diffusion (Helmholtz-type) equation in a slab and in a round wire (cylindrical Laplacian), Bessel-function analytic solution, AC-resistance ratio",Simulated (numerical model in this repo).,Skin depth of copper at 1 MHz: 66 µm → 66.09 µm (+0.13 %),projects/applied-math/C-differential-equations/AM060-skin-effect-diffusion
AM-061,Boundary-value problems: shooting vs relaxation,Applied Mathematics — 218 projects in electrical engineering,C. Differential equations,H,"Shooting method (RK45 + root finding on the missing slope), relaxation (finite differences + Newton iteration), analytic solutions of the Poisson and Poisson–Boltzmann equations",Simulated (numerical model in this repo).,Linear Poisson: shooting finds φ'(0) = ρL/2: 1 → 1 (+0.00 %),projects/applied-math/C-differential-equations/AM061-boundary-value-problems
AM-062,Build a mini SPICE: modified nodal analysis from scratch,Applied Mathematics — 218 projects in electrical engineering,D. Linear algebra,H,"A self-contained ~80-line MNA engine (stamps for R, C, L, independent V/I sources, VCVS/VCCS; DC and complex AC), sparse assembly, cross-checked against the repository's full simulator and hand solutions",Simulated (numerical model in this repo).,R-2R ladder: every node is half the previous (worst deviation of the ratio): 0 → 1.1102e-16 (+1.1102e-16),projects/applied-math/D-linear-algebra/AM062-build-a-mini-spice
AM-063,Sparse solvers on large resistor networks,Applied Mathematics — 218 projects in electrical engineering,D. Linear algebra,H,"2-D resistor-grid Laplacians up to 250,000 nodes, dense LU (LAPACK) vs sparse direct LU (SuperLU with fill-reducing ordering) vs conjugate gradients; effective-resistance results as analytic checks",Simulated (numerical model in this repo).,"Effective resistance to a neighbour, 500×500 grid (infinite grid: ½ Ω): 500 mΩ → 500 mΩ (-0.00 %)",projects/applied-math/D-linear-algebra/AM063-sparse-matrix-solvers
AM-064,"LU decomposition with partial pivoting, from scratch",Applied Mathematics — 218 projects in electrical engineering,D. Linear algebra,M,"Own Doolittle LU (vectorised row operations) with and without partial pivoting, forward/back substitution, backward-error and growth-factor analysis, comparison with LAPACK",Simulated (numerical model in this repo).,"[[ε,1],[1,1]] with ε = 1e-16: error without pivoting (≈ 1 — the answer is wrong): 1 → 1.22 (+0.2204)",projects/applied-math/D-linear-algebra/AM064-lu-decomposition-solver
AM-065,Eigenvalues as natural frequencies of an LC ladder,Applied Mathematics — 218 projects in electrical engineering,D. Linear algebra,H,"Generalised eigenproblem K v = ω² M v for an N-section LC ladder, analytic dispersion ω_k = 2ω0 sin(kπ/(2(N+1))), MNA AC resonance search, mode shapes",Simulated (numerical model in this repo).,Eigenvalue frequencies vs 2/√(LC)·sin(kπ/2(N+1)) (worst relative): 0 → 4.2188e-15 (+4.2188e-15),projects/applied-math/D-linear-algebra/AM065-eigenvalues-as-natural-frequencies
AM-066,"State space ↔ transfer function, both directions",Applied Mathematics — 218 projects in electrical engineering,D. Linear algebra,M,"Controllable-canonical realisation (own), Faddeev–LeVerrier algorithm for C(sI−A)⁻¹B (own), similarity transforms, comparison with scipy.signal.tf2ss/ss2tf",Simulated (numerical model in this repo).,Round trip TF → canonical state space → Faddeev–LeVerrier → TF (worst relative): 0 → 2.2905e-09 (+2.2905e-09),projects/applied-math/D-linear-algebra/AM066-state-space-to-transfer-function
AM-067,Controllability and observability of a bridge circuit,Applied Mathematics — 218 projects in electrical engineering,D. Linear algebra,H,"Controllability/observability matrices and their rank, Gramians via Lyapunov equations, singular values as a quantitative measure, pole-zero cancellation",Simulated (numerical model in this repo).,Balanced bridge: rank of the controllability matrix (n = 2): 1 → 1 (+0),projects/applied-math/D-linear-algebra/AM067-controllability-and-observability
AM-068,SVD denoising: low-rank Hankel approximation,Applied Mathematics — 218 projects in electrical engineering,D. Linear algebra,H,"Hankel (trajectory) matrix, truncated SVD, Cadzow iterations (rank projection + Hankel averaging), singular-value spectrum, comparison with an ideal band-pass",Simulated (numerical model in this repo).,Noise-free Hankel matrix: numerical rank (3 sinusoids → 6): 6 → 6 (+0),projects/applied-math/D-linear-algebra/AM068-svd-for-noise-reduction
AM-069,PCA on 64-channel EEG: dominant spatial modes,Applied Mathematics — 218 projects in electrical engineering,D. Linear algebra,M,"Principal component analysis via SVD of the channel covariance, variance-explained curves, spatial maps (by electrode position), band-power of component time courses; real EEG (PhysioNet EEG Motor Movement/Imagery)","Real: EEG Motor Movement/Imagery Dataset (Schalk et al. 2004, PhysioNet), ODC-By.",Variance explained by the first 3 principal components (my guess > 50 %): 50 % → 86.72 % (+36.7 pp),projects/applied-math/D-linear-algebra/AM069-pca-on-signal-data
AM-070,Least-squares system identification (ARX),Applied Mathematics — 218 projects in electrical engineering,D. Linear algebra,M,"ARX regression matrix, normal equations via QR, parameter covariance σ²(ΦᵀΦ)⁻¹, Monte-Carlo validation, bias under coloured noise",Simulated (numerical model in this repo).,"Mean estimate − truth (worst parameter, equation-error noise) — unbiased: 0 σ → 0.07365 σ (+0.07365 σ)",projects/applied-math/D-linear-algebra/AM070-least-squares-identification
AM-071,Matrix pencil: extracting damped exponentials from a transient,Applied Mathematics — 218 projects in electrical engineering,D. Linear algebra,H,"Hua–Sarkar matrix pencil (Hankel matrices, SVD rank truncation, generalised eigenvalues), least-squares amplitudes, comparison with FFT peak picking",Simulated (numerical model in this repo).,Noise-free: worst frequency error: 0 Hz → 160.1 pHz (+160.1 pHz),projects/applied-math/D-linear-algebra/AM071-matrix-pencil-method
AM-072,"Resistor networks as graphs: Laplacian, effective resistance, Foster's theorem",Applied Mathematics — 218 projects in electrical engineering,D. Linear algebra,H,"Weighted graph Laplacian, Moore–Penrose pseudoinverse, effective-resistance matrix, Foster's theorem, algebraic connectivity; verification with the MNA simulator",Simulated (numerical model in this repo).,Cube: opposite corners: 833.3 mΩ → 833.3 mΩ (-0.00 %),projects/applied-math/D-linear-algebra/AM072-graph-laplacian-of-a-network
AM-073,"Two-port parameters: Z, Y and S matrices",Applied Mathematics — 218 projects in electrical engineering,D. Linear algebra,M,"Two-port extraction by AC simulation (test sources at each port), Z↔Y↔S conversions, reciprocity and losslessness checks",Simulated (numerical model in this repo).,π-network: Y from short-circuit tests = inverse of Z from open-circuit tests (worst relative): 0 → 3.6809e-11 (+3.6809e-11),projects/applied-math/D-linear-algebra/AM073-two-port-parameters
AM-074,Chaining filter stages with ABCD matrices,Applied Mathematics — 218 projects in electrical engineering,D. Linear algebra,M,"ABCD (transmission) matrices for series/shunt elements and transmission-line sections, cascade by matrix multiplication, comparison with full-circuit AC simulation",Simulated (numerical model in this repo).,"Cascade of ABCD matrices vs full-circuit simulation, max |ΔS21|: 0 → 7.7914e-16 (+7.7914e-16)",projects/applied-math/D-linear-algebra/AM074-cascade-abcd-matrices
AM-075,MIMO capacity from singular values,Applied Mathematics — 218 projects in electrical engineering,D. Linear algebra,H,"SVD of random Rayleigh channel matrices, parallel-channel decomposition, equal-power and water-filling capacity, Monte-Carlo ergodic capacity, high-SNR slope",Simulated (numerical model in this repo).,SVD precoding diagonalises H: max off-diagonal |UᴴHV|: 0 → 1.4457e-15 (+1.4457e-15),projects/applied-math/D-linear-algebra/AM075-mimo-channel-capacity
AM-076,Beamforming as matrix algebra: delay-and-sum vs MVDR,Applied Mathematics — 218 projects in electrical engineering,D. Linear algebra,H,"Uniform linear array steering vectors, sample covariance, delay-and-sum and minimum-variance distortionless-response (MVDR/Capon) weights, SINR and pattern measurements",Simulated (numerical model in this repo).,"Delay-and-sum, noise only: array gain = N: 9.031 dB → 9.031 dB (+0 dB)",projects/applied-math/D-linear-algebra/AM076-beamforming-as-matrix-algebra
AM-077,The algebra of OFDM: circulant channels and Kronecker products,Applied Mathematics — 218 projects in electrical engineering,D. Linear algebra,H,"Channel convolution matrices with and without cyclic prefix, DFT diagonalisation of circulant matrices, Kronecker-structured 2-D (time–frequency) transforms, one-tap equalisation",Simulated (numerical model in this repo).,Circulant channel: F H Fᴴ is diagonal (max off-diagonal / max diagonal): 0 → 2.4297e-16 (+2.4297e-16),projects/applied-math/D-linear-algebra/AM077-kronecker-structure-in-ofdm
AM-078,Condition numbers: when linear algebra lies,Applied Mathematics — 218 projects in electrical engineering,D. Linear algebra,M,"Hilbert and Vandermonde matrices, polynomial fitting in monomial vs Chebyshev bases, nodal matrices with extreme resistor ratios, forward error vs κ·ε_mach",Simulated (numerical model in this repo).,Hilbert systems: forward error ≤ κ·ε (fraction of sizes obeying the bound ×10): 1 → 1 (+0),projects/applied-math/D-linear-algebra/AM078-condition-number-study
AM-079,Krylov model-order reduction of a large RC network,Applied Mathematics — 218 projects in electrical engineering,D. Linear algebra,H,"Descriptor model G x + C ẋ = b u of a 2000-node RC interconnect, Arnoldi/PRIMA projection onto a Krylov subspace, moment matching, passivity (congruence) and error vs order",Simulated (numerical model in this repo).,q = 4: moments matched (one-sided Krylov: ≥ q): 4 → 4 (+0),projects/applied-math/D-linear-algebra/AM079-krylov-model-reduction
AM-080,"Johnson noise and kT/C, verified by stochastic simulation",Applied Mathematics — 218 projects in electrical engineering,E. Probability & stochastic processes,M,"Stochastic differential equation of an RC circuit driven by the resistor's thermal-noise current (Euler–Maruyama, exact discretisation), Welch PSD, ensemble statistics",Simulated (numerical model in this repo).,"R = 1e+03 Ω, C = 1 pF: rms noise = √(kT/C): 64.36 µV → 64.66 µV (+0.47 %)",projects/applied-math/E-probability-and-stochastic-processes/AM080-thermal-noise-verification
AM-081,Shot noise: Poisson electrons and the 2qI spectrum,Applied Mathematics — 218 projects in electrical engineering,E. Probability & stochastic processes,M,"Poisson point-process simulation of electron arrivals, counting statistics (Fano factor), current PSD via Welch, Schottky formula",Simulated (numerical model in this repo).,"I = 1e-12 A: PSD / 2qI (white, flat band): 1 → 0.9972 (-0.28 %)",projects/applied-math/E-probability-and-stochastic-processes/AM081-shot-noise-as-a-poisson-process
AM-082,"1/f flicker noise: synthesis, spectrum and Allan deviation",Applied Mathematics — 218 projects in electrical engineering,E. Probability & stochastic processes,H,"Two synthesis methods — FFT spectral shaping and a sum of Lorentzians (McWhorter model, log-uniform time constants) — spectral-slope fits, overlapping Allan deviation",Simulated (numerical model in this repo).,FFT-shaped noise: PSD slope (1/f → −1): -1 → -0.9991 (+8.8670e-04),projects/applied-math/E-probability-and-stochastic-processes/AM082-1f-flicker-noise
AM-083,Receiver noise figure: Friis formula and Monte-Carlo spread,Applied Mathematics — 218 projects in electrical engineering,E. Probability & stochastic processes,M,"Friis cascade formula, sample-level noise simulation of a three-stage receiver (LNA, mixer, IF amplifier), Monte-Carlo over component tolerances",Simulated (numerical model in this repo).,Friis cascade NF: 1.83 dB → 1.842 dB (+0.01246 dB),projects/applied-math/E-probability-and-stochastic-processes/AM083-noise-figure-monte-carlo
AM-084,Bit-error rate vs SNR: Monte Carlo against theory,Applied Mathematics — 218 projects in electrical engineering,E. Probability & stochastic processes,M,"Monte-Carlo simulation of BPSK, QPSK (Gray), 16-QAM (Gray) and non-coherent BFSK over AWGN, exact/union-bound BER formulas, confidence intervals",Simulated (numerical model in this repo).,BPSK: fraction of simulated points whose 95 % interval contains the formula: 1 → 0.9231 (-0.07692),projects/applied-math/E-probability-and-stochastic-processes/AM084-ber-vs-snr-simulation
AM-085,"The Q-function: derivation, bounds and rare-event estimation",Applied Mathematics — 218 projects in electrical engineering,E. Probability & stochastic processes,M,"Gaussian tail integral by quadrature, erfc identity, Chernoff and asymptotic bounds, Craig's finite-range formula, naive vs importance-sampling Monte Carlo for probabilities down to 10⁻¹²",Simulated (numerical model in this repo).,"Direct integral vs ½·erfc(x/√2) (worst relative, x = 0.5…7): 0 → 3.2245e-08 (+3.2245e-08)",projects/applied-math/E-probability-and-stochastic-processes/AM085-q-function-derivation
AM-086,Manufacturing yield from component tolerances,Applied Mathematics — 218 projects in electrical engineering,E. Probability & stochastic processes,M,"Monte-Carlo circuit simulation of a Sallen-Key low-pass with toleranced parts, first-order sensitivity analysis, Gaussian vs uniform tolerance models, yield vs specification",Simulated (numerical model in this repo).,Nominal −3 dB frequency: 1 kHz → 1.005 kHz (+0.49 %),projects/applied-math/E-probability-and-stochastic-processes/AM086-component-tolerance-yield-study
AM-087,"Reliability: exponential and Weibull failure models, MTBF",Applied Mathematics — 218 projects in electrical engineering,E. Probability & stochastic processes,M,"Constant-hazard and Weibull lifetime models, series/parallel system reliability, maximum-likelihood Weibull fitting of simulated failure data, Monte-Carlo MTBF",Simulated (numerical model in this repo).,Series of 50 parts (λ = 1e-6/h each): system MTBF = 1/(50λ): 2e+04 h → 1.999e+04 h (-0.05 %),projects/applied-math/E-probability-and-stochastic-processes/AM087-reliability-and-mtbf
AM-088,Bursty errors: a two-state Markov (Gilbert–Elliott) channel,Applied Mathematics — 218 projects in electrical engineering,E. Probability & stochastic processes,H,"Two-state Markov chain simulation, stationary distribution, burst-length statistics, block-error rates with and without interleaving, comparison with an i.i.d. channel of equal average BER",Simulated (numerical model in this repo).,Fraction of time in the bad state = p/(p+q): 0.01961 → 0.01945 (-0.81 %),projects/applied-math/E-probability-and-stochastic-processes/AM088-markov-chain-channel-model
AM-089,"Rayleigh and Rician fading: distributions, level crossings, fade durations",Applied Mathematics — 218 projects in electrical engineering,E. Probability & stochastic processes,H,"Sum-of-sinusoids (Jakes/Clarke) fading simulator, envelope histograms vs Rayleigh and Rice PDFs, Doppler spectrum, level-crossing rate and average fade duration vs closed forms",Simulated (numerical model in this repo).,Envelope PDF vs Rayleigh (max |difference|): 0 → 0.01593 (+0.01593),projects/applied-math/E-probability-and-stochastic-processes/AM089-rayleigh-and-rician-fading
AM-090,The central limit theorem in noise: why interference becomes Gaussian,Applied Mathematics — 218 projects in electrical engineering,E. Probability & stochastic processes,E,"Sums of N non-Gaussian interferers (uniform-phase sinusoids, impulsive Bernoulli–Gaussian, binary), excess kurtosis vs N, Kolmogorov–Smirnov distance and the Berry–Esseen rate",Simulated (numerical model in this repo).,random-phase sinusoid: excess kurtosis at N = 20 (= κ/N): -0.075 → -0.08405 (-0.009052),projects/applied-math/E-probability-and-stochastic-processes/AM090-central-limit-theorem-in-noise
AM-091,Maximum-likelihood detection when the noise depends on the symbol,Applied Mathematics — 218 projects in electrical engineering,E. Probability & stochastic processes,H,"Likelihood-ratio derivation for on-off keying with signal-dependent Gaussian noise (optical receiver), closed-form ML threshold (roots of a quadratic), BER vs threshold by Monte Carlo",Simulated (numerical model in this repo).,Threshold minimising the simulated BER vs ML threshold: 0.3421 → 0.34 (-0.002147),projects/applied-math/E-probability-and-stochastic-processes/AM091-maximum-likelihood-detection
AM-092,MAP vs ML: when prior knowledge helps,Applied Mathematics — 218 projects in electrical engineering,E. Probability & stochastic processes,H,"Gaussian conjugate estimation of a sensor offset, MSE formulas for ML and MAP estimators, Monte-Carlo over the prior, MAP detection with unequal priors",Simulated (numerical model in this repo).,N = 1: ML MSE = σ²/N: 1 → 0.9973 (-0.27 %),projects/applied-math/E-probability-and-stochastic-processes/AM092-map-estimation
AM-093,Recursive Bayesian filtering on a grid,Applied Mathematics — 218 projects in electrical engineering,E. Probability & stochastic processes,H,"Histogram (grid) Bayes filter: predict by convolving with the motion model, update by multiplying with the measurement likelihood; Gaussian case compared with the Kalman filter; non-Gaussian (bimodal) likelihood",Simulated (numerical model in this repo).,Linear-Gaussian case: grid posterior mean vs Kalman filter (max difference / σ): 0 → 7.8738e-08 (+7.8738e-08),projects/applied-math/E-probability-and-stochastic-processes/AM093-bayesian-filtering
AM-094,"The Kalman filter, derived and tested for consistency",Applied Mathematics — 218 projects in electrical engineering,E. Probability & stochastic processes,H,"Kalman filter as the linear minimum-variance estimator (own implementation), tracking an RC circuit's state and an unknown drifting input, NEES/NIS consistency tests, innovation whiteness, steady-state Riccati gain",Simulated (numerical model in this repo).,Average NEES inside the 95 % χ² band (fraction of steps after convergence): 0.95 → 0.9628 (+0.01278),projects/applied-math/E-probability-and-stochastic-processes/AM094-kalman-filter-derived
AM-095,Particle filter vs extended Kalman filter on a nonlinear benchmark,Applied Mathematics — 218 projects in electrical engineering,E. Probability & stochastic processes,H,"Bootstrap particle filter (sequential importance resampling, systematic resampling, effective sample size), extended Kalman filter, the univariate nonstationary growth model",Simulated (numerical model in this repo).,RMSE ratio EKF / PF(1000) (my guess ≥ 3): 3 × → 4.622 × (+1.622 ×),projects/applied-math/E-probability-and-stochastic-processes/AM095-particle-filter
AM-096,The Wiener filter: optimal linear filtering in the frequency domain,Applied Mathematics — 218 projects in electrical engineering,E. Probability & stochastic processes,H,"Non-causal Wiener filter H = S_x/(S_x + S_n), theoretical minimum MSE, estimated-spectrum Wiener filter, comparison with the best ideal low-pass",Simulated (numerical model in this repo).,Wiener filter: simulated MSE vs theoretical minimum ∫S_xS_n/(S_x+S_n): 0.146 → 0.1463 (+0.21 %),projects/applied-math/E-probability-and-stochastic-processes/AM096-wiener-filter
AM-097,"LMS adaptive filters: step size, stability and misadjustment",Applied Mathematics — 218 projects in electrical engineering,E. Probability & stochastic processes,H,"LMS system identification, eigenvalue spread of the input correlation matrix, convergence time constants, misadjustment formula M ≈ μ·tr(R)/2, stability bound",Simulated (numerical model in this repo).,white: misadjustment ≈ μ·tr(R)/(1 − μ·tr(R)): 0.05263 → 0.05196 (-1.27 %),projects/applied-math/E-probability-and-stochastic-processes/AM097-lms-convergence-analysis
AM-098,Random walks in integrators: noise that grows without bound,Applied Mathematics — 218 projects in electrical engineering,E. Probability & stochastic processes,M,"Ensemble simulation of ideal and leaky integrators driven by white noise, variance growth ∝ t, Ornstein–Uhlenbeck saturation at σ²τ/2, drift from input offset",Simulated (numerical model in this repo).,Ideal integrator: Var(v) / t (= σ² = 1): 1 → 1.038 (+3.80 %),projects/applied-math/E-probability-and-stochastic-processes/AM098-random-walk-in-circuits
AM-099,Queueing theory for packet buffers: M/M/1 and Little's law,Applied Mathematics — 218 projects in electrical engineering,E. Probability & stochastic processes,M,"Event-driven simulation of a single-server queue (Poisson arrivals, exponential service), M/M/1 formulas, Little's law, finite buffers and loss probability (M/M/1/K), a deterministic-service comparison (M/D/1)",Simulated (numerical model in this repo).,ρ = 0.3: mean time in system 1/(μ−λ): 1.429 → 1.431 (+0.14 %),projects/applied-math/E-probability-and-stochastic-processes/AM099-queueing-theory-basics
AM-100,Filter design as constrained optimisation,Applied Mathematics — 218 projects in electrical engineering,F. Optimisation,H,"Weighted least-squares FIR design written as normal equations (own), equality-constrained LS via KKT system, comparison with scipy.signal.firls, trade-off curve by weight sweep",Simulated (numerical model in this repo).,"Own weighted LS vs scipy.signal.firls (max |Δh|; firls integrates exactly, own uses a dense grid): 0 → 6.3358e-04 (+6.3358e-04)",projects/applied-math/F-optimisation/AM100-filter-design-as-optimisation
AM-101,"Broadband impedance matching by optimisation, against the Bode–Fano limit",Applied Mathematics — 218 projects in electrical engineering,F. Optimisation,H,"Ladder matching networks (1–4 elements) optimised for minimax reflection over a band (differential evolution + Nelder–Mead), ABCD evaluation, Bode–Fano integral bound",Simulated (numerical model in this repo).,Every optimised design respects Bode–Fano (worst |Γ| ≥ limit; 1 = yes): 1 → 1 (+0),projects/applied-math/F-optimisation/AM101-impedance-matching-optimisation
AM-102,Choosing real resistor values: discrete optimisation,Applied Mathematics — 218 projects in electrical engineering,F. Optimisation,M,"Exhaustive search over E-series values and two-resistor series/parallel composites, greedy rounding vs joint optimisation, error distributions",Simulated (numerical model in this repo).,E24 single value: worst error (my guess: half a ~10 % step ≈ 5 %): 5 % → 7.227 % (+2.23 pp),projects/applied-math/F-optimisation/AM102-e-series-component-selection
AM-103,Fitting a diode model: gradient descent vs Gauss–Newton,Applied Mathematics — 218 projects in electrical engineering,F. Optimisation,M,"Diode I–V data from the MNA simulator (Shockley diode with series resistance) plus measurement noise, own gradient descent with line search, own Gauss–Newton / Levenberg–Marquardt, convergence-rate comparison",Simulated (numerical model in this repo).,LM fit: saturation current I_s: 2.5 nA → 2.52 nA (+0.80 %),projects/applied-math/F-optimisation/AM103-gradient-descent-parameter-fitting
AM-104,Minimax FIR design as a linear program,Applied Mathematics — 218 projects in electrical engineering,F. Optimisation,H,"Chebyshev (minimax) FIR design posed as an LP (scipy linprog/HiGHS), comparison with Parks–McClellan, extra convex constraints (peak stopband limit, exact DC gain) that Remez cannot handle",Simulated (numerical model in this repo).,LP minimax vs Parks–McClellan: peak error (relative difference): 0.01033 → 0.01032 (-0.16 %),projects/applied-math/F-optimisation/AM104-convex-optimisation-for-fir
AM-105,Genetic algorithm design of a 3-element Yagi,Applied Mathematics — 218 projects in electrical engineering,F. Optimisation,H,"Own real-coded genetic algorithm (tournament selection, blend crossover, Gaussian mutation, elitism), method-of-moments antenna solver as the fitness evaluator, comparison with a textbook starting design and random search",Simulated (numerical model in this repo).,GA best: directivity (literature for 3 elements ≈ 7–8 dBi): 7.5 dBi → 8.454 dBi (+0.9545 dBi),projects/applied-math/F-optimisation/AM105-genetic-algorithm-antenna-design
AM-106,Simulated annealing for component placement,Applied Mathematics — 218 projects in electrical engineering,F. Optimisation,H,"Half-perimeter wirelength (HPWL) objective, random, greedy (steepest-descent swaps) and simulated-annealing placement on a grid, cooling-schedule study",Simulated (numerical model in this repo).,SA reduction vs random placement (mean over 5 netlists; my guess 30–50 %): 40 % → 63.76 % (+23.8 pp),projects/applied-math/F-optimisation/AM106-simulated-annealing-placement
AM-107,DC optimal power flow on a 5-bus network,Applied Mathematics — 218 projects in electrical engineering,F. Optimisation,H,"DC power-flow model (B-matrix, PTDFs), linear program for least-cost dispatch with line limits (HiGHS), locational marginal prices from dual variables, verification of KKT conditions and of prices by finite perturbation",Simulated (numerical model in this repo).,Line 1–2 limit binds in the constrained solution: 280 MW → 280 MW (+0.00 %),projects/applied-math/F-optimisation/AM107-optimal-power-flow
AM-108,Economic dispatch: equal incremental cost,Applied Mathematics — 218 projects in electrical engineering,F. Optimisation,M,"Quadratic generator cost curves, Lagrange-multiplier (equal-λ) solution with limits by bisection on λ, verification with a general constrained optimiser (SLSQP), marginal cost check",Simulated (numerical model in this repo).,λ-bisection vs SLSQP optimum cost (worst relative over demands): 0 → 4.1588e-11 (+4.1588e-11),projects/applied-math/F-optimisation/AM108-economic-dispatch
AM-109,MPPT as online optimisation: perturb-and-observe vs incremental conductance,Applied Mathematics — 218 projects in electrical engineering,F. Optimisation,M,"Single-diode photovoltaic model, perturb-and-observe hill climbing and incremental-conductance tracking, time-varying irradiance, tracking efficiency vs step size",Simulated (numerical model in this repo).,"Best tracking efficiency, P&O (my guess ≥ 99 %): 99 % → 99.95 % (+0.945 pp)",projects/applied-math/F-optimisation/AM109-mppt-as-hill-climbing
AM-110,Minimax polynomial approximation and why it is optimal,Applied Mathematics — 218 projects in electrical engineering,F. Optimisation,H,"Own Remez algorithm for polynomial minimax approximation (continuous interval), equioscillation check, comparison with Taylor, least-squares and Chebyshev interpolation, use case: a firmware exp/sin routine",Simulated (numerical model in this repo).,"eˣ, degree 5: minimax error (my estimate ≈ 4.5e-5): 4.5000e-05 → 4.5206e-05 (+0.46 %)",projects/applied-math/F-optimisation/AM110-minimax-approximation
AM-111,"Fitting a real battery discharge curve: models, residuals and uncertainty",Applied Mathematics — 218 projects in electrical engineering,F. Optimisation,M,"Linear and nonlinear least squares on real NASA Li-ion discharge data, polynomial vs physically motivated models, residual analysis (autocorrelation, runs), parameter covariance and cross-validation",Real: NASA Ames PCoE Battery Data Set (B0005).,Shepherd model extrapolates to the knee better than a degree-12 polynomial (error ratio poly12 / Shepherd > 1): 3 × → 12.71 × (+9.713 ×),projects/applied-math/F-optimisation/AM111-least-squares-curve-fitting
AM-112,Tikhonov regularisation: deblurring a sensor signal,Applied Mathematics — 218 projects in electrical engineering,F. Optimisation,H,"Ill-posed deconvolution (Gaussian blur Toeplitz matrix), SVD analysis, truncated SVD and Tikhonov (ridge) solutions, L-curve and generalised cross-validation, bias–variance decomposition by Monte Carlo",Simulated (numerical model in this repo).,Naive inversion: error norm / signal norm (≫ 1: noise amplified): 100 × → 2.0693e+15 × (+2.0693e+15 ×),projects/applied-math/F-optimisation/AM112-regularisation-on-noisy-data
AM-113,Linear programming: allocating parts to board builds,Applied Mathematics — 218 projects in electrical engineering,F. Optimisation,M,"Own dense tableau simplex method (Bland's rule), scipy linprog/HiGHS for verification, dual prices (shadow values of scarce parts), sensitivity ranging by re-solving",Simulated (numerical model in this repo).,Own simplex optimum profit vs HiGHS: 2.4e+04 $ → 2.4e+04 $ (-0.00 %),projects/applied-math/F-optimisation/AM113-linear-programming-allocation
AM-114,Multi-objective design: Pareto fronts for an anti-alias filter,Applied Mathematics — 218 projects in electrical engineering,F. Optimisation,H,"Enumerated design space (filter family × order × cutoff), Pareto-dominance filtering, weighted-sum vs ε-constraint scalarisation, detection of non-convex front regions",Simulated (numerical model in this repo).,ε-constraint sweep reaches every Pareto point (fraction): 1 → 1 (+0.00 %),projects/applied-math/F-optimisation/AM114-multi-objective-trade-study
AM-115,Newton–Raphson for a diode circuit (what SPICE does inside),Applied Mathematics — 218 projects in electrical engineering,G. Numerical methods,H,"Plain, damped and junction-limited Newton iterations for a resistor–diode circuit, exact solution via the Lambert W function, convergence-order measurement, basin-of-convergence map",Simulated (numerical model in this repo).,Newton from 0.6 V converges to the Lambert-W solution: 692.5 mV → 692.5 mV (-0.00 %),projects/applied-math/G-numerical-methods/AM115-newton-raphson-for-diode-circuits
AM-116,Trapezoidal vs backward Euler in circuit transients,Applied Mathematics — 218 projects in electrical engineering,G. Numerical methods,H,"Both integration rules applied to an LC tank and a stiff RC step (own implementation and the repository's MNA simulator), amplitude factors per step, numerical damping and trapezoidal 'ringing'",Simulated (numerical model in this repo).,"Trapezoidal: energy after 200 cycles (conserved, |R| = 1): 1 → 1 (+0.00 %)",projects/applied-math/G-numerical-methods/AM116-transient-integration-methods
AM-117,1-D FDTD: Maxwell's equations on a Yee grid,Applied Mathematics — 218 projects in electrical engineering,G. Numerical methods,M,"Yee staggered E/H grid, leapfrog time stepping, dielectric slab, simple Mur absorbing boundaries, reflection/transmission measurement, animation",Simulated (numerical model in this repo).,Reflection coefficient vacuum → ε_r = 4: (1 − n)/(1 + n): -0.3333 → -0.3338 (-0.14 %),projects/applied-math/G-numerical-methods/AM117-1d-fdtd
AM-118,2-D FDTD: diffraction through a slit,Applied Mathematics — 218 projects in electrical engineering,G. Numerical methods,H,"TMz Yee scheme (E_z, H_x, H_y), perfectly conducting screen with a slit, convolutional absorbing layer (graded-conductivity PML-like sponge), far-field angular pattern, single-slit diffraction formula",Simulated (numerical model in this repo).,First diffraction minimum angle: arcsin(λ/a) for a = 3λ: 19.47 ° → 19.5 ° (+0.02878 °),projects/applied-math/G-numerical-methods/AM118-2d-fdtd-scattering
AM-119,Finite elements from scratch: capacitance of a coaxial line,Applied Mathematics — 218 projects in electrical engineering,G. Numerical methods,H,"Own 2-D FEM with linear triangles (mesh generation, element stiffness matrices, sparse assembly, Dirichlet conditions), energy-based capacitance, convergence study; comparison with 2πε/ln(b/a)",Simulated (numerical model in this repo).,Finest mesh: FEM capacitance vs 2πε/ln(b/a): 44.41 pF/m → 44.41 pF/m (+0.01 %),projects/applied-math/G-numerical-methods/AM119-finite-element-basics
AM-120,Method of moments: charge on a conductor and current on a dipole,Applied Mathematics — 218 projects in electrical engineering,G. Numerical methods,H,"Own electrostatic MoM with pulse basis and point matching (sphere and square plate capacitance), convergence study; thin-wire antenna MoM (Galerkin, repository solver) for input impedance vs length",Simulated (numerical model in this repo).,Sphere a = 1 m: MoM capacitance (finest) vs 4πε₀a: 111.3 pF → 111.5 pF (+0.19 %),projects/applied-math/G-numerical-methods/AM120-method-of-moments
AM-121,Computing Fourier coefficients accurately,Applied Mathematics — 218 projects in electrical engineering,G. Numerical methods,M,"Trapezoidal (rectangle) rule, Simpson's rule and adaptive quadrature for Fourier integrals, spectral accuracy for smooth periodic integrands, aliasing of coefficients, error bounds",Simulated (numerical model in this repo).,Smooth periodic f = e^{cos t}: trapezoid error for c₁ with N = 16 (spectral: ≈ I₁₅(1) ≈ 1e-19 → machine ε): 0 → 1.1102e-16 (+1.1102e-16),projects/applied-math/G-numerical-methods/AM121-numerical-fourier-coefficients
AM-122,"Root finding for resonance: bisection, secant and Newton",Applied Mathematics — 218 projects in electrical engineering,G. Numerical methods,E,"Own bisection, secant, Newton and Brent-free comparison on the reactance of an LC network, convergence-order measurement from error sequences",Simulated (numerical model in this repo).,Upper series resonance: bisection root vs closed form (quadratic in ω²): 3.25 MHz → 3.25 MHz (+0.00 %),projects/applied-math/G-numerical-methods/AM122-root-finding-for-resonance
AM-123,Lookup tables: linear vs spline interpolation,Applied Mathematics — 218 projects in electrical engineering,G. Numerical methods,M,"Table-based evaluation of an NTC thermistor's temperature (β model) and of a sine, linear/cubic-spline/Chebyshev interpolation, error vs table size (O(h²) vs O(h⁴)), memory–accuracy trade-off for firmware",Simulated (numerical model in this repo).,"ln R table, linear interpolation: error ∝ n^slope (−2): -2 → -2.017 (-0.01691)",projects/applied-math/G-numerical-methods/AM123-interpolation-for-lookup-tables
AM-124,Fixed vs floating point in a DSP chain,Applied Mathematics — 218 projects in electrical engineering,G. Numerical methods,H,"Bit-true Q15 fixed-point FIR and biquad IIR (rounding, saturation), float32/float64 references, SQNR measurement, 6.02B + 1.76 dB rule, zero-input limit cycles",Simulated (numerical model in this repo).,8-bit quantisation of a −1 dBFS sine: SQNR ≈ 6.02B + 1.76 − 1 dB: 48.92 dB → 49.06 dB (+0.1368 dB),projects/applied-math/G-numerical-methods/AM124-fixed-vs-floating-point
AM-125,Quantisation noise through a filter cascade: ordering matters,Applied Mathematics — 218 projects in electrical engineering,G. Numerical methods,H,"Bit-true direct-form-I biquad cascade with the accumulator rounded to Q15 inside each recursion, L∞ scaling between sections for every ordering, noise-gain prediction from each rounding point to the output, all 24 orderings of four sections simulated in parallel",Simulated (numerical model in this repo).,"Predicted vs measured output noise, worst ratio over all 24 orderings: 1 → 1.055 (+5.50 %)",projects/applied-math/G-numerical-methods/AM125-quantisation-error-propagation
AM-126,Where round-off destroys a filter: direct form vs second-order sections,Applied Mathematics — 218 projects in electrical engineering,G. Numerical methods,M,"Polynomial root sensitivity, coefficient quantisation of an 8th-order narrow-band IIR in direct form vs cascaded biquads, pole displacement and response distortion",Simulated (numerical model in this repo).,"Direct form, 16-bit coefficients: largest pole radius ≥ 1 (unstable; 1 = yes): 1 → 1 (+0)",projects/applied-math/G-numerical-methods/AM126-conditioning-in-dsp
AM-127,Monte Carlo integration where quadrature fails,Applied Mathematics — 218 projects in electrical engineering,G. Numerical methods,M,"Tensor-product Gauss–Legendre quadrature vs plain Monte Carlo vs quasi-Monte Carlo (scrambled Sobol) for integrals in 1–20 dimensions, error scaling, a circuit-yield integral as application",Simulated (numerical model in this repo).,"d = 1: Monte Carlo RMS error ∝ N^slope (−½, independent of d): -0.5 → -0.5323 (-0.03226)",projects/applied-math/G-numerical-methods/AM127-monte-carlo-integration
AM-128,"Numerical differentiation: step size, round-off and noise",Applied Mathematics — 218 projects in electrical engineering,G. Numerical methods,M,"Forward/central differences, the truncation–round-off trade-off and optimal step, the complex-step derivative, Richardson extrapolation, group delay from noisy measured phase with smoothing",Simulated (numerical model in this repo).,"Central difference: log₁₀ of the optimal step, from (3ε_f/|φ‴|)^(1/3): -4.824 → -5.333 (-0.5096)",projects/applied-math/G-numerical-methods/AM128-numerical-differentiation
AM-129,Error-controlled adaptive time stepping (Dormand–Prince RK45),Applied Mathematics — 218 projects in electrical engineering,G. Numerical methods,H,"Own embedded Runge–Kutta 5(4) integrator with local error estimate and step-size controller, applied to a relaxation oscillator; comparison with fixed-step RK4 at equal accuracy; tolerance proportionality",Simulated (numerical model in this repo).,Tolerance proportionality: global error ∝ tol^slope (≈ 1): 1 → 1.221 (+0.2215),projects/applied-math/G-numerical-methods/AM129-adaptive-step-size
AM-130,Verifying solvers: observed order of accuracy and manufactured solutions,Applied Mathematics — 218 projects in electrical engineering,G. Numerical methods,H,"Method of manufactured solutions (MMS) for a 2-D Poisson solver and a heat-equation solver, grid refinement studies, observed order, Richardson extrapolation and the grid convergence index (GCI); deliberately injected bug detection",Simulated (numerical model in this repo).,Correct Poisson solver: observed order (5-point stencil → 2): 2 → 2 (+7.8071e-05),projects/applied-math/G-numerical-methods/AM130-convergence-analysis
AM-131,Stability regions of time-integration schemes,Applied Mathematics — 218 projects in electrical engineering,G. Numerical methods,H,"Stability functions R(z) of explicit Euler, Heun (RK2), classical RK4, backward Euler, trapezoidal and BDF2 (root condition), region plots, verification by running the test equation y' = λy on a grid of hλ values",Simulated (numerical model in this repo).,Agreement between |R(z)| ≤ 1 and 400-step simulations over all methods (excluding |R| ≈ 1 edge pixels): 1 → 0.9979 (-0.21 %),projects/applied-math/G-numerical-methods/AM131-stability-regions
AM-132,"Mini SPICE, full version: MNA + Newton + transient",Applied Mathematics — 218 projects in electrical engineering,G. Numerical methods,H,"Self-contained simulator (~120 lines): MNA stamps, Newton–Raphson with diode junction limiting and companion models, trapezoidal/backward-Euler capacitor companions, fixed-step transient; cross-checked against the repository's simulator and analytic ripple formulas",Simulated (numerical model in this repo).,Mini SPICE vs repository simulator: max |Δv_out| after start-up: 0 V → 90.54 pV (+90.54 pV),projects/applied-math/G-numerical-methods/AM132-mini-spice-full-version
AM-133,"Karnaugh-map solver: automatic grouping, verified",Applied Mathematics — 218 projects in electrical engineering,"H. Discrete math, finite fields & coding",M,"Prime-implicant generation and the K-map procedure (essential groups first, then largest groups) implemented as code, truth-table verification, comparison with an exact minimum cover, K-map rendering",Simulated (numerical model in this repo).,Covers that disagree with the truth table (4255 functions): 0 → 0 (+0),projects/applied-math/H-discrete-math-finite-fields-and-coding/AM133-karnaugh-map-solver
AM-134,Quine–McCluskey: exact two-level minimisation,Applied Mathematics — 218 projects in electrical engineering,"H. Discrete math, finite fields & coding",H,"Own Quine–McCluskey prime-implicant generation and exact minimum cover by branch and bound (eelab.boolmin), truth-table verification, known-answer functions (parity, majority, prime detector), Yosys for a multi-level comparison, scaling measurements",Simulated (numerical model in this repo).,Parity of 3 inputs: minimum product terms = 2^(n−1): 4 → 4 (+0),projects/applied-math/H-discrete-math-finite-fields-and-coding/AM134-quine-mccluskey-minimiser
AM-135,Boolean identity checker,Applied Mathematics — 218 projects in electrical engineering,"H. Discrete math, finite fields & coding",M,"Own recursive-descent parser for Boolean expressions (', +, ·, ^, parentheses, implicit AND), canonical truth-table signature, counterexample generation, random expression fuzzing against Python evaluation",Simulated (numerical model in this repo).,Textbook identities confirmed: 14 → 14 (+0),projects/applied-math/H-discrete-math-finite-fields-and-coding/AM135-boolean-identity-checker
AM-136,Binary decision diagrams: compressing truth tables,Applied Mathematics — 218 projects in electrical engineering,"H. Discrete math, finite fields & coding",H,"Own reduced ordered BDD package (unique table, memoised ITE/apply), node counts vs truth-table size, variable-ordering experiments on an n-bit comparator and adder, the hidden-weighted-bit and multiplier hard cases",Simulated (numerical model in this repo).,Canonicity: AB + A'C and AB + A'C + BC reduce to the identical node (1 = yes): 1 → 1 (+0),projects/applied-math/H-discrete-math-finite-fields-and-coding/AM136-binary-decision-diagrams
AM-137,"An ALU derived from Boolean algebra, gate by gate",Applied Mathematics — 218 projects in electrical engineering,"H. Discrete math, finite fields & coding",M,"Hand-derived Boolean equations turned into a purely structural Verilog netlist (2-input AND/OR/XOR and NOT only), exhaustive simulation in Icarus Verilog against a behavioural model, Yosys gate counts and logic depth versus the hand count",Simulated (numerical model in this repo).,Test vectors applied (7 operations × 2⁸ × 2⁸): 4.588e+05 → 4.588e+05 (+0),projects/applied-math/H-discrete-math-finite-fields-and-coding/AM137-alu-from-boolean-algebra
AM-138,Carry-lookahead derived: from ripple to parallel prefix,Applied Mathematics — 218 projects in electrical engineering,"H. Discrete math, finite fields & coding",M,"Own gate-level netlist builder (2-input gates with automatic level tracking, bit-parallel evaluation over 64-bit words), ripple, 4-bit-group lookahead and Kogge–Stone prefix adders, exhaustive/random functional verification, depth and gate counts against derived formulas",Simulated (numerical model in this repo).,Unrolled c₄ equation vs recurrence vs true carry (512 inputs × both definitions of p): 0 mismatches → 0 mismatches (+0 mismatches),projects/applied-math/H-discrete-math-finite-fields-and-coding/AM138-carry-lookahead-derivation
AM-139,FSM state minimisation by partition refinement,Applied Mathematics — 218 projects in electrical engineering,"H. Discrete math, finite fields & coding",H,"Own partition-refinement (Moore) minimiser, independent pair-marking (table-filling) implementation as a cross-check, machines inflated from known minimal machines, random-input equivalence testing, a worst-case machine for the number of refinement rounds",Simulated (numerical model in this repo).,"Inflated machines reduced to exactly the known minimal size (300 machines, mean inflation 2.8×): 0 failures → 0 failures (+0 failures)",projects/applied-math/H-discrete-math-finite-fields-and-coding/AM139-fsm-state-minimisation
AM-140,State encoding optimisation: every assignment of a 5-state FSM,Applied Mathematics — 218 projects in electrical engineering,"H. Discrete math, finite fields & coding",H,"Exhaustive enumeration of all 6720 three-bit state assignments, exact two-level minimisation of every next-state and output function (eelab.boolmin) with unused codes as don't-cares, one-hot encoding for comparison, simulation of the encoded logic against the behavioural FSM",Simulated (numerical model in this repo).,Assignments enumerated: 8!/3!: 6720 → 6720 (+0),projects/applied-math/H-discrete-math-finite-fields-and-coding/AM140-state-encoding-optimisation
AM-141,Gray codes: one bit at a time,Applied Mathematics — 218 projects in electrical engineering,"H. Discrete math, finite fields & coding",E,"Binary↔Gray conversion by XOR and prefix-XOR, reflected construction, exhaustive property checks up to 16 bits, Monte-Carlo model of sampling a counter whose bits switch with random skew (asynchronous FIFO pointer / rotary encoder)",Simulated (numerical model in this repo).,"Adjacent codes (incl. wrap-around) not differing in exactly one bit, n = 1…16: 0 → 0 (+0)",projects/applied-math/H-discrete-math-finite-fields-and-coding/AM141-gray-code-generator
AM-142,LFSRs and primitive polynomials,Applied Mathematics — 218 projects in electrical engineering,"H. Discrete math, finite fields & coding",M,"Polynomial arithmetic over GF(2) with Python integers, exhaustive primitivity testing of every polynomial of degree 2–16, direct period measurement of simulated LFSRs, Berlekamp–Massey linear complexity, m-sequence balance/run/autocorrelation checks, Fibonacci vs Galois forms",Simulated (numerical model in this repo).,Degrees 2–16 where the count of primitive polynomials ≠ φ(2ⁿ − 1)/n: 0 → 0 (+0),projects/applied-math/H-discrete-math-finite-fields-and-coding/AM142-lfsr-and-primitive-polynomials
AM-143,"A GF(2ᵐ) arithmetic library, verified against AES",Applied Mathematics — 218 projects in electrical engineering,"H. Discrete math, finite fields & coding",H,"Own polynomial-basis field class (carry-less multiply with reduction, inversion by extended Euclid and by Fermat), exhaustive field-axiom checks, cross-check against an independent log/antilog implementation, FIPS-197 known answers (AES multiplication examples and S-box)",Simulated (numerical model in this repo).,"GF(16): commutativity, associativity, distributivity violations (all triples): 0 → 0 (+0)",projects/applied-math/H-discrete-math-finite-fields-and-coding/AM143-gf2m-arithmetic-library
AM-144,CRC as polynomial division over GF(2),Applied Mathematics — 218 projects in electrical engineering,"H. Discrete math, finite fields & coding",M,"Own bit-serial long division and table-driven CRC engine with the standard parameter model (width, polynomial, init, reflect, xor-out), catalogue check values, zlib/binascii cross-checks, exhaustive and Monte-Carlo error-detection experiments",Simulated (numerical model in this repo).,"CRC-32 of ""123456789"": 3.4218e+09 → 3.4218e+09 (+0)",projects/applied-math/H-discrete-math-finite-fields-and-coding/AM144-crc-as-polynomial-division
AM-145,Hamming codes: perfect single-error correction,Applied Mathematics — 218 projects in electrical engineering,"H. Discrete math, finite fields & coding",M,"Parity-check and generator matrices over GF(2) built from the definition, exhaustive weight enumeration, syndrome decoding, extended (SECDED) code, Monte-Carlo binary-symmetric-channel simulation against exact block-error formulas",Simulated (numerical model in this repo).,"(7,4) sphere packing: 2ᵏ(1 + n) / 2ⁿ: 1 → 1 (+0.00 %)",projects/applied-math/H-discrete-math-finite-fields-and-coding/AM145-hamming-codes
AM-146,Reed–Solomon codes: polynomials that survive erasure,Applied Mathematics — 218 projects in electrical engineering,"H. Discrete math, finite fields & coding",H,"Reed–Solomon over GF(8) and GF(256) using the repository's field/codec (Berlekamp–Massey, Chien, Forney), exhaustive codeword enumeration, Lagrange interpolation over the field for erasure recovery, evaluation-view vs generator-view equivalence, burst-error experiments",Simulated (numerical model in this repo).,"RS(7,3): minimum distance = n − k + 1: 5 → 5 (+0)",projects/applied-math/H-discrete-math-finite-fields-and-coding/AM146-reed-solomon-codes
AM-147,BCH codes from cyclotomic cosets,Applied Mathematics — 218 projects in electrical engineering,"H. Discrete math, finite fields & coding",H,"Cyclotomic cosets and minimal polynomials over GF(2ᵐ), generator construction, own algebraic decoder (syndromes, Berlekamp–Massey, Chien search), exhaustive weight enumeration and error-pattern tests, published (n, k, t) tables",Simulated (numerical model in this repo).,"n = 15, t = 1: generator polynomial (as an integer) = 0x13: 19 → 19 (+0)",projects/applied-math/H-discrete-math-finite-fields-and-coding/AM147-bch-codes
AM-148,"Convolutional codes: state diagrams, trellises and distance spectra",Applied Mathematics — 218 projects in electrical engineering,"H. Discrete math, finite fields & coding",H,"Trellis enumeration of error events (distance spectrum) by dynamic programming over (state, weight), transfer-function closed form for the (7,5) code, catastrophic-code test via polynomial GCD, batch Viterbi simulation against the union bound",Simulated (numerical model in this repo).,"(7,5) K = 3: free distance: 5 → 5 (+0)",projects/applied-math/H-discrete-math-finite-fields-and-coding/AM148-convolutional-codes-and-trellises
AM-149,The Viterbi algorithm as dynamic programming,Applied Mathematics — 218 projects in electrical engineering,"H. Discrete math, finite fields & coding",H,"Batch Viterbi decoder (add–compare–select as a shortest-path recursion), brute-force maximum-likelihood search over all codewords, Dijkstra on the explicit trellis graph (networkx), hard- vs soft-decision simulation, finite traceback-depth experiment on the K = 7 code",Simulated (numerical model in this repo).,"Viterbi path metric vs exhaustive ML maximum over 1024 codewords (max difference, 400 blocks): 0 → 1.4211e-14 (+1.4211e-14)",projects/applied-math/H-discrete-math-finite-fields-and-coding/AM149-viterbi-as-dynamic-programming
AM-150,LDPC codes: decoding by passing messages on a bipartite graph,Applied Mathematics — 218 projects in electrical engineering,"H. Discrete math, finite fields & coding",H,"Random regular (3,6) Tanner-graph construction with 4-cycle removal, girth by breadth-first search (checked with networkx), GF(2) Gaussian elimination for an encoder, vectorised sum-product (belief-propagation) decoder, density evolution by population dynamics, Monte-Carlo BER",Simulated (numerical model in this repo).,Column weight / row weight of H (regular: 3 and 6; number of violations): 0 → 0 (+0),projects/applied-math/H-discrete-math-finite-fields-and-coding/AM150-ldpc-codes-and-bipartite-graphs
AM-151,"Huffman coding: the optimal prefix code, built greedily",Applied Mathematics — 218 projects in electrical engineering,"H. Discrete math, finite fields & coding",M,"Own heap-based Huffman construction, canonical code, bit-exact encoder/decoder, brute-force optimality check over all Kraft-tight length assignments, real English text (Project Gutenberg), comparison with Shannon code lengths, pair coding and zlib","Project Gutenberg eBook #11 (public domain), fetched on first run and cached.","Huffman worse than the best prefix code found by exhaustive search (300 random sources, 3–6 symbols): 0 → 0 (+0)",projects/applied-math/H-discrete-math-finite-fields-and-coding/AM151-huffman-coding
AM-152,"Routing as a graph problem: Lee, A*, and Steiner trees",Applied Mathematics — 218 projects in electrical engineering,"H. Discrete math, finite fields & coding",H,"Own Lee (breadth-first) and A* maze routers on an obstacle grid, networkx shortest paths as an independent reference, weighted-A* sub-optimality bound, exact rectilinear Steiner minimal trees via Hanan-grid enumeration vs minimum spanning trees, net-ordering experiment",Simulated (numerical model in this repo).,"Lee and A* path length vs networkx shortest path (200 mazes, 196 routable): mismatches: 0 → 0 (+0)",projects/applied-math/H-discrete-math-finite-fields-and-coding/AM152-routing-as-a-graph-problem
AM-153,PID control analysed with Laplace transforms,Applied Mathematics — 218 projects in electrical engineering,I. Control theory,M,"Closed-loop transfer functions by polynomial algebra, final-value theorem, analytic pole placement for a PID on a second-order plant, time-domain simulation (scipy.signal.lsim), set-point weighting (I-PD), disturbance rejection",Simulated (numerical model in this repo).,P control: steady-state error 1/(1 + K_p·G(0)): 0.1 → 0.1 (-0.00 %),projects/applied-math/I-control-theory/AM153-pid-control-with-laplace
AM-154,Routh–Hurwitz: stability without finding the roots,Applied Mathematics — 218 projects in electrical engineering,I. Control theory,M,"Own Routh array (exact rational arithmetic, with the ε rule for a zero pivot and the auxiliary-polynomial rule for a zero row), Hurwitz determinants, comparison with numerically computed roots on thousands of random polynomials, critical-gain prediction checked by simulation",Simulated (numerical model in this repo).,"Routh sign changes vs number of RHP roots from numpy.roots (5000 random polynomials, degree 2–8): mismatches: 0 → 0 (+0)",projects/applied-math/I-control-theory/AM154-routh-hurwitz-stability
AM-155,"Root-locus construction rules, checked against the computed locus",Applied Mathematics — 218 projects in electrical engineering,I. Control theory,M,"Numerical root locus (polynomial roots over a dense gain sweep), rule-based predictions (real-axis segments, asymptote angles and centroid, breakaway point from dK/ds = 0, jω-axis crossing from the Routh array, angle of departure), branch tracking",Simulated (numerical model in this repo).,"Real-axis rule: real closed-loop poles found outside (−1, 0) ∪ (−∞, −2): 0 → 0 (+0)",projects/applied-math/I-control-theory/AM155-root-locus-construction
AM-156,Gain and phase margins — and what they actually guarantee,Applied Mathematics — 218 projects in electrical engineering,I. Control theory,M,"Margins by root finding on the loop frequency response, closed-loop pole computation, time-domain simulation with a true transport delay, phase-margin/overshoot rule of thumb across a gain sweep",Simulated (numerical model in this repo).,Phase-crossover frequency √5: 2.236 rad/s → 2.236 rad/s (+0.00 %),projects/applied-math/I-control-theory/AM156-gain-and-phase-margins
AM-157,The Nyquist criterion: counting encirclements,Applied Mathematics — 218 projects in electrical engineering,I. Control theory,H,"Numerical winding number of 1 + L(jω) over the whole imaginary axis (tangent frequency mapping, phase unwrapping), comparison with closed-loop pole counts for 2000 random loops including open-loop-unstable ones, real-axis crossings for a conditionally stable loop",Simulated (numerical model in this repo).,Z = N + P from the encirclement count vs closed-loop RHP poles from the roots (2000 random loops): mismatches: 0 → 0 (+0),projects/applied-math/I-control-theory/AM157-nyquist-criterion
AM-158,Lead–lag compensator design in the frequency domain,Applied Mathematics — 218 projects in electrical engineering,I. Control theory,M,"Classical Bode-based design procedure coded step by step (static gain for K_v, lead for phase margin, lag for low-frequency gain), margins by root finding, closed-loop step and ramp simulations",Simulated (numerical model in this repo).,Uncompensated phase margin 180° − 90° − arctan ω_gc: 17.96 ° → 17.96 ° (+0 °),projects/applied-math/I-control-theory/AM158-lead-lag-compensator-design
AM-159,State-feedback pole placement with Ackermann's formula,Applied Mathematics — 218 projects in electrical engineering,I. Control theory,H,"Own Ackermann implementation (controllability matrix, matrix polynomial), comparison with scipy.signal.place_poles, controllability rank test, conditioning study versus system order, servo example with settling-time and control-effort predictions",Simulated (numerical model in this repo).,Ackermann: worst relative pole error over 200 random systems (n = 2…6): 0 → 5.0485e-07 (+5.0485e-07),projects/applied-math/I-control-theory/AM159-state-feedback-pole-placement
AM-160,LQR: optimal state feedback from the Riccati equation,Applied Mathematics — 218 projects in electrical engineering,I. Control theory,H,"Own algebraic-Riccati solver (stable invariant subspace of the Hamiltonian matrix), SciPy's solver as reference, closed-loop cost by Lyapunov equation and by time-domain integration, random gain perturbations, loop-gain robustness (Kalman inequality), Q/R trade-off curve",Simulated (numerical model in this repo).,Own Hamiltonian-eigenvector Riccati solution vs scipy (max relative difference): 0 → 7.8957e-16 (+7.8957e-16),projects/applied-math/I-control-theory/AM160-linear-quadratic-regulator
AM-161,Observer design and the separation principle,Applied Mathematics — 218 projects in electrical engineering,I. Control theory,H,"Discrete-time Luenberger observer by duality with pole placement, combined controller–observer eigenvalues, estimation-error decay fitted from simulation, steady-state error covariance from a discrete Lyapunov equation versus Monte-Carlo with sensor noise",Simulated (numerical model in this repo).,"Separation principle: eigenvalues of the observer-based loop vs eig(A−BK) ∪ eig(A−LC) (worst distance, 3 designs): 0 → 2.0128e-13 (+2.0128e-13)",projects/applied-math/I-control-theory/AM161-observer-design
AM-162,The Kalman filter as the optimal observer,Applied Mathematics — 218 projects in electrical engineering,I. Control theory,H,"Riccati recursion iterated to steady state (own) vs scipy's DARE, error covariance of an arbitrary observer gain from a discrete Lyapunov equation, gain-scaling sweep and random gain perturbations, Monte-Carlo simulation, innovation whiteness test",Simulated (numerical model in this repo).,Riccati recursion iterated to steady state vs scipy DARE (max relative difference): 0 → 1.0811e-14 (+1.0811e-14),projects/applied-math/I-control-theory/AM162-kalman-filter-as-optimal-observer
AM-163,"Inverted pendulum on a cart: linear design, nonlinear reality",Applied Mathematics — 218 projects in electrical engineering,I. Control theory,H,"Lagrangian cart–pole model integrated with RK45, linearisation and open-loop pole prediction, LQR balance controller, comparison of linear and nonlinear closed-loop responses, region-of-attraction search with actuator limits, energy-based swing-up with LQR catch",Simulated (numerical model in this repo).,Unstable pole of the linearisation √((M+m)g/(Ml)) vs eigenvalue of A: 6.766 1/s → 6.766 1/s (+0.00 %),projects/applied-math/I-control-theory/AM163-inverted-pendulum
AM-164,Lyapunov stability: proving convergence without solving the equations,Applied Mathematics — 218 projects in electrical engineering,I. Control theory,H,"Own Lyapunov-equation solver (Kronecker form) vs SciPy, positive-definiteness test against eigenvalues on random matrices, monotone decrease of V along simulated trajectories, region-of-attraction estimate for a nonlinear system from a quadratic Lyapunov function, brute-force simulation of the true region",Simulated (numerical model in this repo).,'P > 0' vs 'all eigenvalues in the left half-plane' on 2000 random matrices (848 stable): disagreements: 0 → 0 (+0),projects/applied-math/I-control-theory/AM164-lyapunov-stability
AM-165,Describing functions: predicting limit cycles in nonlinear loops,Applied Mathematics — 218 projects in electrical engineering,I. Control theory,H,"Describing functions of the ideal relay, relay with hysteresis and saturation; harmonic-balance solution G(jω)N(a) = −1; time-domain simulation with exact plant stepping; measured amplitude and frequency; harmonic content at the nonlinearity input",Simulated (numerical model in this repo).,Ideal relay: limit-cycle frequency √2: 1.414 rad/s → 1.38 rad/s (-2.40 %),projects/applied-math/I-control-theory/AM165-describing-functions
AM-166,"Discrete-time control: ZOH models, deadbeat response and controller emulation",Applied Mathematics — 218 projects in electrical engineering,I. Control theory,H,"Exact zero-order-hold discretisation (matrix exponential) checked against scipy.signal.cont2discrete, pole mapping z = e^{sT}, deadbeat state feedback by discrete Ackermann, inter-sample simulation of the continuous plant, forward-Euler / backward-Euler / Tustin emulation of a continuous compensator",Simulated (numerical model in this repo).,Own ZOH discretisation vs scipy.signal.cont2discrete (max difference): 0 → 0 (+0),projects/applied-math/I-control-theory/AM166-discrete-time-control
AM-167,How sampling erodes stability margins,Applied Mathematics — 218 projects in electrical engineering,I. Control theory,H,"Continuous lead design, exact discrete loop model (ZOH plant + Tustin controller), discrete-time phase margin from the pulse transfer function, critical sample period by spectral-radius bisection, with and without one sample of computation delay, step-response overshoot versus sample period",Simulated (numerical model in this repo).,T = 10 ms (ω_s/ω_gc = 154): discrete phase margin vs PM − ω_gc·T/2: 50.37 ° → 50.37 ° (+0.00175 °),projects/applied-math/I-control-theory/AM167-sampling-effects-on-stability
AM-168,Model predictive control: optimisation in the loop,Applied Mathematics — 218 projects in electrical engineering,I. Control theory,H,"Condensed MPC formulation (prediction matrices), own box-constrained QP solver (accelerated projected gradient), reference solution by bounded least squares (scipy.optimize.lsq_linear, exact active-set BVLS), LQR equivalence for the unconstrained case, closed-loop comparison with a saturated LQR",Simulated (numerical model in this repo).,"Unconstrained MPC (N = 20, Riccati terminal weight): first-move gain vs LQR gain (max difference): 0 → 1.0658e-14 (+1.0658e-14)",projects/applied-math/I-control-theory/AM168-model-predictive-control
AM-169,ECG R-peak detection as a statistical decision problem,Applied Mathematics — 218 projects in electrical engineering,J. Statistics & learning on real signals,M,"Own energy detector (band-pass, derivative, squaring, moving-window integration, threshold with refractory period), threshold sweep for the sensitivity/precision trade-off, binomial confidence intervals, comparison with the repository's adaptive Pan–Tompkins detector, noise stress test with recorded electrode-motion artefact","PhysioNet MIT-BIH Arrhythmia Database and MIT-BIH Noise Stress Test Database (Open Data Commons licence), fetched on first run.",Fixed-threshold detector at its best F1: sensitivity (published detectors: > 99 %): 99 % → 99.26 % (+0.259 pp),projects/applied-math/J-statistics-and-learning-on-real-signals/AM169-ecg-r-peak-detection-statistics
AM-170,Heart-rate variability: time-domain and spectral statistics,Applied Mathematics — 218 projects in electrical engineering,J. Statistics & learning on real signals,M,"RR-interval series from MIT-BIH annotations, ectopic-beat handling, SDNN/RMSSD/pNN50, exact identities between time-domain measures, Lomb–Scargle periodogram on the unevenly sampled series vs Welch on a 4 Hz resampled tachogram, Parseval check, Poincaré descriptors","PhysioNet MIT-BIH Arrhythmia Database, record 100.",Identity: RMSSD² = 2σ²(1 − ρ₁): 27.8 ms → 27.79 ms (-0.04 %),projects/applied-math/J-statistics-and-learning-on-real-signals/AM170-hrv-spectral-analysis
AM-171,Hypothesis testing on real EEG: is alpha stronger with eyes closed?,Applied Mathematics — 218 projects in electrical engineering,J. Statistics & learning on real signals,M,"Own paired t-test, exact Wilcoxon signed-rank distribution (dynamic programming), exact sign-flip permutation test (all 2²⁰ relabelings), Bonferroni and Benjamini–Hochberg corrections over 64 channels, permutation-based check of false-positive rates, effect size and power by subsampling","PhysioNet EEG Motor Movement/Imagery Dataset (Schalk et al. 2004), fetched on first run.",Own paired t statistic vs scipy.stats: 7.785 → 7.785 (+0.00 %),projects/applied-math/J-statistics-and-learning-on-real-signals/AM171-hypothesis-testing-on-eeg
AM-172,ROC analysis of an arrhythmia detector,Applied Mathematics — 218 projects in electrical engineering,J. Statistics & learning on real signals,M,"Logistic-regression score for premature ventricular beats (train on 10 patients, test on 10 others), ROC curve by threshold sweep, AUC as a Mann–Whitney statistic, Hanley–McNeil vs bootstrap vs patient-level bootstrap standard errors, Youden operating point, precision under changing prevalence",PhysioNet MIT-BIH Arrhythmia Database (15 min of 20 records).,AUC by the trapezoid rule vs Mann–Whitney U/(n₊n₋) from ranks: 0.9881 → 0.9881 (-0.00 %),projects/applied-math/J-statistics-and-learning-on-real-signals/AM172-roc-analysis
AM-173,EMG features: what they measure and how much they overlap,Applied Mathematics — 218 projects in electrical engineering,J. Statistics & learning on real signals,M,"Amplitude statistics of surface EMG (MAV/RMS ratio, kurtosis) against Gaussian and Laplacian models, estimator variance versus window length, correlation structure of the Hudgins feature set, Fisher separability, per-feature-family classification with LDA","UCI Machine Learning Repository, 'EMG data for gestures' (Lobov et al. 2018), fetched on first run.",MAV/RMS of active surface EMG: Gaussian model √(2/π): 0.7979 → 0.7746 (-2.92 %),projects/applied-math/J-statistics-and-learning-on-real-signals/AM173-emg-feature-statistics
AM-174,Linear discriminant analysis from scratch,Applied Mathematics — 218 projects in electrical engineering,J. Statistics & learning on real signals,M,"Own multi-class LDA (pooled covariance, shrinkage, priors), Bayes error for Gaussian classes in closed form, equivalence with least-squares regression for two classes, Fisher-criterion check against random directions, small-sample shrinkage study, real EMG gesture data",UCI 'EMG data for gestures' (Lobov et al. 2018).,"Synthetic Gaussians, Δ = 1: test error vs Bayes error Φ(−Δ/2): 30.85 % → 30.99 % (+0.46 %)",projects/applied-math/J-statistics-and-learning-on-real-signals/AM174-lda-from-scratch
AM-175,"Support vector machines: margins, duality and kernels",Applied Mathematics — 218 projects in electrical engineering,J. Statistics & learning on real signals,H,"Own linear soft-margin SVM by dual coordinate descent, primal/dual objective and duality gap, KKT and support-vector checks, geometric margin on separable data, own kernel SVM (simplified SMO) with an RBF kernel, comparison with LDA and logistic regression on real ECG beats",PhysioNet MIT-BIH Arrhythmia Database (beat features built by eelab.ml.ecg_beats).,Separable data: distance of the closest points to the boundary on both sides are equal (ratio): 1 → 1 (-0.00 %),projects/applied-math/J-statistics-and-learning-on-real-signals/AM175-support-vector-machine
AM-176,"Logistic regression: likelihood, Newton's method and calibration",Applied Mathematics — 218 projects in electrical engineering,J. Statistics & learning on real signals,M,"Own binary logistic regression (Newton/IRLS and plain gradient descent), analytic gradient checked by finite differences, comparison with a quasi-Newton optimiser (SciPy BFGS), convergence-rate measurement, odds-ratio interpretation, reliability diagram and Brier score within and across patients",PhysioNet MIT-BIH Arrhythmia Database (beat features built by eelab.ml.ecg_beats).,Analytic gradient vs central finite differences (worst relative error): 0 → 6.0291e-09 (+6.0291e-09),projects/applied-math/J-statistics-and-learning-on-real-signals/AM176-logistic-regression
AM-177,A neural network from scratch: backpropagation verified,Applied Mathematics — 218 projects in electrical engineering,J. Statistics & learning on real signals,H,"Own multilayer perceptron in NumPy (ReLU, softmax, cross-entropy, Adam), analytic gradients checked against finite differences, XOR as the minimal non-linear problem, human-activity recognition from smartphone IMU features, comparison with softmax regression, over-fitting study","UCI Human Activity Recognition Using Smartphones (Anguita et al. 2013), fetched on first run.",Backpropagation vs central finite differences: worst relative error over all 119 parameters: 0 → 1.0244e-08 (+1.0244e-08),projects/applied-math/J-statistics-and-learning-on-real-signals/AM177-neural-network-from-scratch
AM-178,"A convolutional network on spectrograms, written in NumPy",Applied Mathematics — 218 projects in electrical engineering,J. Statistics & learning on real signals,H,"Own CNN (3×3 convolutions via sliding windows and einsum, ReLU, 2×2 max-pooling, dense layers, Adam) with hand-derived backward pass, finite-difference gradient check, log-mel spectrograms of spoken digits, comparisons with a dense network and a nearest-centroid baseline, random-recording versus unseen-speaker evaluation","Free Spoken Digit Dataset (Jakobovski et al., CC BY-SA 4.0), fetched on first run.",CNN backward pass vs finite differences (sampled parameters of every layer): worst relative error: 0 → 1.4134e-09 (+1.4134e-09),projects/applied-math/J-statistics-and-learning-on-real-signals/AM178-cnn-on-spectrograms
AM-179,Cross-validation done wrong and done right,Applied Mathematics — 218 projects in electrical engineering,J. Statistics & learning on real signals,H,"k-fold, blocked and grouped cross-validation written from scratch, a 1-nearest-neighbour and an LDA classifier, leakage through overlapping windows and through shared subjects on real EMG, the 'feature selection outside the loop' trap on pure noise, nested cross-validation for a tuned hyper-parameter",UCI 'EMG data for gestures' (Lobov et al. 2018).,My expectation: 1-NN on randomly split overlapping windows looks near-perfect (> 98 %; 1 = yes): 1 → 0 (-1),projects/applied-math/J-statistics-and-learning-on-real-signals/AM179-cross-validation-methodology
AM-180,Confusion matrices and class imbalance,Applied Mathematics — 218 projects in electrical engineering,J. Statistics & learning on real signals,M,"Confusion-matrix metrics (accuracy, balanced accuracy, F1, Matthews correlation, Cohen's κ) coded from their definitions and cross-checked through identities, the accuracy paradox on 4 %-prevalence arrhythmia data, class weighting vs over-sampling vs threshold moving for logistic regression, micro/macro averaging on a 6-class problem",PhysioNet MIT-BIH Arrhythmia Database; UCI HAR.,Accuracy of a detector that never fires = 1 − prevalence: 96.04 % → 96.04 % (+0.00 %),projects/applied-math/J-statistics-and-learning-on-real-signals/AM180-confusion-matrices-and-class-imbalance
AM-181,Dimensionality reduction: PCA and t-SNE from scratch,Applied Mathematics — 218 projects in electrical engineering,J. Statistics & learning on real signals,H,"PCA by SVD and by eigen-decomposition of the covariance, reconstruction-error identity, k-NN accuracy versus retained dimensions, own exact t-SNE (perplexity calibration by bisection, early exaggeration, momentum gradient descent), neighbourhood-preservation and class-purity measures",UCI Human Activity Recognition Using Smartphones.,"PCA variances from the SVD vs eigenvalues of the covariance matrix (largest 50, worst relative difference): 0 → 4.0474e-15 (+4.0474e-15)",projects/applied-math/J-statistics-and-learning-on-real-signals/AM181-dimensionality-reduction-pca-and-tsne
AM-182,Clustering without labels: k-means and Gaussian mixtures,Applied Mathematics — 218 projects in electrical engineering,J. Statistics & learning on real signals,M,"Own k-means (k-means++ seeding) and Gaussian-mixture EM (diagonal covariances, log-domain), monotonicity checks of both objectives, adjusted Rand index and purity against held-back labels, elbow and BIC model selection, restarts and initialisation sensitivity",UCI Human Activity Recognition Using Smartphones.,"k-means inertia never increases from one iteration to the next (violations, k = 2…10, all restarts): 0 → 0 (+0)",projects/applied-math/J-statistics-and-learning-on-real-signals/AM182-clustering-real-signals
AM-183,Forecasting battery ageing: ARIMA and state-space models with honest intervals,Applied Mathematics — 218 projects in electrical engineering,J. Statistics & learning on real signals,H,"Own AR fitting (Yule–Walker and least squares), random walk with drift, ARIMA(p,1,0), local-linear-trend Kalman filter with maximum-likelihood noise variances, rolling-origin evaluation, prediction-interval coverage, Ljung–Box residual test, remaining-useful-life forecasts on four real cells","NASA Ames Prognostics Center of Excellence Li-ion Battery Aging Datasets (Saha & Goebel), fetched on first run.","Synthetic AR(2), φ₁ = 1.2: least-squares estimate: 1.2 → 1.2 (-0.02 %)",projects/applied-math/J-statistics-and-learning-on-real-signals/AM183-time-series-forecasting
AM-184,Anomaly detection without labels: abnormal heartbeats as outliers,Applied Mathematics — 218 projects in electrical engineering,J. Statistics & learning on real signals,H,"Mahalanobis distance from a per-patient model of 'usual' beats, robust (iteratively trimmed) mean and covariance against contamination, χ² calibration of the threshold, comparison of false-alarm rates with theory, PCA reconstruction error on beat waveforms, ROC evaluation against reference annotations",PhysioNet MIT-BIH Arrhythmia Database.,"Unsupervised detection (robust distance, no labels): mean within-patient AUC (supervised detector on unseen patients: 0.988): 0.988 → 0.9855 (-0.002539)",projects/applied-math/J-statistics-and-learning-on-real-signals/AM184-anomaly-detection
AM-185,Independent component analysis for removing eye blinks from EEG,Applied Mathematics — 218 projects in electrical engineering,J. Statistics & learning on real signals,H,"Own FastICA (PCA whitening, symmetric fixed-point iteration with tanh non-linearity), validation on synthetic mixtures with the Amari index, blink-component identification by frontal topography and kurtosis, reconstruction without the artefact, comparison with channel regression, preservation checks in the alpha band",PhysioNet EEG Motor Movement/Imagery Dataset (Schalk et al. 2004).,Synthetic mixtures: Amari index of W·A (0 = perfect separation; mean of 20 trials): 0 → 0.007507 (+0.007507),projects/applied-math/J-statistics-and-learning-on-real-signals/AM185-ica-artifact-removal
AM-186,Feature selection with mutual information,Applied Mathematics — 218 projects in electrical engineering,J. Statistics & learning on real signals,H,"Plug-in mutual-information estimator on quantile-binned features with Miller–Madow bias correction, validation on distributions with known MI and on shuffled labels, Fano and Hellman–Raviv bounds checked feature by feature, max-relevance vs minimum-redundancy (mRMR) selection, LDA accuracy versus number of features",UCI Human Activity Recognition Using Smartphones.,"Estimator check, binary symmetric channel ε = 0.1: I = 1 − H₂(ε): 0.531 bit → 0.5331 bit (+0.39 %)",projects/applied-math/J-statistics-and-learning-on-real-signals/AM186-information-theoretic-feature-selection
AM-187,Bootstrap confidence intervals — and when they fail,Applied Mathematics — 218 projects in electrical engineering,J. Statistics & learning on real signals,M,"Own percentile and BCa bootstrap, coverage experiments by simulation, Wilson binomial interval, cluster (patient-level) bootstrap versus beat-level bootstrap on real ECG detections, design-effect prediction from the intraclass correlation, the known failure for the sample maximum",PhysioNet MIT-BIH Arrhythmia Database.,Bootstrap SE of the mean vs s·√((n−1)/n)/√n: 0.4037 → 0.4039 (+0.06 %),projects/applied-math/J-statistics-and-learning-on-real-signals/AM187-bootstrap-confidence-intervals
AM-188,EMG cursor control: from classifier accuracy to task performance,Applied Mathematics — 218 projects in electrical engineering,J. Statistics & learning on real signals,H,"Per-user LDA on real EMG streamed window by window, Wolpaw information-transfer rate vs mutual information of the confusion matrix, random-walk (Wald) prediction of time-to-target, majority-vote smoothing vs the binomial independence prediction, lag-correlation of classifier errors, closed-loop cursor simulation",UCI 'EMG data for gestures' (Lobov et al. 2018).,Four direction gestures: Wolpaw ITR vs mutual information of the pooled confusion matrix (bits per decision): 1.633 bit → 1.539 bit (-5.78 %),projects/applied-math/J-statistics-and-learning-on-real-signals/AM188-simulated-emg-cursor-control
AM-189,A numerical field solver that obeys Gauss's law,Applied Mathematics — 218 projects in electrical engineering,"K. Fields, vector calculus & geometry",M,"Own finite-volume Poisson solver (sparse matrix, harmonic-mean permittivity at faces), discrete flux integrals over closed boxes, analytic field of a uniformly charged cylinder, dielectric interface conditions, grid-convergence study",Simulated (numerical model in this repo).,Flux of D out of 5 closed boxes vs enclosed charge (worst relative error): 0 → 1.1241e-14 (+1.1241e-14),projects/applied-math/K-fields-vector-calculus-and-geometry/AM189-numerical-field-solver-gauss-law
AM-190,"Laplace's equation by relaxation: Jacobi, Gauss–Seidel and SOR",Applied Mathematics — 218 projects in electrical engineering,"K. Fields, vector calculus & geometry",M,"Own Jacobi, Gauss–Seidel and successive over-relaxation (red–black ordering, vectorised), spectral-radius predictions of convergence rate, optimal over-relaxation factor, analytic Fourier-series solution, sparse direct solve as reference",Simulated (numerical model in this repo).,"N = 63, Jacobi: measured error-reduction factor per sweep = cos(πh): 0.9988 → 0.9988 (-0.00 %)",projects/applied-math/K-fields-vector-calculus-and-geometry/AM190-laplace-relaxation-methods
AM-191,Biot–Savart integration for coils,Applied Mathematics — 218 projects in electrical engineering,"K. Fields, vector calculus & geometry",M,"Numerical Biot–Savart integration over polygonal current paths (vectorised midpoint rule), closed-form checks (straight segment, loop on axis, loop off axis by complete elliptic integrals, finite solenoid), convergence order, Helmholtz-coil uniformity from the Taylor expansion",Simulated (numerical model in this repo).,Finite straight segment: μ₀I(sin α₂ − sin α₁)/(4πd): 9.94 µT → 9.94 µT (+0.00 %),projects/applied-math/K-fields-vector-calculus-and-geometry/AM191-biot-savart-integration
AM-192,"Vector-calculus visualiser (interactive, verified)",Applied Mathematics — 218 projects in electrical engineering,"K. Fields, vector calculus & geometry",M,"Browser tool (HTML + JavaScript, canvas): user-typed 2-D field, arrows coloured by divergence or curl, a draggable circle showing flux and circulation next to the area integrals of divergence and curl; the JavaScript engine is run under Node and checked against analytic derivatives and the theorems of Gauss and Stokes",Simulated (numerical model in this repo).,"Divergence of (x²y, sin x cos y) vs 2xy − sin x sin y (worst abs. error, 400 points): 0 → 1.6637e-09 (+1.6637e-09)",projects/applied-math/K-fields-vector-calculus-and-geometry/AM192-vector-calculus-visualiser
AM-193,How Maxwell's equations make a wave: a 2-D Yee simulation,Applied Mathematics — 218 projects in electrical engineering,"K. Fields, vector calculus & geometry",H,"Own 2-D FDTD (TM_z: E_z, H_x, H_y on a Yee grid, PEC walls), discrete divergence of B monitored during the run, wavefront timing along the axis and the diagonal, Yee numerical-dispersion relation solved for the predicted anisotropy, 1/√r cylindrical spreading, discrete energy bookkeeping",Simulated (numerical model in this repo).,Gauss's law for magnetism: max |∇·B|·Δ / max |H| over the whole run (zero up to round-off): 0 → 1.2729e-14 (+1.2729e-14),projects/applied-math/K-fields-vector-calculus-and-geometry/AM193-maxwell-equations-demo
AM-194,Where the power flows: the Poynting vector in a transmission line,Applied Mathematics — 218 projects in electrical engineering,"K. Fields, vector calculus & geometry",H,"Own 2-D Laplace solution of a square coaxial line, TEM fields (E from the potential, H = ẑ×E/η), current from Ampère's circulation, cross-section integral of E×H, capacitance from field energy, analytic circular coax, surface-impedance loss flux into the conductors",Simulated (numerical model in this repo).,∫(E×H)·ẑ dA over the cross-section = V·I (power is carried by the fields between the conductors): 16.51 mW → 16.26 mW (-1.51 %),projects/applied-math/K-fields-vector-calculus-and-geometry/AM194-poynting-vector-energy-flow
AM-195,Waveguide modes as a Helmholtz eigenvalue problem,Applied Mathematics — 218 projects in electrical engineering,"K. Fields, vector calculus & geometry",H,"Finite-difference Laplacian with Dirichlet (TM) and Neumann (TE) boundary conditions on cell-centred grids, sparse shift-invert eigen-solver, analytic rectangular cutoffs, Bessel-zero cutoffs of the circular guide, convergence orders for smooth and staircased boundaries, guide wavelength",Simulated (numerical model in this repo).,WR-90 TE10 cutoff (h = a/160): 6.557 GHz → 6.557 GHz (-0.00 %),projects/applied-math/K-fields-vector-calculus-and-geometry/AM195-waveguide-eigenmodes
AM-196,Antenna far fields by numerical radiation integrals,Applied Mathematics — 218 projects in electrical engineering,"K. Fields, vector calculus & geometry",H,"Radiation integral of a line current evaluated numerically (Gauss–Legendre), total radiated power by integration over the sphere, radiation resistance and directivity, short/half-wave/full-wave dipoles against closed forms, small loop via its equivalent magnetic dipole, comparison with the currents from the repository's MoM solver",Simulated (numerical model in this repo).,Hertzian dipole ℓ = 0.01λ: R_rad = 80π²(ℓ/λ)²: 78.96 mΩ → 78.9 mΩ (-0.08 %),projects/applied-math/K-fields-vector-calculus-and-geometry/AM196-antenna-radiation-integral
AM-197,"Antenna arrays: array factor, beam steering and pattern multiplication",Applied Mathematics — 218 projects in electrical engineering,"K. Fields, vector calculus & geometry",M,"Array-factor evaluation for linear arrays, closed-form beamwidth, sidelobe and grating-lobe predictions, Dolph–Chebyshev synthesis from Chebyshev polynomials, pattern multiplication with an element pattern, validation of pattern multiplication against a full moment-method model that includes mutual coupling",Simulated (numerical model in this repo).,"N = 8, d = λ/2 broadside: first null at arcsin(2/N) from broadside: 14.48 ° → 14.48 ° (+0.02 %)",projects/applied-math/K-fields-vector-calculus-and-geometry/AM197-array-factor-and-pattern-multiplication
AM-198,Conformal mapping for coplanar lines: exact answers from complex analysis,Applied Mathematics — 218 projects in electrical engineering,"K. Fields, vector calculus & geometry",H,"Schwarz–Christoffel mapping of the slotted plane onto a rectangle (complete elliptic integrals), closed-form capacitance and impedance of coplanar waveguide, the analytic slot field and its r^(−½) edge singularity, partial-capacitance substrate correction, finite-difference field solver with Richardson extrapolation as the independent check",Simulated (numerical model in this repo).,CPW in air: Z₀ = 30π·K(k′)/K(k) vs extrapolated finite-difference solution: 120.6 Ω → 120.3 Ω (-0.23 %),projects/applied-math/K-fields-vector-calculus-and-geometry/AM198-conformal-mapping-for-coplanar-lines
AM-199,Green's functions: solving field problems by superposition,Applied Mathematics — 218 projects in electrical engineering,"K. Fields, vector calculus & geometry",H,"1-D Green's function of −u″ = f and its exact agreement with the inverse of the finite-difference matrix, 2-D free-space Green's function −ln r/2π applied by FFT convolution, method of images for a charge above a ground plane, reciprocity in an inhomogeneous region",Simulated (numerical model in this repo).,"1-D: inverse of the finite-difference matrix = h·G(xᵢ, xⱼ) at the nodes (max difference): 0 → 2.2985e-17 (+2.2985e-17)",projects/applied-math/K-fields-vector-calculus-and-geometry/AM199-greens-functions
AM-200,Spherical harmonics: radiation patterns as sums of modes,Applied Mathematics — 218 projects in electrical engineering,"K. Fields, vector calculus & geometry",H,"Spherical harmonics Y_lm (SciPy), Gauss–Legendre × uniform quadrature on the sphere, orthonormality check, expansion of radiated-power patterns, directivity from the l = 0 coefficient, band-limit of an array pattern predicted from its size, rotation invariance of the per-degree power spectrum",Simulated (numerical model in this repo).,"Orthonormality ⟨Y_lm, Y_l′m′⟩ = δ (l ≤ 10; worst deviation): 0 → 1.2479e-13 (+1.2479e-13)",projects/applied-math/K-fields-vector-calculus-and-geometry/AM200-spherical-harmonics-in-radiation
AM-201,"Skin depth from Maxwell's equations, verified by solving the diffusion equation",Applied Mathematics — 218 projects in electrical engineering,"K. Fields, vector calculus & geometry",M,"Magneto-quasistatic reduction of Maxwell's equations to a diffusion equation, Crank–Nicolson time stepping in a copper half-space driven sinusoidally, fits of amplitude decay and phase lag, step response against the erfc similarity solution, exact AC resistance of a round wire from Bessel functions of complex argument",Simulated (numerical model in this repo).,1 kHz: decay length of the amplitude vs δ = √(2/ωμσ): 2.09 mm → 2.09 mm (-0.00 %),projects/applied-math/K-fields-vector-calculus-and-geometry/AM201-skin-depth-derivation
AM-202,Distributed vs lumped: exactly when the lumped model fails,Applied Mathematics — 218 projects in electrical engineering,"K. Fields, vector calculus & geometry",M,"Exact transmission-line input impedance, single- and multi-section LC ladder models (ABCD matrices), error versus electrical length, convergence of n-section ladders, the quarter-wave resonance versus the lumped LC resonance, the λ/10 rule of thumb quantified",Simulated (numerical model in this repo).,Error of one π section grows as (βℓ)³: log-log slope at small electrical length (I first expected 2): 3 → 2.986 (-0.01447),projects/applied-math/K-fields-vector-calculus-and-geometry/AM202-distributed-vs-lumped-models
AM-203,"Cylindrical and spherical coordinates: operators, Jacobians and a solved problem",Applied Mathematics — 218 projects in electrical engineering,"K. Fields, vector calculus & geometry",M,"Gradient, divergence, curl and Laplacian in cylindrical and spherical coordinates evaluated by finite differences in the curvilinear variables and compared with Cartesian results, rotation matrices between unit-vector bases, the Jacobian as volume element, separation of variables for a dielectric cylinder in a uniform field checked against a Cartesian finite-volume solve",Simulated (numerical model in this repo).,"Cylindrical Laplacian ∂ρρ + ∂ρ/ρ + ∂φφ/ρ² + ∂zz vs Cartesian (worst relative error, 300 points): 0 → 3.2885e-07 (+3.2885e-07)",projects/applied-math/K-fields-vector-calculus-and-geometry/AM203-coordinate-transformations
AM-204,"Entropy calculator (interactive, verified on real text)",Applied Mathematics — 218 projects in electrical engineering,L. Information theory,E,"Browser tool (HTML + JavaScript): entropy of typed probabilities, and for pasted text the block entropies H_k, conditional entropies H(Xₙ|previous k−1), Miller–Madow correction and Huffman code length; the JavaScript is verified under Node against independent Python computations on a full book",Project Gutenberg eBook #11 (public domain).,Entropy of 300 random distributions: JavaScript vs Python (max difference): 0 bit → 1.7764e-15 bit (+1.7764e-15 bit),projects/applied-math/L-information-theory/AM204-entropy-calculator
AM-205,Channel capacity: the Blahut–Arimoto algorithm,Applied Mathematics — 218 projects in electrical engineering,L. Information theory,H,"Own Blahut–Arimoto iteration with certified upper/lower bounds, closed-form capacities (BSC, BEC, Z-channel, symmetric channels), brute-force maximisation of the mutual information as an independent check, a channel estimated from simulated noisy 4-PAM with a hard-decision receiver",Simulated (numerical model in this repo).,BSC(ε = 0.01): capacity 1 − H₂(ε): 0.9192 bit → 0.9192 bit (+0.00 %),projects/applied-math/L-information-theory/AM205-channel-capacity
AM-206,Mutual information of continuous signals: estimators and a real ECG,Applied Mathematics — 218 projects in electrical engineering,L. Information theory,H,"Plug-in histogram estimator with bias correction, Kraskov–Stögbauer–Grassberger k-nearest-neighbour estimator (own, KD-tree), Gaussian closed form, nonlinear dependence invisible to correlation, time-delayed mutual information between two ECG leads and within one lead","PhysioNet MIT-BIH Arrhythmia Database, record 100.","KSG estimator vs Gaussian closed form −½log₂(1 − ρ²), worst absolute error for ρ = 0…0.95: 0 bit → 0.03807 bit (+0.03807 bit)",projects/applied-math/L-information-theory/AM206-mutual-information-estimation
AM-207,Rate–distortion theory against real quantisers,Applied Mathematics — 218 projects in electrical engineering,L. Information theory,H,"Gaussian and binary rate–distortion functions, Blahut's algorithm for R(D) of a discrete source, own Lloyd–Max quantiser, entropy-coded uniform quantiser, k-means vector quantiser, real speech samples",Free Spoken Digit Dataset (CC BY-SA 4.0).,"Lloyd–Max, 1 bit: SNR (optimal 2-level quantiser of a Gaussian: 1 − 2/π distortion → 4.40 dB): 4.396 dB → 4.396 dB (+0 dB)",projects/applied-math/L-information-theory/AM207-rate-distortion
AM-208,Arithmetic coding: reaching the entropy bit by bit,Applied Mathematics — 218 projects in electrical engineering,L. Information theory,H,"Own 32-bit integer arithmetic coder (interval renormalisation with pending-bit carry handling) and decoder, static and adaptive frequency models, order-0/1/2 context models on real text, comparison with ideal code length −Σlog₂p, Huffman and zlib",Project Gutenberg eBook #11 (public domain).,"Bernoulli(0.01), 10⁵ symbols: code length vs the model's ideal −Σlog₂p: 8258 bit → 8260 bit (+1.694 bit)",projects/applied-math/L-information-theory/AM208-arithmetic-coding
AM-209,LZ77: universal compression by pointing into the past,Applied Mathematics — 218 projects in electrical engineering,L. Information theory,M,"Own LZ77 encoder/decoder (hash-chain match search, sliding window, lengths/offsets/literals), fixed-width and entropy-estimated token costs, compression versus window size, universality demo on a Markov source of known entropy rate, comparison with zlib (LZ77 + Huffman)",Project Gutenberg eBook #11 (public domain).,Round trip of the whole book (bytes differing): 0 → 0 (+0),projects/applied-math/L-information-theory/AM209-lz77-compression
AM-210,AWGN capacity and what real constellations can achieve,Applied Mathematics — 218 projects in electrical engineering,L. Information theory,H,"Shannon capacity ½log₂(1 + SNR) per real dimension, Monte-Carlo mutual information of BPSK, 4-PAM, 8-PAM and 16-QAM inputs with Gaussian noise, the ultimate −1.59 dB limit in E_b/N₀, the 1.53 dB shaping gap at high SNR, required SNR for a target spectral efficiency",Simulated (numerical model in this repo).,Every constellation rate stays below the Shannon capacity (violations beyond Monte-Carlo noise): 0 → 0 (+0),projects/applied-math/L-information-theory/AM210-awgn-capacity
AM-211,Water-filling: optimal power allocation over parallel channels,Applied Mathematics — 218 projects in electrical engineering,L. Information theory,M,"Own water-filling by bisection on the water level, KKT verification, independent numerical optimisation (SLSQP), OFDM subcarriers of a multipath channel, comparison with equal power and with 'invert the channel', low- and high-SNR limits",Simulated (numerical model in this repo).,200 random channel sets: best capacity found by SLSQP minus water-filling (never positive): 0 bit → 3.9413e-14 bit (+3.9413e-14 bit),projects/applied-math/L-information-theory/AM211-water-filling
AM-212,MIMO capacity scaling: why more antennas mean more bits,Applied Mathematics — 218 projects in electrical engineering,L. Information theory,H,"Monte-Carlo ergodic capacity log₂det(I + (SNR/N_t)HHᴴ) of i.i.d. Rayleigh channels, high-SNR slope (multiplexing gain), large-system limit from the Marchenko–Pastur law, outage capacity and diversity, water-filling with channel knowledge, rank-deficient (keyhole-like) channels",Simulated (numerical model in this repo).,"2×2: bits gained per 3 dB at high SNR = min(N_t, N_r): 2 bit → 1.942 bit (-2.88 %)",projects/applied-math/L-information-theory/AM212-mimo-capacity-scaling
AM-213,Error exponents: how fast block error falls with code length,Applied Mathematics — 218 projects in electrical engineering,L. Information theory,H,"Gallager's random-coding exponent E_r(R) and the sphere-packing exponent for the BSC, exhaustive maximum-likelihood decoding of random linear codes of length 8–24, ensemble-average block-error rates, exponent estimated from the slope of log Pₑ versus n",Simulated (numerical model in this repo).,E_r at rate 0 equals E₀(1) (the cutoff rate R₀): 0.5765 bit → 0.5765 bit (+0.00 %),projects/applied-math/L-information-theory/AM213-error-exponents
AM-214,Compressed sensing: recovering sparse signals from few measurements,Applied Mathematics — 218 projects in electrical engineering,L. Information theory,H,"Own orthogonal matching pursuit and ISTA (ℓ₁-regularised least squares), Gaussian random measurement matrices, success-probability phase transition versus measurements and sparsity, comparison with the m ≈ 2k·ln(N/k) scaling, noise robustness, a multi-tone signal recovered from random time samples",Simulated (numerical model in this repo).,"50 % success point of OMP vs 2k·ln(N/k): ratio, median over k = 4…40: 1 → 0.7995 (-20.05 %)",projects/applied-math/L-information-theory/AM214-compressed-sensing
AM-215,"Nyquist and Shannon: sampling rate, signalling rate and capacity",Applied Mathematics — 218 projects in electrical engineering,L. Information theory,M,"Sinc interpolation of band-limited signals and its truncation error, aliasing measured on real speech with and without an anti-alias filter, raised-cosine pulses and the Nyquist ISI criterion, signalling faster than Nyquist, M-PAM throughput at the Nyquist rate versus Shannon capacity",Free Spoken Digit Dataset (CC BY-SA 4.0).,Sampling at 2.5B: sinc reconstruction error (only truncation of the series): 0 → 9.8206e-04 (+9.8206e-04),projects/applied-math/L-information-theory/AM215-nyquist-vs-shannon
AM-216,How close do real codes get to the Shannon limit?,Applied Mathematics — 218 projects in electrical engineering,L. Information theory,H,"Simulated bit-error curves of uncoded BPSK, the K = 7 convolutional code with soft Viterbi decoding, and the (3,6) LDPC code of AM-150 with belief propagation, all rate ≤ ½ on the AWGN channel; the Shannon limit for binary inputs from the constellation-constrained capacity; required E_b/N₀ at BER 10⁻⁵ and the resulting gaps",Simulated (numerical model in this repo).,Shannon limit for rate ½ with binary inputs (E_b/N₀): 0.187 dB → 0.1784 dB (-0.008593 dB),projects/applied-math/L-information-theory/AM216-gap-to-shannon-limit
AM-217,"The source coding theorem, demonstrated",Applied Mathematics — 218 projects in electrical engineering,L. Information theory,M,"Exact binomial computations in the log domain for i.i.d. binary sequences up to n = 5000, the typical set and its size, asymptotic equipartition checked by simulation, error of optimal fixed-length block codes above and below the entropy, the same phenomenon on real English text",Project Gutenberg eBook #11 (public domain).,AEP: std of −(1/n)log₂p(Xⁿ) at n = 1000 vs σ/√n: 0.0253 bit → 0.02536 bit (+0.26 %),projects/applied-math/L-information-theory/AM217-source-coding-theorem
AM-218,Kolmogorov complexity: compression as a (computable) upper bound,Applied Mathematics — 218 projects in electrical engineering,L. Information theory,H,"Real compressors (zlib, bz2, lzma) as upper bounds on description length, the counting argument for incompressible strings checked on random data, low-complexity strings that defeat compressors (digits of √2 generated by integer square roots, an LFSR sequence), normalised compression distance for clustering texts without any features",Project Gutenberg eBook #11; the repository's own source code.,Counting argument: random 1 kB strings that any of three compressors shortened (of 1000): 0 → 0 (+0),projects/applied-math/L-information-theory/AM218-kolmogorov-complexity
SL-001,RC low-pass filter,Signal Lab — 214 electrical-engineering projects,A. Analog circuit design & simulation,E,"eelab mini-SPICE (AC + transient), NumPy",Simulated (numerical model in this repo).,−3 dB cutoff frequency: 994.7 Hz → 964.7 Hz (-3.02 %),projects/signal-lab/A-analog-circuit-design/SL001-rc-lowpass-filter
SL-002,RC high-pass filter,Signal Lab — 214 electrical-engineering projects,A. Analog circuit design & simulation,E,eelab mini-SPICE (AC + transient),Simulated (numerical model in this repo).,−3 dB cutoff frequency: 994.7 Hz → 964.5 Hz (-3.03 %),projects/signal-lab/A-analog-circuit-design/SL002-rc-highpass-filter
SL-003,Sallen-Key active low-pass filter,Signal Lab — 214 electrical-engineering projects,A. Analog circuit design & simulation,M,eelab mini-SPICE with single-pole op-amp macromodel,Simulated (numerical model in this repo).,Q=0.5: gain at f₀: -6.021 dB → -6.02 dB (+1.3289e-04 dB),projects/signal-lab/A-analog-circuit-design/SL003-sallen-key-lowpass
SL-004,Multiple-feedback band-pass filter,Signal Lab — 214 electrical-engineering projects,A. Analog circuit design & simulation,M,"eelab mini-SPICE, E24 component rounding",Simulated (numerical model in this repo).,Centre frequency f₀: 1.015 kHz → 1.01 kHz (-0.51 %),projects/signal-lab/A-analog-circuit-design/SL004-mfb-bandpass
SL-005,Butterworth vs Chebyshev (4th order),Signal Lab — 214 electrical-engineering projects,A. Analog circuit design & simulation,M,SciPy analog prototypes + eelab mini-SPICE (cascaded Sallen-Key),Simulated (numerical model in this repo).,Butterworth: gain at passband edge 1 kHz: -3.011 dB → -3.369 dB (-0.3587 dB),projects/signal-lab/A-analog-circuit-design/SL005-butterworth-vs-chebyshev
SL-006,60 Hz twin-T notch filter,Signal Lab — 214 electrical-engineering projects,A. Analog circuit design & simulation,M,"eelab mini-SPICE, Monte Carlo over component tolerance",Simulated (numerical model in this repo).,Notch frequency: 60 Hz → 59.97 Hz (-0.05 %),projects/signal-lab/A-analog-circuit-design/SL006-twin-t-notch
SL-007,Common-emitter BJT amplifier,Signal Lab — 214 electrical-engineering projects,A. Analog circuit design & simulation,M,"eelab mini-SPICE (Ebers-Moll BJT), FFT-based THD",Simulated (numerical model in this repo).,Base voltage V_B: 2.105 V → 2.035 V (-3.35 %),projects/signal-lab/A-analog-circuit-design/SL007-common-emitter-amplifier
SL-008,BJT differential pair,Signal Lab — 214 electrical-engineering projects,A. Analog circuit design & simulation,M,"eelab mini-SPICE (DC sweep + AC), Monte Carlo mismatch",Simulated (numerical model in this repo).,Tail current I_EE: 1.135 mA → 1.131 mA (-0.37 %),projects/signal-lab/A-analog-circuit-design/SL008-differential-pair
SL-009,Op-amp gain lab,Signal Lab — 214 electrical-engineering projects,A. Analog circuit design & simulation,E,"eelab mini-SPICE (op-amp macromodel A₀ = 2×10⁵, GBW = 1 MHz)",Simulated (numerical model in this repo).,inverting A=-1: |gain|: 1 → 1 (-0.00 %),projects/signal-lab/A-analog-circuit-design/SL009-op-amp-gain-lab
SL-010,Three-op-amp instrumentation amplifier,Signal Lab — 214 electrical-engineering projects,A. Analog circuit design & simulation,M,"eelab mini-SPICE, Monte Carlo resistor tolerance",Simulated (numerical model in this repo).,Differential gain: 51 → 50.99 (-0.03 %),projects/signal-lab/A-analog-circuit-design/SL010-instrumentation-amplifier
SL-011,Wien bridge oscillator,Signal Lab — 214 electrical-engineering projects,A. Analog circuit design & simulation,M,eelab mini-SPICE transient (op-amp + diode amplitude limiter),Simulated (numerical model in this repo).,Oscillation frequency: 1 kHz → 991 Hz (-0.91 %),projects/signal-lab/A-analog-circuit-design/SL011-wien-bridge-oscillator
SL-012,Colpitts LC oscillator,Signal Lab — 214 electrical-engineering projects,A. Analog circuit design & simulation,M,eelab mini-SPICE transient (BJT common-base Colpitts),Simulated (numerical model in this repo).,L = 4.7 µH: frequency: 2.557 MHz → 2.553 MHz (-0.14 %),projects/signal-lab/A-analog-circuit-design/SL012-colpitts-oscillator
SL-013,555 timer astable multivibrator,Signal Lab — 214 electrical-engineering projects,A. Analog circuit design & simulation,E,Behavioural 555 model integrated numerically (NumPy),Simulated (numerical model in this repo).,R_A=1k R_B=10k C=10n: frequency: 6.871 kHz → 6.742 kHz (-1.89 %),projects/signal-lab/A-analog-circuit-design/SL013-555-timer-astable
SL-014,Schmitt trigger (comparator with hysteresis),Signal Lab — 214 electrical-engineering projects,A. Analog circuit design & simulation,E,"eelab mini-SPICE transient, noisy slow ramp input",Simulated (numerical model in this repo).,Upper threshold V_T+: 250 mV → 264.8 mV (+5.92 %),projects/signal-lab/A-analog-circuit-design/SL014-schmitt-trigger
SL-015,Rectifier and reservoir-capacitor ripple study,Signal Lab — 214 electrical-engineering projects,A. Analog circuit design & simulation,E,eelab mini-SPICE transient (1N4001-class diode model),Simulated (numerical model in this repo).,"half-wave, C = 470 µF: ripple (pk-pk): 5.647 V → 4.17 V (-26.16 %)",projects/signal-lab/A-analog-circuit-design/SL015-rectifier-ripple-study
SL-016,LM317-style linear regulator,Signal Lab — 214 electrical-engineering projects,A. Analog circuit design & simulation,M,eelab mini-SPICE (error amplifier + pass transistor + 1.25 V reference),Simulated (numerical model in this repo).,"Output voltage (12 V in, 100 mA): 5.036 V → 5.034 V (-0.05 %)",projects/signal-lab/A-analog-circuit-design/SL016-linear-voltage-regulator
SL-017,Zener shunt regulator,Signal Lab — 214 electrical-engineering projects,A. Analog circuit design & simulation,E,eelab mini-SPICE (diode with reverse breakdown),Simulated (numerical model in this repo).,Output voltage at no load: 5.1 V → 5.147 V (+0.93 %),projects/signal-lab/A-analog-circuit-design/SL017-zener-shunt-regulator
SL-018,Charge pump / voltage doubler,Signal Lab — 214 electrical-engineering projects,A. Analog circuit design & simulation,M,"eelab mini-SPICE transient (Schottky diodes, square-wave drive)",Simulated (numerical model in this repo).,V_out at R_L = 5000 Ω: 9.477 V → 9.473 V (-0.04 %),projects/signal-lab/A-analog-circuit-design/SL018-charge-pump-voltage-doubler
SL-019,Class-A vs Class-B vs Class-AB output stages,Signal Lab — 214 electrical-engineering projects,A. Analog circuit design & simulation,M,"eelab mini-SPICE transient, FFT THD, supply-power integration",Simulated (numerical model in this repo).,class A: efficiency at V̂ ≈ 12.7 V: 17.72 % → 18.29 % (+0.565 pp),projects/signal-lab/A-analog-circuit-design/SL019-class-a-vs-class-ab
SL-020,Class-D switching amplifier,Signal Lab — 214 electrical-engineering projects,A. Analog circuit design & simulation,H,eelab mini-SPICE (switch-level half bridge + LC filter),Simulated (numerical model in this repo).,1 kHz output amplitude: 11.78 V → 11.76 V (-0.24 %),projects/signal-lab/A-analog-circuit-design/SL020-class-d-amplifier
SL-021,BJT current mirrors (basic vs Wilson),Signal Lab — 214 electrical-engineering projects,A. Analog circuit design & simulation,M,eelab mini-SPICE DC sweeps (Ebers-Moll with Early effect),Simulated (numerical model in this repo).,"Basic: I_out/I_ref (β error, at V_CE = V_BE): 0.9938 → 0.9959 (+0.20 %)",projects/signal-lab/A-analog-circuit-design/SL021-current-mirror
SL-022,Envelope (AM peak) detector,Signal Lab — 214 electrical-engineering projects,A. Analog circuit design & simulation,E,"eelab mini-SPICE transient, FFT distortion measurement",Simulated (numerical model in this repo).,Best RC is within the no-clipping bound: 1 → 1 (+0),projects/signal-lab/A-analog-circuit-design/SL022-envelope-peak-detector
SL-023,Precision (super-diode) rectifier,Signal Lab — 214 electrical-engineering projects,A. Analog circuit design & simulation,M,eelab mini-SPICE transient (op-amp macromodel),Simulated (numerical model in this repo).,plain: mean output at 100 mV peak: 31.83 mV → 41.04 µV (-99.87 %),projects/signal-lab/A-analog-circuit-design/SL023-precision-rectifier
SL-024,Logarithmic and anti-log amplifiers,Signal Lab — 214 electrical-engineering projects,A. Analog circuit design & simulation,H,eelab mini-SPICE DC sweeps over 6 decades,Simulated (numerical model in this repo).,Log slope: -0.05954 V/dec → -0.05981 V/dec (-0.46 %),projects/signal-lab/A-analog-circuit-design/SL024-log-antilog-amplifier
SL-025,Four-quadrant analog multiplier (Gilbert cell),Signal Lab — 214 electrical-engineering projects,A. Analog circuit design & simulation,H,"eelab mini-SPICE (6-transistor Gilbert cell), DC sweeps + FFT of mixing products",Simulated (numerical model in this repo).,"ΔV_out at v₁ = 20 mV, v₂ = 30 mV: 380.1 mV → 380.1 mV (-0.00 %)",projects/signal-lab/A-analog-circuit-design/SL025-analog-multiplier-gilbert-cell
SL-026,Buck (step-down) converter,Signal Lab — 214 electrical-engineering projects,B. Power electronics,M,eelab mini-SPICE switch-level transient (MOSFET switch + Schottky diode),Simulated (numerical model in this repo).,D = 0.25: V_out (ideal D·V_in): 3 V → 2.752 V (-8.26 %),projects/signal-lab/B-power-electronics/SL026-buck-converter
SL-027,Boost converter: continuous vs discontinuous conduction,Signal Lab — 214 electrical-engineering projects,B. Power electronics,M,eelab mini-SPICE switch-level transient,Simulated (numerical model in this repo).,"R_L = 10 Ω (CCM, K = 0.440): V_out: 9.65 V → 9.541 V (-1.12 %)",projects/signal-lab/B-power-electronics/SL027-boost-converter
SL-028,Inverting buck-boost converter,Signal Lab — 214 electrical-engineering projects,B. Power electronics,M,eelab mini-SPICE switch-level transient,Simulated (numerical model in this repo).,D = 0.33: V_out: -5.91 V → -5.649 V (+4.43 %),projects/signal-lab/B-power-electronics/SL028-buck-boost-converter
SL-029,"Flyback converter (isolated, coupled inductor)",Signal Lab — 214 electrical-engineering projects,B. Power electronics,H,"eelab mini-SPICE with mutual inductance (K), RCD clamp",Simulated (numerical model in this repo).,Output voltage (ideal n·V_in·D/(1−D)): 4 V → 3.502 V (-12.44 %),projects/signal-lab/B-power-electronics/SL029-flyback-converter
SL-030,Full-bridge SPWM inverter,Signal Lab — 214 electrical-engineering projects,B. Power electronics,H,"eelab mini-SPICE (4 switches, LC filter), FFT THD",Simulated (numerical model in this repo).,Bridge fundamental amplitude (m·V_dc): 160 V → 158.5 V (-0.92 %),projects/signal-lab/B-power-electronics/SL030-full-bridge-inverter-spwm
SL-031,Boost power-factor-correction stage,Signal Lab — 214 electrical-engineering projects,B. Power electronics,H,eelab mini-SPICE with feedback controller (hysteretic current mode),Simulated (numerical model in this repo).,PFC power factor: 1 → 0.9968 (-0.32 %),projects/signal-lab/B-power-electronics/SL031-power-factor-correction
SL-032,MPPT solar tracker (perturb & observe),Signal Lab — 214 electrical-engineering projects,B. Power electronics,H,Single-diode PV model (NumPy/SciPy) + averaged boost-converter MPPT loop,Simulated (numerical model in this repo).,Steady-state tracking efficiency (1000 W/m²): 100 % → 99.98 % (-0.0122 pp),projects/signal-lab/B-power-electronics/SL032-mppt-solar-tracker
SL-033,CC-CV lithium-ion charger,Signal Lab — 214 electrical-engineering projects,B. Power electronics,M,Equivalent-circuit Li-ion cell (OCV(SOC) + R₀ + R₁C₁) integrated with SciPy,Simulated (numerical model in this repo).,1.0C: SOC at CC→CV transition: 85 % → 85 % (+3.87e-12 pp),projects/signal-lab/B-power-electronics/SL033-cc-cv-battery-charger
SL-034,Li-ion equivalent-circuit model fitted to NASA aging data,Signal Lab — 214 electrical-engineering projects,B. Power electronics,M,"SciPy least squares, NASA PCoE battery dataset (cell B0005)","Real: NASA Ames PCoE Battery Data Set (B0005), public domain — https://www.nasa.gov/intelligent-systems-division/discovery-and-systems-health/pcoe/pcoe-data-set-repository/",Load-step resistance ΔV/ΔI vs EIS (R_e + R_ct): 114.1 mΩ → 107.3 mΩ (-6.01 %),projects/signal-lab/B-power-electronics/SL034-li-ion-equivalent-model
SL-035,MOSFET loss & junction-temperature model,Signal Lab — 214 electrical-engineering projects,B. Power electronics,M,Loss equations + electro-thermal fixed point + Foster thermal network transient (NumPy),Simulated (numerical model in this repo).,T_j at 100 kHz: closed form vs Foster transient: 61.63 °C → 61.62 °C (-0.01 %),projects/signal-lab/B-power-electronics/SL035-mosfet-thermal-model
SL-036,Gate resistance vs switching loss and EMI,Signal Lab — 214 electrical-engineering projects,B. Power electronics,H,"eelab mini-SPICE (square-law MOSFET with C_gs and Miller C_gd, clamped inductive load)",Simulated (numerical model in this repo).,R_g = 2 Ω: drain dV/dt: 41.46 GV/s → 40.25 GV/s (-2.93 %),projects/signal-lab/B-power-electronics/SL036-gate-driver-switching-loss
SL-037,Three-phase vs single-phase bridge rectifier,Signal Lab — 214 electrical-engineering projects,B. Power electronics,M,"eelab mini-SPICE (6-diode bridge, RL load), FFT harmonic analysis",Simulated (numerical model in this repo).,6-pulse DC voltage: 540.2 V → 538.3 V (-0.35 %),projects/signal-lab/B-power-electronics/SL037-three-phase-rectifier
SL-038,Full adder from gates,Signal Lab — 214 electrical-engineering projects,C. Digital logic & HDL,E,"Verilog gate primitives, Icarus Verilog (exhaustive testbench), Yosys synthesis",Simulated (numerical model in this repo).,Truth-table errors (8 vectors): 0 → 0 (+0),projects/signal-lab/C-digital-logic-and-hdl/SL038-full-adder
SL-039,Ripple-carry adder and its propagation delay,Signal Lab — 214 electrical-engineering projects,C. Digital logic & HDL,E,"Gate-level Verilog (unit delays), Icarus Verilog, Yosys",Simulated (numerical model in this repo).,4-bit worst-case delay: 7 gate delays → 7 gate delays (+0 gate delays),projects/signal-lab/C-digital-logic-and-hdl/SL039-4bit-ripple-carry-adder
SL-040,Carry-lookahead adder: speed vs area,Signal Lab — 214 electrical-engineering projects,C. Digital logic & HDL,M,"Gate-level Verilog (unit delays), Icarus Verilog, Yosys area/depth",Simulated (numerical model in this repo).,4-bit CLA worst-case delay: 4 gate delays → 4 gate delays (+0 gate delays),projects/signal-lab/C-digital-logic-and-hdl/SL040-carry-lookahead-adder
SL-041,8-bit ALU with flags,Signal Lab — 214 electrical-engineering projects,C. Digital logic & HDL,M,"Verilog RTL, Icarus Verilog self-checking testbench, Yosys",Simulated (numerical model in this repo).,"Mismatches over 32,032 vectors (all ops): 0 → 0 (+0)",projects/signal-lab/C-digital-logic-and-hdl/SL041-8bit-alu
SL-042,Multi-port register file,Signal Lab — 214 electrical-engineering projects,C. Digital logic & HDL,M,"Verilog RTL (2 read / 1 write ports), Icarus Verilog, Yosys",Simulated (numerical model in this repo).,"Read mismatches in 20,000 random cycles: 0 → 0 (+0)",projects/signal-lab/C-digital-logic-and-hdl/SL042-register-file
SL-043,Traffic-light finite state machine,Signal Lab — 214 electrical-engineering projects,C. Digital logic & HDL,E,"Verilog Moore FSM, Icarus Verilog, VCD timing diagram",Simulated (numerical model in this repo).,Green phase duration (no request): 10 s → 10 s (+0 s),projects/signal-lab/C-digital-logic-and-hdl/SL043-traffic-light-fsm
SL-044,Vending machine FSM with change and error states,Signal Lab — 214 electrical-engineering projects,C. Digital logic & HDL,E,"Verilog Mealy/Moore FSM, Icarus Verilog, Python reference model",Simulated (numerical model in this repo).,Event mismatches hardware vs Python model: 0 → 0 (+0),projects/signal-lab/C-digital-logic-and-hdl/SL044-vending-machine-fsm
SL-045,UART transmitter (8N1),Signal Lab — 214 electrical-engineering projects,C. Digital logic & HDL,M,"Verilog RTL, Icarus Verilog, VCD decoding in Python",Simulated (numerical model in this repo).,Bit period: 8680 ns → 8680 ns (+0.00 %),projects/signal-lab/C-digital-logic-and-hdl/SL045-uart-transmitter
SL-046,UART receiver with 16× oversampling,Signal Lab — 214 electrical-engineering projects,C. Digital logic & HDL,M,"Verilog RTL, Icarus Verilog (baud-mismatch sweep), Python",Simulated (numerical model in this repo).,"Data-error-free limit, fast TX (|ε|): 0.0556 → 0.055 (-6.0000e-04)",projects/signal-lab/C-digital-logic-and-hdl/SL046-uart-receiver
SL-047,SPI master (mode 0),Signal Lab — 214 electrical-engineering projects,C. Digital logic & HDL,M,"Verilog RTL + behavioural SPI slave (loopback shift register), Icarus Verilog",Simulated (numerical model in this repo).,MISO bytes wrong (256 full-duplex transfers): 0 → 0 (+0),projects/signal-lab/C-digital-logic-and-hdl/SL047-spi-master
SL-048,I²C master with ACK handling,Signal Lab — 214 electrical-engineering projects,C. Digital logic & HDL,H,"Verilog RTL (open-drain bus with pull-ups), behavioural I²C slave, Icarus Verilog",Simulated (numerical model in this repo).,Read-back errors (4 registers): 0 → 0 (+0),projects/signal-lab/C-digital-logic-and-hdl/SL048-i2c-master
SL-049,Parameterised PWM generator,Signal Lab — 214 electrical-engineering projects,C. Digital logic & HDL,E,"Verilog RTL, Icarus Verilog, VCD duty-cycle measurement",Simulated (numerical model in this repo).,Duty at CMP = 1: 0.3906 % → 0.3906 % (+0 pp),projects/signal-lab/C-digital-logic-and-hdl/SL049-pwm-generator-hdl
SL-050,Switch debouncer in logic,Signal Lab — 214 electrical-engineering projects,C. Digital logic & HDL,E,"Verilog RTL (synchroniser + saturating counter), Icarus Verilog, stochastic bounce model",Simulated (numerical model in this repo).,Output edges for 40 presses/releases: 40 → 40 (+0),projects/signal-lab/C-digital-logic-and-hdl/SL050-switch-debouncer
SL-051,Multiplexed 7-segment display driver,Signal Lab — 214 electrical-engineering projects,C. Digital logic & HDL,E,"Verilog RTL (hex decoder + 4-digit time multiplexing), Icarus Verilog",Simulated (numerical model in this repo).,Decoder mismatches (16 hex digits): 0 → 0 (+0),projects/signal-lab/C-digital-logic-and-hdl/SL051-seven-segment-driver
SL-052,Binary-to-BCD (double-dabble) in hardware,Signal Lab — 214 electrical-engineering projects,C. Digital logic & HDL,M,"Verilog (combinational shift-add-3 network), Icarus Verilog exhaustive test, Yosys",Simulated (numerical model in this repo).,8-bit: conversion errors over all 256 inputs: 0 → 0 (+0),projects/signal-lab/C-digital-logic-and-hdl/SL052-binary-to-bcd-double-dabble
SL-053,LFSR pseudorandom generator and its statistics,Signal Lab — 214 electrical-engineering projects,C. Digital logic & HDL,M,"Verilog Fibonacci LFSRs, Icarus Verilog, NumPy statistics",Simulated (numerical model in this repo).,8-bit period: 255 → 255 (+0),projects/signal-lab/C-digital-logic-and-hdl/SL053-lfsr-pseudorandom-generator
SL-054,Asynchronous FIFO with Gray-code pointers,Signal Lab — 214 electrical-engineering projects,C. Digital logic & HDL,H,"Verilog RTL (dual-clock FIFO, 2-FF synchronisers), Icarus Verilog stress test",Simulated (numerical model in this repo).,"Ordering/data errors (5,000 words across domains): 0 → 0 (+0)",projects/signal-lab/C-digital-logic-and-hdl/SL054-async-fifo-cdc
SL-055,Single-cycle RISC-V (RV32I subset) CPU,Signal Lab — 214 electrical-engineering projects,C. Digital logic & HDL,H,"Verilog RTL, Python assembler + golden ISA simulator, Icarus Verilog",Simulated (numerical model in this repo).,sum_1_to_100: register mismatches vs ISS: 0 → 0 (+0),projects/signal-lab/C-digital-logic-and-hdl/SL055-single-cycle-risc-cpu
SL-056,5-stage pipelined RISC-V with forwarding and hazards,Signal Lab — 214 electrical-engineering projects,C. Digital logic & HDL,H,"Verilog RTL, Python ISS + hazard-counting cycle model, Icarus Verilog",Simulated (numerical model in this repo).,sum_1_to_100: architectural-state mismatches vs ISS: 0 → 0 (+0),projects/signal-lab/C-digital-logic-and-hdl/SL056-pipelined-cpu
SL-057,Clock divider and prescaler (including odd 50 % duty),Signal Lab — 214 electrical-engineering projects,C. Digital logic & HDL,E,"Verilog RTL, Icarus Verilog, VCD frequency/duty measurement",Simulated (numerical model in this repo).,÷2: output frequency: 50 MHz → 50 MHz (+0.00 %),projects/signal-lab/C-digital-logic-and-hdl/SL057-clock-divider
SL-058,Asynchronous SRAM controller,Signal Lab — 214 electrical-engineering projects,C. Digital logic & HDL,M,"Verilog controller FSM + timing-checking SRAM behavioural model, Icarus Verilog",Simulated (numerical model in this repo).,25 MHz: minimum wait states: 1 → 1 (+0),projects/signal-lab/C-digital-logic-and-hdl/SL058-sram-controller
SL-059,Verified testbench suite: assertions and coverage,Signal Lab — 214 electrical-engineering projects,C. Digital logic & HDL,M,"SystemVerilog-style testbench (immediate assertions, functional coverage bins), Icarus Verilog",Simulated (numerical model in this repo).,Assertion failures on correct ALU: 0 → 0 (+0),projects/signal-lab/C-digital-logic-and-hdl/SL059-verified-testbench-suite
SL-060,FFT from scratch (DFT → radix-2),Signal Lab — 214 electrical-engineering projects,D. Digital signal processing,M,"NumPy (reference), pure-Python/NumPy implementations, timing benchmark",Simulated (numerical model in this repo).,"Max relative error, iterative FFT (N = 4096): 1.2000e-14 → 7.2848e-16 (-1.1272e-14)",projects/signal-lab/D-digital-signal-processing/SL060-fft-from-scratch
SL-061,Window functions and spectral leakage,Signal Lab — 214 electrical-engineering projects,D. Digital signal processing,M,"NumPy/SciPy, zero-padded window spectra",Simulated (numerical model in this repo).,rectangular: highest sidelobe: -13.3 dB → -13.25 dB (+0.04568 dB),projects/signal-lab/D-digital-signal-processing/SL061-window-function-comparison
SL-062,FIR filter designer (windowed sinc / Kaiser),Signal Lab — 214 electrical-engineering projects,D. Digital signal processing,M,"NumPy windowed-sinc implementation, Kaiser's order formula, frequency-response measurement",Simulated (numerical model in this repo).,A = 40 dB: stopband attenuation: 40 dB → 39.87 dB (-0.1272 dB),projects/signal-lab/D-digital-signal-processing/SL062-fir-filter-designer
SL-063,"IIR filter designer: bilinear transform, poles and quantisation",Signal Lab — 214 electrical-engineering projects,D. Digital signal processing,M,"Own bilinear-transform implementation, SciPy analog prototypes, fixed-point coefficient study",Simulated (numerical model in this repo).,butter pre-warped: cutoff (−3 dB): 1 kHz → 1 kHz (-0.00 %),projects/signal-lab/D-digital-signal-processing/SL063-iir-filter-designer
SL-064,Convolution visualiser,Signal Lab — 214 electrical-engineering projects,D. Digital signal processing,E,"NumPy, Matplotlib frame sequence + animated GIF",Simulated (numerical model in this repo).,Output length: 17 → 17 (+0),projects/signal-lab/D-digital-signal-processing/SL064-convolution-visualiser
SL-065,Multi-band audio equaliser (peaking biquads),Signal Lab — 214 electrical-engineering projects,D. Digital signal processing,M,"RBJ Audio-EQ-Cookbook biquads (own implementation), SciPy lfilter, real speech recording",Real: public-domain speech recording 'En-us-hello.ogg' (Wikimedia Commons).,125 Hz band: gain at centre: -6 dB → -5.999 dB (+6.3742e-04 dB),projects/signal-lab/D-digital-signal-processing/SL065-audio-equaliser
SL-066,Spectral-subtraction noise removal,Signal Lab — 214 electrical-engineering projects,D. Digital signal processing,M,"STFT/ISTFT (SciPy), own spectral subtraction with over-subtraction and spectral floor","Real speech ('En-us-hello.ogg', Wikimedia Commons, public domain) + synthetic Gaussian noise of known level.",SNR gain at 0 dB input vs oracle ideal binary mask: 16.11 dB → 8.36 dB (-7.746 dB),projects/signal-lab/D-digital-signal-processing/SL066-audio-noise-removal
SL-067,Spectrogram tool and the time-frequency trade-off,Signal Lab — 214 electrical-engineering projects,D. Digital signal processing,E,"Own STFT implementation (checked against SciPy), real speech + real satellite audio","Real: public-domain speech (Wikimedia Commons) and SatNOGS observation 11229309 (CC-BY-SA, SatNOGS Network).",Own STFT vs scipy.signal.stft (max relative difference): 0 → 9.6198e-08 (+9.6198e-08),projects/signal-lab/D-digital-signal-processing/SL067-spectrogram-tool
SL-068,Pitch detection: autocorrelation vs cepstrum,Signal Lab — 214 electrical-engineering projects,D. Digital signal processing,M,"NumPy implementations of both estimators, synthetic ground-truth notes + real speech",Synthetic notes with exact ground truth; real public-domain speech for the pitch track.,"Autocorrelation accuracy, full harmonics (±50 cents): 100 % → 99 % (-1 pp)",projects/signal-lab/D-digital-signal-processing/SL068-pitch-detection
SL-069,Guitar tuner (cents-accurate note detection),Signal Lab — 214 electrical-engineering projects,D. Digital signal processing,M,"Karplus–Strong plucked-string synthesis (ground truth), FFT + parabolic interpolation, YIN-style ACF",Synthetic plucked-string notes (physical model) with exact ground-truth detuning.,String identified correctly (60 notes): 100 % → 100 % (+0 pp),projects/signal-lab/D-digital-signal-processing/SL069-guitar-tuner
SL-070,DTMF decoder with the Goertzel algorithm,Signal Lab — 214 electrical-engineering projects,D. Digital signal processing,M,"Own Goertzel filter bank, ITU-T Q.24 test conditions, Monte Carlo SNR sweep",Simulated (numerical model in this repo).,"Goertzel power vs |DFT bin|² (697 Hz, bin-centred check): 1.053e+04 → 1.053e+04 (+0.00 %)",projects/signal-lab/D-digital-signal-processing/SL070-dtmf-decoder
SL-071,Morse code (CW) decoder,Signal Lab — 214 electrical-engineering projects,D. Digital signal processing,M,"Envelope detection + adaptive timing classification (NumPy/SciPy), synthetic CW with keying jitter",Synthetic CW with known transmitted text (ground truth).,15 WPM: SNR where CER < 2 % (this decoder): -4.99 dB → -3 dB (+1.99 dB),projects/signal-lab/D-digital-signal-processing/SL071-morse-code-decoder
SL-072,Echo and Schroeder reverb from delay lines,Signal Lab — 214 electrical-engineering projects,D. Digital signal processing,E,"Own comb/all-pass delay-line network, impulse-response RT60 measurement (Schroeder integration)",Real public-domain speech for the audio demo; impulse responses computed exactly.,RT60 (design 0.8 s): 800 ms → 801.2 ms (+0.15 %),projects/signal-lab/D-digital-signal-processing/SL072-echo-and-reverb
SL-073,Sample-rate conversion 48 kHz → 44.1 kHz (polyphase),Signal Lab — 214 electrical-engineering projects,D. Digital signal processing,M,"Own polyphase resampler (L = 147, M = 160), Kaiser FIR prototype, SciPy for cross-check",Simulated (numerical model in this repo).,Passband gain at 1 kHz: 0 dB → -1.7694e-06 dB (-1.7694e-06 dB),projects/signal-lab/D-digital-signal-processing/SL073-resampling-rate-conversion
SL-074,Aliasing demonstrator (Nyquist in action),Signal Lab — 214 electrical-engineering projects,D. Digital signal processing,E,NumPy sampling + FFT peak finding,Simulated (numerical model in this repo).,Max |apparent − predicted| over 301 tones (away from 0 and f_s/2): 0 Hz → 82.51 µHz (+82.51 µHz),projects/signal-lab/D-digital-signal-processing/SL074-aliasing-demonstrator
SL-075,Quantisation noise and the 6 dB-per-bit rule,Signal Lab — 214 electrical-engineering projects,D. Digital signal processing,M,"NumPy uniform quantiser, SINAD measurement, noise-spectrum analysis",Simulated (numerical model in this repo).,4-bit SNR: 25.83 dB → 23.28 dB (-2.555 dB),projects/signal-lab/D-digital-signal-processing/SL075-quantisation-noise-study
SL-076,Dither: trading distortion for noise,Signal Lab — 214 electrical-engineering projects,D. Digital signal processing,M,"NumPy quantiser, RPDF/TPDF dither, harmonic analysis",Simulated (numerical model in this repo).,RPDF: total error power re Δ²/12: 3.01 dB → 2.776 dB (-0.2341 dB),projects/signal-lab/D-digital-signal-processing/SL076-dithering-demo
SL-077,Adaptive LMS noise canceller,Signal Lab — 214 electrical-engineering projects,D. Digital signal processing,H,"NumPy LMS implementation, eigenvalue-based convergence/misadjustment/stability predictions","Synthetic signals with a known path, so the optimum solution (e = s) is known exactly.",μ = 0.001: misadjustment (excess MSE / min MSE): 0.0159 → 0.01711 (+7.58 %),projects/signal-lab/D-digital-signal-processing/SL077-adaptive-lms-filter
SL-078,Kalman filter vs moving average,Signal Lab — 214 electrical-engineering projects,D. Digital signal processing,H,"NumPy Kalman filter, discrete algebraic Riccati equation (SciPy) for the prediction",Simulated (numerical model in this repo).,Kalman position RMSE (DARE prediction): 745.4 mm → 750.5 mm (+0.69 %),projects/signal-lab/D-digital-signal-processing/SL078-kalman-filter-tracking
SL-079,Wavelet multi-resolution analysis of a transient,Signal Lab — 214 electrical-engineering projects,D. Digital signal processing,H,"Own Haar and Daubechies-4 discrete wavelet transform (lifting-free filter-bank form), NumPy",Simulated (numerical model in this repo).,haar: perfect reconstruction error (max |Δ|): 0 → 1.7764e-15 (+1.7764e-15),projects/signal-lab/D-digital-signal-processing/SL079-wavelet-analysis
SL-080,Cross-correlation time-delay estimation (TDOA),Signal Lab — 214 electrical-engineering projects,D. Digital signal processing,M,"NumPy cross-correlation (plain and GCC-PHAT), parabolic interpolation, Cramér–Rao bound",Simulated (numerical model in this repo).,Delay RMSE at 10 dB SNR vs CRLB: 1.114 µs → 1.419 µs (+27.42 %),projects/signal-lab/D-digital-signal-processing/SL080-cross-correlation-tdoa
SL-081,Delay-and-sum beamforming with a uniform linear array,Signal Lab — 214 electrical-engineering projects,D. Digital signal processing,H,NumPy array-factor computation + time-domain simulation of plane waves,Simulated (numerical model in this repo).,Steer 0°: half-power beamwidth: 12.69 ° → 12.8 ° (+0.88 %),projects/signal-lab/D-digital-signal-processing/SL081-beamforming-simulation
SL-082,Compressive sensing: recovering sparse signals from few samples,Signal Lab — 214 electrical-engineering projects,D. Digital signal processing,H,"Orthogonal Matching Pursuit (own implementation), random Gaussian and random-subsampling measurements",Simulated (numerical model in this repo).,k = 4: M at 50 % recovery (2k·ln(N/k)): 33.27 measurements → 20.47 measurements (-38.47 %),projects/signal-lab/D-digital-signal-processing/SL082-compressive-sensing
SL-083,Browser audio spectrum analyser (Web Audio API),Signal Lab — 214 electrical-engineering projects,D. Digital signal processing,M,"HTML/JavaScript (Web Audio API, own radix-2 FFT in JS), Node.js test harness vs NumPy",Simulated (numerical model in this repo).,"JS FFT vs numpy.fft (max relative error, N = 2048): 0 → 1.2335e-14 (+1.2335e-14)",projects/signal-lab/D-digital-signal-processing/SL083-browser-audio-analyzer
SL-084,Goertzel vs FFT: when does a single bin win?,Signal Lab — 214 electrical-engineering projects,D. Digital signal processing,M,"Exact multiply counting of Goertzel and radix-2 FFT loops, crossover analysis",Simulated (numerical model in this repo).,N = 256: break-even tones (2·log₂N) vs counted multiplies: 16 tones → 15.81 tones (-1.16 %),projects/signal-lab/D-digital-signal-processing/SL084-goertzel-vs-fft-benchmark
SL-085,Decode a SatNOGS observation: pass geometry vs signal quality,Signal Lab — 214 electrical-engineering projects,"E. RF, radio & satellites (real signals)",H,"SatNOGS Network API + archive, SGP4 orbit propagation (TLE from the observation), SciPy DSP","Real: SatNOGS Network observation 11229309 (audio, CC-BY-SA 4.0) and its TLE.",Max elevation of the pass (SGP4 vs SatNOGS schedule): 89 ° → 89.21 ° (+0.2096 °),projects/signal-lab/E-rf-radio-and-satellites/SL085-decode-a-satnogs-observation
SL-086,NOAA APT weather-satellite image decoder,Signal Lab — 214 electrical-engineering projects,"E. RF, radio & satellites (real signals)",M,"SciPy (resampling, Hilbert AM demodulation), own sync-correlation line alignment, NumPy","Real: SatNOGS Network observation 11229309 (NOAA-18, 2025-03-14), CC-BY-SA 4.0.",Words per line (sync spacing): 2080 words → 2080 words (-0.01 %),projects/signal-lab/E-rf-radio-and-satellites/SL086-noaa-apt-image-decode
SL-087,"Meteor-M LRPT receive chain: QPSK, Viterbi, sync and derandomising",Signal Lab — 214 electrical-engineering projects,"E. RF, radio & satellites (real signals)",H,"NumPy/SciPy: RRC pulse shaping, Costas carrier loop, Gardner timing, soft Viterbi (k=7, r=½), CCSDS ASM search",Synthetic signal built to the CCSDS/Meteor-M LRPT specifications (real Meteor IQ recordings are not archived by SatNOGS).,PN sequence period (x⁸+x⁷+x⁵+x³+1): 255 bits → 255 bits (+0 bits),projects/signal-lab/E-rf-radio-and-satellites/SL087-meteor-lrpt-chain
SL-088,ADS-B aircraft messages decoded from raw IQ samples,Signal Lab — 214 electrical-engineering projects,"E. RF, radio & satellites (real signals)",H,"NumPy: magnitude detection, preamble correlation, PPM bit slicing, CRC-24, CPR/callsign decoding","Real: dump1090 test recording `testfiles/modes1.bin` (github.com/antirez/dump1090), 1090 MHz IQ.","CRC false accepts among 20,000 random 112-bit blocks: 0.001192 → 0 (-0.001192)",projects/signal-lab/E-rf-radio-and-satellites/SL088-adsb-decode-from-iq
SL-089,24-hour HF propagation on one path (WSPR network data),Signal Lab — 214 electrical-engineering projects,"E. RF, radio & satellites (real signals)",M,"wspr.live public ClickHouse API (WSPRnet spot database), NumPy/solar geometry",Real: WSPRnet spots via the public wspr.live database (CC0-style open data).,20 m: fraction of spots with the path midpoint sunlit: 0.8 → 0.6278 (-0.1722),projects/signal-lab/E-rf-radio-and-satellites/SL089-webSDR-propagation-study
SL-090,AM demodulation from complex baseband (IQ),Signal Lab — 214 electrical-engineering projects,"E. RF, radio & satellites (real signals)",M,"NumPy/SciPy: complex baseband model, envelope vs synchronous detection, SNR measurement",Real speech message (public domain) over a simulated radio channel.,Synchronous detector SNR at CNR 15 dB: 5.627 dB → 5.848 dB (+0.221 dB),projects/signal-lab/E-rf-radio-and-satellites/SL090-am-demodulation-from-iq
SL-091,FM demodulation from IQ (phase differentiator) and the FM threshold,Signal Lab — 214 electrical-engineering projects,"E. RF, radio & satellites (real signals)",M,"NumPy/SciPy complex-baseband FM modem, SNR vs CNR measurement",Simulated (numerical model in this repo).,β = 1: output SNR at CNR 20 dB: 18.24 dB → 18.74 dB (+0.5013 dB),projects/signal-lab/E-rf-radio-and-satellites/SL091-fm-demodulation-from-iq
SL-092,SSB modulation and demodulation with the Hilbert transform,Signal Lab — 214 electrical-engineering projects,"E. RF, radio & satellites (real signals)",H,"Own FIR Hilbert transformer (windowed), phasing-method modulator/demodulator, real speech","Real speech (public domain), simulated channel.",31-tap Hilbert: sideband suppression at 1 kHz (2/δ): 35.53 dB → 36.21 dB (+0.6792 dB),projects/signal-lab/E-rf-radio-and-satellites/SL092-ssb-demodulation
SL-093,"RTTY (45.45 Bd, 170 Hz FSK) decoder",Signal Lab — 214 electrical-engineering projects,"E. RF, radio & satellites (real signals)",M,"Non-coherent FSK filter-bank demodulator, Baudot (ITA2) decoding, Monte Carlo BER",Synthetic RTTY signal with known text.,Clean decode character errors: 0 → 0 (+0),projects/signal-lab/E-rf-radio-and-satellites/SL093-rtty-fsk-decoder
SL-094,Global WSPR spot statistics: distance by band,Signal Lab — 214 electrical-engineering projects,"E. RF, radio & satellites (real signals)",M,"wspr.live public database queries, NumPy statistics",Real: WSPRnet spots via wspr.live.,"20 m: steepest fall in spot density (single-hop limit, h = 300 km): 3836 km → 4125 km (+7.54 %)",projects/signal-lab/E-rf-radio-and-satellites/SL094-wspr-spot-analysis
SL-095,Ionosphere from propagation data: day/night and seasonal behaviour,Signal Lab — 214 electrical-engineering projects,"E. RF, radio & satellites (real signals)",H,"wspr.live database (WSPRnet spots), NumPy",Real: WSPRnet spots via wspr.live.,10 m: local hour of peak long-path activity (midday F2 maximum): 13 h → 15 h (+2 h),projects/signal-lab/E-rf-radio-and-satellites/SL095-ionosphere-study
SL-096,Satellite Doppler shift through a pass,Signal Lab — 214 electrical-engineering projects,"E. RF, radio & satellites (real signals)",M,"SGP4 with a live CelesTrak TLE, analytic circular-orbit Doppler model",Real: current ISS two-line elements from CelesTrak (propagated with SGP4).,Max Doppler shift at horizon: 10.5 kHz → 9.767 kHz (-6.95 %),projects/signal-lab/E-rf-radio-and-satellites/SL096-doppler-shift-calculator
SL-097,Satellite pass predictor: two-body + J2 vs SGP4,Signal Lab — 214 electrical-engineering projects,"E. RF, radio & satellites (real signals)",M,"Own Keplerian propagator with J2 secular drift, SGP4 (reference), live CelesTrak TLEs",Real: current CelesTrak TLEs.,NOAA 19: Kepler-only position error after 24 h (J2 secular drift × a): 759 km → 766.2 km (+0.95 %),projects/signal-lab/E-rf-radio-and-satellites/SL097-satellite-pass-predictor
SL-098,Link budget calculator (validated on a real NOAA pass),Signal Lab — 214 electrical-engineering projects,"E. RF, radio & satellites (real signals)",M,Python link-budget model + interactive HTML calculator; comparison with SatNOGS-measured SNR,Real: SatNOGS observation 11229309 (NOAA-18) for the measured SNR; published NOAA APT transmitter parameters.,"Free-space path loss at 1,500 km, 137.9 MHz: 138.8 dB → 138.8 dB (+0 dB)",projects/signal-lab/E-rf-radio-and-satellites/SL098-link-budget-calculator
SL-099,Wire-antenna simulator by the method of moments,Signal Lab — 214 electrical-engineering projects,"E. RF, radio & satellites (real signals)",H,"Own thin-wire method-of-moments solver (piecewise-sinusoidal Galerkin, closed-form near fields)",Simulated (numerical model in this repo).,λ/2 input resistance (a = λ/1000) vs induced-EMF 73.1 Ω: 73.1 Ω → 85.78 Ω (+17.35 %),projects/signal-lab/E-rf-radio-and-satellites/SL099-antenna-pattern-simulator
SL-100,"Dipole vs 3-element Yagi: gain, beamwidth and front-to-back",Signal Lab — 214 electrical-engineering projects,"E. RF, radio & satellites (real signals)",M,Method-of-moments solver from SL-099 (parasitic elements via mutual coupling),Simulated (numerical model in this repo).,Dipole directivity: 2.15 dBi → 2.126 dBi (-0.02387 dBi),projects/signal-lab/E-rf-radio-and-satellites/SL100-dipole-vs-yagi
SL-101,Interactive Smith chart,Signal Lab — 214 electrical-engineering projects,"E. RF, radio & satellites (real signals)",H,"HTML canvas + JavaScript (shared math module), Node test harness vs NumPy",Simulated (numerical model in this repo).,Γ: max |JS − NumPy| over 200 loads: 0 → 2.4825e-16 (+2.4825e-16),projects/signal-lab/E-rf-radio-and-satellites/SL101-interactive-smith-chart
SL-102,"Transmission-line reflections, standing waves and VSWR",Signal Lab — 214 electrical-engineering projects,"E. RF, radio & satellites (real signals)",M,"1-D FDTD solution of the telegrapher's equations (NumPy), bounce-diagram prediction",Simulated (numerical model in this repo).,150 Ω: settled source voltage: 857.1 mV → 857.1 mV (-53.98 µV),projects/signal-lab/E-rf-radio-and-satellites/SL102-transmission-line-reflections
SL-103,L-network impedance-matching designer,Signal Lab — 214 electrical-engineering projects,"E. RF, radio & satellites (real signals)",M,Analytic L-network solver + verification in the eelab mini-SPICE (AC analysis),Simulated (numerical model in this repo).,Solution 1: |Γ| at 100 MHz: 0 → 2.1316e-16 (+2.1316e-16),projects/signal-lab/E-rf-radio-and-satellites/SL103-matching-network-designer
SL-104,Noise-figure cascade (Friis) vs Monte Carlo,Signal Lab — 214 electrical-engineering projects,"E. RF, radio & satellites (real signals)",M,Friis formula + sample-level noise simulation of a 4-stage receiver chain (NumPy),Simulated (numerical model in this repo).,cable → LNA → mixer → IF: noise figure: 4.423 dB → 4.42 dB (-0.002924 dB),projects/signal-lab/E-rf-radio-and-satellites/SL104-noise-figure-cascade
SL-105,Spectrum occupancy survey of the WSPR sub-bands,Signal Lab — 214 electrical-engineering projects,"E. RF, radio & satellites (real signals)",M,"wspr.live database, NumPy statistics (occupancy histograms, hourly load)",Real: WSPRnet spots via wspr.live.,Fraction of transmissions within 6 Hz of another (uniform-spread Poisson): 0.9778 → 0.5988 (-0.379),projects/signal-lab/E-rf-radio-and-satellites/SL105-spectrum-occupancy-survey
SL-106,Pulse-compression radar: range resolution and processing gain,Signal Lab — 214 electrical-engineering projects,"E. RF, radio & satellites (real signals)",H,"NumPy/SciPy: linear-FM chirp, matched filter, windowing, CFAR detection",Simulated (numerical model in this repo).,Compressed −3 dB width (≈ 0.886/B): 17.72 ns → 18.12 ns (+2.29 %),projects/signal-lab/E-rf-radio-and-satellites/SL106-radar-range-simulation
SL-107,AM / FM / PM modulation visualiser,Signal Lab — 214 electrical-engineering projects,F. Communication systems,E,"HTML/JS interactive explainer + NumPy verification of spectra (Bessel sidebands, Carson's rule)",Simulated (numerical model in this repo).,β = 0.5: max |sideband − |J_n(β)||: 0 → 1.6586e-13 (+1.6586e-13),projects/signal-lab/F-communication-systems/SL107-modulation-visualiser
SL-108,BPSK bit-error rate vs SNR,Signal Lab — 214 electrical-engineering projects,F. Communication systems,M,"Monte Carlo simulation (NumPy), Q-function theory",Simulated (numerical model in this repo).,BER at Eb/N0 = 4 dB: 0.0125 → 0.01248 (-0.15 %),projects/signal-lab/F-communication-systems/SL108-bpsk-ber-curve
SL-109,"QPSK: twice the bits, same BER",Signal Lab — 214 electrical-engineering projects,F. Communication systems,M,"Monte Carlo (NumPy), Gray-mapped QPSK, constellation and SER theory",Simulated (numerical model in this repo).,QPSK BER at 4 dB (= BPSK): 0.0125 → 0.01243 (-0.60 %),projects/signal-lab/F-communication-systems/SL109-qpsk-system
SL-110,"16-QAM: constellation, EVM and symbol errors",Signal Lab — 214 electrical-engineering projects,F. Communication systems,M,"Monte Carlo (NumPy), square-QAM SER theory, EVM measurement",Simulated (numerical model in this repo).,SER at Es/N0 = 14 dB: 0.03715 → 0.03692 (-0.62 %),projects/signal-lab/F-communication-systems/SL110-16qam-constellation
SL-111,OFDM with cyclic prefix over a multipath channel,Signal Lab — 214 electrical-engineering projects,F. Communication systems,H,"NumPy OFDM modem (64 subcarriers, IFFT/FFT, cyclic prefix, one-tap equaliser), Monte Carlo",Simulated (numerical model in this repo).,BER with CP at 8 dB (per-subcarrier Q-average): 0.0376 → 0.03787 (+0.72 %),projects/signal-lab/F-communication-systems/SL111-ofdm-simulation
SL-112,"Eye diagrams, ISI and raised-cosine pulses",Signal Lab — 214 electrical-engineering projects,F. Communication systems,M,"NumPy pulse shaping, band-limited channel, eye-opening measurement",Simulated (numerical model in this repo).,Rectangular + RC channel f_c·T = 0.3: vertical eye opening: 0.6963 → 0.6963 (+1.4766e-10),projects/signal-lab/F-communication-systems/SL112-eye-diagram-generator
SL-113,"Hamming (7,4) code: encode, corrupt, correct",Signal Lab — 214 electrical-engineering projects,F. Communication systems,M,"NumPy matrix encoder/syndrome decoder over GF(2), Monte Carlo on a binary symmetric channel",Simulated (numerical model in this repo).,G·Hᵀ = 0 (valid code): 0 → 0 (+0),projects/signal-lab/F-communication-systems/SL113-hamming-code
SL-114,"Reed–Solomon RS(255,223): the satellite / CD code",Signal Lab — 214 electrical-engineering projects,F. Communication systems,H,"Own GF(2⁸) arithmetic and RS codec (Berlekamp–Massey, Chien search, Forney), Monte Carlo",Simulated (numerical model in this repo).,Largest error count always corrected (t = (n−k)/2): 16 symbols → 16 symbols (+0 symbols),projects/signal-lab/F-communication-systems/SL114-reed-solomon-codes
SL-115,Convolutional code + Viterbi decoder: hard vs soft decisions,Signal Lab — 214 electrical-engineering projects,F. Communication systems,H,"k = 7, r = ½ encoder and Viterbi decoder (eelab.comms), Monte Carlo over AWGN",Simulated (numerical model in this repo).,Soft Viterbi BER at 3 dB vs union bound: 3.3571e-04 → 6.6667e-05 (-2.6904e-04),projects/signal-lab/F-communication-systems/SL115-convolutional-viterbi
SL-116,CRC-32: what it catches and what it misses,Signal Lab — 214 electrical-engineering projects,F. Communication systems,M,"Own bitwise/table CRC-32 (IEEE 802.3), zlib cross-check, exhaustive and random error injection",Simulated (numerical model in this repo).,Bitwise CRC-32 = zlib.crc32: 3.4251e+08 → 3.4251e+08 (+0),projects/signal-lab/F-communication-systems/SL116-crc-checker
SL-117,"AWGN, Rayleigh and Rician fading channels",Signal Lab — 214 electrical-engineering projects,F. Communication systems,M,"Monte Carlo BPSK (NumPy), closed-form fading BER, Jakes Doppler spectrum",Simulated (numerical model in this repo).,Rayleigh BER at 12 dB: 0.01506 → 0.01509 (+0.17 %),projects/signal-lab/F-communication-systems/SL117-channel-models
SL-118,Spread spectrum and CDMA with Walsh and Gold-like codes,Signal Lab — 214 electrical-engineering projects,F. Communication systems,H,"NumPy DS-CDMA simulator, Walsh–Hadamard and random spreading codes, Gaussian-approximation theory",Simulated (numerical model in this repo).,Walsh codes: BER pooled over all K (should equal single-user BER): 1.9091e-04 → 1.7857e-04 (-6.46 %),projects/signal-lab/F-communication-systems/SL118-spread-spectrum-cdma
SL-119,Frequency hopping against a narrowband jammer,Signal Lab — 214 electrical-engineering projects,F. Communication systems,M,"Monte Carlo slow-FH BFSK link (NumPy), jammer-fraction analysis, repetition coding",Simulated (numerical model in this repo).,1 jammed channels: uncoded BER: 0.01018 → 0.01011 (-0.66 %),projects/signal-lab/F-communication-systems/SL119-frequency-hopping
SL-120,Shannon capacity explorer,Signal Lab — 214 electrical-engineering projects,F. Communication systems,M,"HTML/JS interactive plot + Python: C = B·log₂(1+SNR), gap-to-capacity of real modulations (Monte Carlo)",Simulated (numerical model in this repo).,BPSK: BER at its predicted 10⁻⁵ operating point (Monte Carlo): 1.0000e-05 → 7.5000e-06 (-2.5000e-06),projects/signal-lab/F-communication-systems/SL120-shannon-capacity-explorer
SL-121,Carrier and timing recovery loops,Signal Lab — 214 electrical-engineering projects,F. Communication systems,H,"NumPy second-order Costas PLL and Gardner timing-error detector with interpolation, loop-bandwidth analysis",Simulated (numerical model in this repo).,B_L·T = 0.005: RMS phase jitter after lock: 0.01257 rad → 0.01149 rad (-8.59 %),projects/signal-lab/F-communication-systems/SL121-synchronisation-recovery
SL-122,1-D FDTD: an EM pulse hitting a dielectric,Signal Lab — 214 electrical-engineering projects,G. Electromagnetics & device physics,M,"Yee FDTD (E/H leapfrog) in NumPy, Mur absorbing boundaries",Simulated (numerical model in this repo).,Reflection coefficient r = (1−n)/(1+n): -0.3333 → -0.3337 (-0.10 %),projects/signal-lab/G-electromagnetics-and-device-physics/SL122-1d-fdtd-wave-propagation
SL-123,2-D FDTD: diffraction through a slit,Signal Lab — 214 electrical-engineering projects,G. Electromagnetics & device physics,H,2-D TMz Yee FDTD with PML-style absorbing sponge (NumPy),Simulated (numerical model in this repo).,First diffraction null angle (sin θ = λ/a): 19.47 ° → 20 ° (+2.72 %),projects/signal-lab/G-electromagnetics-and-device-physics/SL123-2d-fdtd-scattering
SL-124,Rectangular waveguide modes and cutoff frequencies,Signal Lab — 214 electrical-engineering projects,G. Electromagnetics & device physics,H,Finite-difference Helmholtz eigenproblem on the waveguide cross-section (SciPy sparse eigensolver),Simulated (numerical model in this repo).,TE₁₀ cutoff: 6.557 GHz → 6.557 GHz (-0.00 %),projects/signal-lab/G-electromagnetics-and-device-physics/SL124-waveguide-mode-visualiser
SL-125,Microstrip impedance: formula vs 2-D field solver,Signal Lab — 214 electrical-engineering projects,G. Electromagnetics & device physics,M,"Finite-difference Laplace solver for a microstrip cross-section (SciPy sparse), Hammerstad–Jensen formulas",Simulated (numerical model in this repo).,"w = 1.2 mm: Z₀ (FD, Richardson order ½, vs Hammerstad–Jensen): 81.1 Ω → 81.19 Ω (+0.12 %)",projects/signal-lab/G-electromagnetics-and-device-physics/SL125-microstrip-calculator
SL-126,"Coaxial cable: fields, capacitance and impedance",Signal Lab — 214 electrical-engineering projects,G. Electromagnetics & device physics,M,"2-D finite-difference Laplace solver (eelab.laplace), energy method, analytic coax formulas",Simulated (numerical model in this repo).,RG-58: capacitance per metre: 105.7 pF → 105.6 pF (-0.09 %),projects/signal-lab/G-electromagnetics-and-device-physics/SL126-coaxial-cable-field-plot
SL-127,Parallel-plate capacitor: fringing fields by finite differences,Signal Lab — 214 electrical-engineering projects,G. Electromagnetics & device physics,M,"2-D finite-difference Laplace solver (eelab.laplace), energy method, Palmer's fringing formula",Simulated (numerical model in this repo).,w/d = 1: C′/ε₀ vs Palmer fringing formula: 1.903 → 2.16 (+13.49 %),projects/signal-lab/G-electromagnetics-and-device-physics/SL127-laplace-field-solver
SL-128,Biot–Savart: coils and the Helmholtz pair,Signal Lab — 214 electrical-engineering projects,G. Electromagnetics & device physics,M,Numerical Biot–Savart integration over discretised wire loops (NumPy),Simulated (numerical model in this repo).,Single loop: B at centre: 12.57 µT → 12.57 µT (-0.00 %),projects/signal-lab/G-electromagnetics-and-device-physics/SL128-biot-savart-coil-fields
SL-129,Skin effect in a round copper wire,Signal Lab — 214 electrical-engineering projects,G. Electromagnetics & device physics,M,"Finite-difference solution of the 1-D radial diffusion (eddy-current) equation, exact Bessel-function solution",Simulated (numerical model in this repo).,Skin depth of copper at 1 MHz: 66.1 µm → 66.09 µm (-0.02 %),projects/signal-lab/G-electromagnetics-and-device-physics/SL129-skin-effect-visualiser
SL-130,Eddy-current loss in solid vs laminated cores,Signal Lab — 214 electrical-engineering projects,G. Electromagnetics & device physics,H,"1-D magnetic diffusion in a conducting sheet (finite differences, complex phasors), classical loss formula",Simulated (numerical model in this repo).,"Loss density, 0.10 mm sheet (thin-sheet formula): 82.25 W/m³ → 82.24 W/m³ (-0.00 %)",projects/signal-lab/G-electromagnetics-and-device-physics/SL130-eddy-current-simulation
SL-131,Transformer coupling: coefficient k and leakage inductance,Signal Lab — 214 electrical-engineering projects,G. Electromagnetics & device physics,M,"eelab mini-SPICE with mutual inductance (AC analysis), open/short-circuit tests",Simulated (numerical model in this repo).,k = 0.9: recovered from open/short tests: 0.9 → 0.9 (-0.00 %),projects/signal-lab/G-electromagnetics-and-device-physics/SL131-transformer-coupling-model
SL-132,Antenna near field vs far field (Hertzian dipole),Signal Lab — 214 electrical-engineering projects,G. Electromagnetics & device physics,H,"Exact closed-form fields of an oscillating dipole (NumPy), wave-impedance and energy analysis",Simulated (numerical model in this repo).,Wave impedance at kr = 60 (far field): 376.7 Ω → 376.6 Ω (-0.03 %),projects/signal-lab/G-electromagnetics-and-device-physics/SL132-antenna-near-far-field
SL-133,PCB crosstalk vs trace spacing,Signal Lab — 214 electrical-engineering projects,G. Electromagnetics & device physics,M,2-D Laplace solver for coupled microstrip capacitances + eelab mini-SPICE coupled-line ladder (transient),Simulated (numerical model in this repo).,s = 0.15 mm: near-end crosstalk (¼(Cm/C + Lm/L)): 0.08116 → 0.07947 (-2.08 %),projects/signal-lab/G-electromagnetics-and-device-physics/SL133-emi-coupling-demo
SL-134,RF shielding effectiveness: Schelkunoff vs exact,Signal Lab — 214 electrical-engineering projects,G. Electromagnetics & device physics,M,"Exact plane-wave transmission through a conducting slab (ABCD / transmission-line model), Schelkunoff's A + R + B approximation",Simulated (numerical model in this repo).,Copper 35 µm at 1e+05 Hz: Schelkunoff A+R+B vs exact: 111.7 dB → 111.7 dB (-6.7500e-06 dB),projects/signal-lab/G-electromagnetics-and-device-physics/SL134-rf-shielding-calculator
SL-135,PN junction from device physics (Poisson + drift-diffusion),Signal Lab — 214 electrical-engineering projects,G. Electromagnetics & device physics,H,"Nonlinear Poisson–Boltzmann solver (Newton), minority-carrier diffusion solver (finite differences)",Simulated (numerical model in this repo).,Built-in potential: 776 mV → 776 mV (-0.00 %),projects/signal-lab/G-electromagnetics-and-device-physics/SL135-pn-junction-simulator
SL-136,MOSFET I–V families and threshold-voltage extraction,Signal Lab — 214 electrical-engineering projects,G. Electromagnetics & device physics,H,"Physics-based long-channel MOSFET model (EKV-style charge interpolation, mobility degradation, CLM) + standard extraction methods",Simulated (numerical model in this repo).,Threshold by linear extrapolation (ELR): 700 mV → 715.6 mV (+15.57 mV),projects/signal-lab/G-electromagnetics-and-device-physics/SL136-mosfet-characteristics
SL-137,PWM LED 'breathing' fade with gamma correction,Signal Lab — 214 electrical-engineering projects,H. Embedded systems (simulated),E,"C firmware on a simulated MCU (eelab HAL), Python logic-analyser decoding, Wokwi sketch",Simulated (numerical model in this repo).,PWM frequency: 976.6 Hz → 976.6 Hz (+0.00 %),projects/signal-lab/H-embedded-systems/SL137-pwm-led-fade
SL-138,I²C temperature-sensor driver with bus capture,Signal Lab — 214 electrical-engineering projects,H. Embedded systems (simulated),E,"C firmware (bit-level I²C master) + simulated TMP102-style sensor on a wired-AND bus, Python protocol decoder",Simulated (numerical model in this repo).,"Max conversion error (12-bit, 0.0625 °C LSB → ≤ 0.03125): 0.03125 °C → 0.0288 °C (-0.00245 °C)",projects/signal-lab/H-embedded-systems/SL138-i2c-sensor-reader
SL-139,"SSD1306 OLED driver: framebuffer, font and refresh rate",Signal Lab — 214 electrical-engineering projects,H. Embedded systems (simulated),E,"C firmware (framebuffer + 5×7 font + line drawing), simulated SSD1306 page memory, Python image render",Simulated (numerical model in this repo).,"Bytes per frame on the bus (1,024 data + 32 prefixes + 7 cmd): 1063 → 1063 (+0)",projects/signal-lab/H-embedded-systems/SL139-oled-display-driver
SL-140,Hobby-servo controller: angle from pulse width,Signal Lab — 214 electrical-engineering projects,H. Embedded systems (simulated),E,"C firmware (16-bit timer compare model) on the simulated MCU, pulse-width decoding",Simulated (numerical model in this repo).,Servo frame period: 20 ms → 20 ms (+0.00 %),projects/signal-lab/H-embedded-systems/SL140-servo-controller
SL-141,Stepper-motor driver with trapezoidal acceleration,Signal Lab — 214 electrical-engineering projects,H. Embedded systems (simulated),M,"C firmware (full/half-step sequencing, Austin's real-time ramp algorithm) on the simulated MCU",Simulated (numerical model in this repo).,Move time (S/v_max + v_max/α): 1.1 s → 1.055 s (-4.05 %),projects/signal-lab/H-embedded-systems/SL141-stepper-motor-driver
SL-142,Quadrature rotary-encoder decoder,Signal Lab — 214 electrical-engineering projects,H. Embedded systems (simulated),M,"C firmware (Gray-code state-table decoder, polled at a fixed rate) on the simulated MCU, stimulus with bounce",Simulated (numerical model in this repo).,Poll 1 kHz: limit 1/(96·(T_poll + t_bounce)) lies between last pass and first fail: 1 → 1 (+0),projects/signal-lab/H-embedded-systems/SL142-rotary-encoder-decoder
SL-143,4×4 matrix keypad scanner with debouncing (and ghosting),Signal Lab — 214 electrical-engineering projects,H. Embedded systems (simulated),E,"C firmware (row-drive / column-read scanning, per-key debounce counters) with a simulated switch matrix",Simulated (numerical model in this repo).,Keys detected (16 pressed one at a time): 16 → 16 (+0),projects/signal-lab/H-embedded-systems/SL143-matrix-keypad-scanner
SL-144,Timestamped data logger with flash wear levelling,Signal Lab — 214 electrical-engineering projects,H. Embedded systems (simulated),M,"C firmware (record packing, CRC-16, page buffer, circular log over a simulated NOR flash with erase counters)",Simulated (numerical model in this repo).,Erases per sector after 30 days (N / 400 / 16): 405 → 405 (+0.00 %),projects/signal-lab/H-embedded-systems/SL144-data-logger
SL-145,Polling vs interrupts: response latency and jitter,Signal Lab — 214 electrical-engineering projects,H. Embedded systems (simulated),M,"C firmware scheduling model (main loop with variable work, ISR entry cost, critical sections) on the simulated MCU",Simulated (numerical model in this repo).,Polling: mean latency (≈ T/2 = 250 µs): 250 µs → 256.1 µs (+2.43 %),projects/signal-lab/H-embedded-systems/SL145-interrupt-driven-timing
SL-146,Bit-banged SPI and its maximum clock rate,Signal Lab — 214 electrical-engineering projects,H. Embedded systems (simulated),M,"C firmware (software SPI, modes 0 and 3) with a per-instruction cycle-cost model, logic-analyser decode in Python",Simulated (numerical model in this repo).,Mode 0: bytes decoded incorrectly (of 64): 0 → 0 (+0),projects/signal-lab/H-embedded-systems/SL146-bit-banged-spi
SL-147,MCU ADC sampling with a fixed-point digital filter,Signal Lab — 214 electrical-engineering projects,H. Embedded systems (simulated),M,"C firmware (10-bit ADC model, Q15 one-pole IIR and 16-sample moving average) on the simulated MCU",Simulated (numerical model in this repo).,Moving average (M = 16): SNR gain: 12.04 dB → 11.91 dB (-0.1329 dB),projects/signal-lab/H-embedded-systems/SL147-mcu-adc-digital-filter
SL-148,DDS waveform generator (phase accumulator + DAC),Signal Lab — 214 electrical-engineering projects,H. Embedded systems (simulated),M,"C firmware (32-bit phase accumulator, 256-entry sine LUT, 8/10/12-bit DAC models) on the simulated MCU, spectral analysis",Simulated (numerical model in this repo).,Actual output frequency (Δφ/2³²·f_clk) vs target: 1.235 kHz → 1.235 kHz (+0.00 %),projects/signal-lab/H-embedded-systems/SL148-dac-waveform-generator
SL-149,Rate-monotonic RTOS scheduling: response times vs analysis,Signal Lab — 214 electrical-engineering projects,H. Embedded systems (simulated),H,"C discrete-event simulation of a preemptive fixed-priority scheduler (1 µs resolution), response-time analysis in Python",Simulated (numerical model in this repo).,"Task 1 (C=1 ms, T=5 ms): worst response time (RTA): 1000 µs → 1000 µs (+0 µs)",projects/signal-lab/H-embedded-systems/SL149-rtos-task-scheduling
SL-150,MQTT publisher: packet encoding and a round-trip test,Signal Lab — 214 electrical-engineering projects,H. Embedded systems (simulated),M,C firmware (MQTT 3.1.1 CONNECT/PUBLISH/PINGREQ encoder over TCP sockets) + a minimal local broker in Python,Simulated (numerical model in this repo).,CONNACK return code (0 = accepted): 0 → 0 (+0),projects/signal-lab/H-embedded-systems/SL150-mqtt-publisher
SL-151,Embedded web server: control page and REST endpoint,Signal Lab — 214 electrical-engineering projects,H. Embedded systems (simulated),M,"C firmware (single-threaded HTTP/1.0 server on sockets, like an ESP32 WebServer loop) + Python HTTP client test",Simulated (numerical model in this repo).,"Correct status codes (150 × 200, 50 × 404): 200 → 200 (+0)",projects/signal-lab/H-embedded-systems/SL151-esp32-web-server
SL-152,IMU sensor fusion with a complementary filter,Signal Lab — 214 electrical-engineering projects,H. Embedded systems (simulated),H,"C firmware (complementary filter, fixed update rate) with a simulated MEMS accelerometer/gyroscope (noise, bias, vibration)",Simulated (numerical model in this repo).,Optimal time constant τ* = (σ_a²·dt/(2b²))^(1/3): 698 ms → 501.2 ms (-28.19 %),projects/signal-lab/H-embedded-systems/SL152-sensor-fusion
SL-153,"CAN bus: bit-wise arbitration, stuffing and worst-case latency",Signal Lab — 214 electrical-engineering projects,H. Embedded systems (simulated),H,"C bit-level CAN 2.0A simulation (wired-AND bus, arbitration, bit stuffing, CRC-15) + response-time analysis",Simulated (numerical model in this repo).,Lowest ID wins every contested arbitration: 33 → 33 (+0),projects/signal-lab/H-embedded-systems/SL153-can-bus-simulation
SL-154,Low-power firmware state machine and battery-life estimate,Signal Lab — 214 electrical-engineering projects,H. Embedded systems (simulated),M,C firmware (sleep/wake state machine with an energy ledger per state) on the simulated MCU,Simulated (numerical model in this repo).,Average current (duty-cycle formula): 2.542 µA → 2.541 µA (-0.04 %),projects/signal-lab/H-embedded-systems/SL154-low-power-state-machine
SL-155,A custom Wokwi chip: I²C 12-bit DAC written with the Chips API,Signal Lab — 214 electrical-engineering projects,H. Embedded systems (simulated),H,C chip model in the style of the Wokwi Chips API (chip.c + chip.json) with a host-side mock of the API for testing,Simulated (numerical model in this repo).,Addresses other than 0x60 that ACK (of 127): 0 → 0 (+0),projects/signal-lab/H-embedded-systems/SL155-custom-wokwi-chip
SL-156,Firmware unit tests on the host (with mutation testing),Signal Lab — 214 electrical-engineering projects,H. Embedded systems (simulated),M,"Minimal C test framework, host-compiled embedded modules (ring buffer, CRC-16, Q15 math), mutation testing driver in Python",Simulated (numerical model in this repo).,Tests failing on the correct code: 0 → 0 (+0),projects/signal-lab/H-embedded-systems/SL156-firmware-unit-tests
SL-157,PID control of a second-order plant,Signal Lab — 214 electrical-engineering projects,I. Control systems,M,"Closed-loop transfer functions (SciPy), nonlinear-free time simulation with a discrete PID, dominant-pole predictions",Simulated (numerical model in this repo).,P: overshoot from dominant poles: 24.92 % → 25.09 % (+0.173 pp),projects/signal-lab/I-control-systems/SL157-pid-controller-sim
SL-158,PID auto-tuning: relay feedback + Ziegler–Nichols,Signal Lab — 214 electrical-engineering projects,I. Control systems,H,"Relay (Åström–Hägglund) experiment in simulation, describing-function estimate of K_u and T_u, Ziegler–Nichols and manual tuning",Simulated (numerical model in this repo).,Ultimate period T_u (relay vs exact 2π/√3): 3.628 s → 3.86 s (+6.41 %),projects/signal-lab/I-control-systems/SL158-pid-auto-tuning
SL-159,Inverted pendulum on a cart: LQR stabilisation,Signal Lab — 214 electrical-engineering projects,I. Control systems,H,"Nonlinear cart-pole equations (SciPy ODE), linearisation, LQR (continuous ARE), animation frames",Simulated (numerical model in this repo).,Unstable open-loop pole √(g(M+m)/(Mℓ)): 4.852 1/s → 4.852 1/s (+0.00 %),projects/signal-lab/I-control-systems/SL159-inverted-pendulum
SL-160,Cruise control: rejecting a hill with PI feedback,Signal Lab — 214 electrical-engineering projects,I. Control systems,M,"Nonlinear car longitudinal model (aerodynamic drag, rolling resistance, grade), PI controller with saturation",Simulated (numerical model in this repo).,Cruise force on the flat (½ρC_dAv² + C_r mg): 360.6 N → 360.6 N (+0.00 %),projects/signal-lab/I-control-systems/SL160-cruise-control-model
SL-161,DC motor speed control (with current limiting),Signal Lab — 214 electrical-engineering projects,I. Control systems,M,"Electromechanical state-space model (R, L, K, J, b), exact ZOH simulation, PI speed loop with voltage saturation",Simulated (numerical model in this repo).,No-load speed K·V/(K² + bR): 239 rad/s → 239 rad/s (+0.00 %),projects/signal-lab/I-control-systems/SL161-dc-motor-speed-control
SL-162,Temperature control with dead time: why lag causes oscillation,Signal Lab — 214 electrical-engineering projects,I. Control systems,M,"First-order-plus-dead-time (FOPDT) oven model, delay-line simulation, Nyquist/phase-crossover analysis",Simulated (numerical model in this repo).,Ultimate gain K_u (phase-crossover prediction): 8.175 %/°C → 8.156 %/°C (-0.24 %),projects/signal-lab/I-control-systems/SL162-temperature-control-loop
SL-163,Bode/Nyquist margin analyser,Signal Lab — 214 electrical-engineering projects,I. Control systems,M,"Own gain/phase-margin finder on dense frequency grids (NumPy), SciPy closed-loop step responses",Simulated (numerical model in this repo).,K = 1: gain margin 20·log₁₀(11/K): 20.83 dB → 20.83 dB (-7.0000e-04 dB),projects/signal-lab/I-control-systems/SL163-bode-nyquist-analysis-tool
SL-164,"Root locus: asymptotes, breakaway and the stability limit",Signal Lab — 214 electrical-engineering projects,I. Control systems,M,"Closed-loop pole computation by polynomial roots over a gain sweep (NumPy), analytic root-locus rules",Simulated (numerical model in this repo).,Breakaway point (dK/ds = 0): -0.8804 → -0.8801 (+2.4540e-04),projects/signal-lab/I-control-systems/SL164-root-locus-explorer
SL-165,State-feedback pole placement for a two-mass system,Signal Lab — 214 electrical-engineering projects,I. Control systems,H,"State-space model of two masses and a spring, Ackermann/pole placement (SciPy place_poles), simulation",Simulated (numerical model in this repo).,Controllability matrix rank: 4 → 4 (+0),projects/signal-lab/I-control-systems/SL165-state-space-controller
SL-166,LQR optimal control vs a tuned PID,Signal Lab — 214 electrical-engineering projects,I. Control systems,H,"Continuous algebraic Riccati equation (SciPy), cost integration, PID grid search on the same cost",Simulated (numerical model in this repo).,LQR position gain vs closed form 1/√ρ: 3.162 → 3.162 (+0.00 %),projects/signal-lab/I-control-systems/SL166-lqr-optimal-control
SL-167,Luenberger observer: estimating hidden states,Signal Lab — 214 electrical-engineering projects,I. Control systems,H,"Observer design by pole placement on the dual system, noisy measurement simulation, observer-based feedback",Simulated (numerical model in this repo).,Observability rank from x₂ alone: 4 → 4 (+0),projects/signal-lab/I-control-systems/SL167-state-observer
SL-168,"Ball and beam: a nonlinear, open-loop-unstable plant",Signal Lab — 214 electrical-engineering projects,I. Control systems,H,"Nonlinear rolling-ball model (SciPy ODE), cascaded PD control (inner beam angle, outer ball position), linearised predictions",Simulated (numerical model in this repo).,"Small step (0.1 m), no limits: overshoot (ζ = 0.8): 1.516 % → 1.17 % (-0.346 pp)",projects/signal-lab/I-control-systems/SL168-ball-and-beam
SL-169,Quadcopter attitude: cascaded rate and angle loops,Signal Lab — 214 electrical-engineering projects,I. Control systems,H,"Rigid-body roll/pitch/yaw model with motor lag, cascaded P-angle / PI-rate controllers at 1 kHz, bandwidth analysis",Simulated (numerical model in this repo).,roll: angle-loop rise time ≈ 2.2/k_a (k_a = 6 rad/s): 366.7 ms → 280 ms (-23.64 %),projects/signal-lab/I-control-systems/SL169-quadcopter-attitude-control
SL-170,Discrete-time control: how sampling erodes stability,Signal Lab — 214 electrical-engineering projects,I. Control systems,M,"Exact ZOH discretisation, discrete-time frequency response and closed-loop eigenvalues (NumPy/SciPy)",Simulated (numerical model in this repo).,T = 50 ms: phase margin ≈ PM₀ − ω_c·T/2: 69.38 ° → 67.36 ° (-2.025 °),projects/signal-lab/I-control-systems/SL170-discrete-time-control
SL-171,Integrator windup and anti-windup strategies,Signal Lab — 214 electrical-engineering projects,I. Control systems,M,PI loop with actuator saturation on a first-order plant; clamping and back-calculation anti-windup,Simulated (numerical model in this repo).,No anti-windup: overshoot area ≈ error integrated beyond the linear integrator state: 413.2 ms → 441.8 ms (+6.91 %),projects/signal-lab/I-control-systems/SL171-anti-windup-strategies
SL-172,ECG R-peak detection (Pan–Tompkins) on MIT-BIH,Signal Lab — 214 electrical-engineering projects,J. Biosignals & HCI (real patient data),M,"Own Pan–Tompkins implementation (band-pass, derivative, squaring, moving-window integration, adaptive thresholds, search-back), wfdb","Real: MIT-BIH Arrhythmia Database (Moody & Mark 2001, PhysioNet), ODC-By license.",Gross sensitivity (Pan & Tompkins 1985 report 99.3 %): 99.3 % → 98.58 % (-0.716 pp),projects/signal-lab/J-biosignals-and-hci/SL172-ecg-r-peak-detection
SL-173,Heart-rate variability: time and frequency domain,Signal Lab — 214 electrical-engineering projects,J. Biosignals & HCI (real patient data),M,"Pan–Tompkins R peaks (eelab.bio) on MIT-BIH record 100, time-domain HRV, Lomb–Scargle spectrum (SciPy)",Real: MIT-BIH Arrhythmia Database record 100 (PhysioNet).,SDNN: detected peaks vs annotation reference: 35.95 ms → 35.95 ms (-0.01 %),projects/signal-lab/J-biosignals-and-hci/SL173-heart-rate-variability
SL-174,Premature ventricular contraction detection (inter-patient),Signal Lab — 214 electrical-engineering projects,J. Biosignals & HCI (real patient data),H,"Beat features (RR intervals, QRS width, template correlation) + own logistic regression; MIT-BIH DS1/DS2 inter-patient split",Real: MIT-BIH Arrhythmia Database (PhysioNet).,Inter-patient PVC sensitivity (literature ≈ 80–90 %): 85 % → 96.93 % (+11.9 pp),projects/signal-lab/J-biosignals-and-hci/SL174-arrhythmia-classification
SL-175,ECG denoising with real noise from the Noise Stress Test Database,Signal Lab — 214 electrical-engineering projects,J. Biosignals & HCI (real patient data),M,"Zero-phase high-pass and notch filters, wavelet-free median baseline estimation (SciPy); MIT-BIH + NSTDB real noise",Real: MIT-BIH record 103 and MIT-BIH Noise Stress Test Database (PhysioNet).,baseline wander: SNR gain vs −10·log₁₀(in-band noise fraction): 17.63 dB → 16.7 dB (-0.9255 dB),projects/signal-lab/J-biosignals-and-hci/SL175-ecg-denoising
SL-176,EMG envelope extraction and amplitude estimators,Signal Lab — 214 electrical-engineering projects,J. Biosignals & HCI (real patient data),M,"Rectification + low-pass and RMS envelopes (SciPy), PhysioNet EMG database (healthy subject, 4 kHz)",Real: Examples of Electromyograms database (PhysioNet 'emgdb').,MAV / RMS during contraction (Gaussian: √(2/π)): 0.7979 → 0.5924 (-25.75 %),projects/signal-lab/J-biosignals-and-hci/SL176-emg-envelope-extraction
SL-177,Hand-gesture classification from 8-channel forearm EMG,Signal Lab — 214 electrical-engineering projects,J. Biosignals & HCI (real patient data),H,"Time-domain EMG features (MAV, WL, ZC, SSC — Hudgins set) + multi-class LDA from scratch; UCI 'EMG data for gestures' (Myo armband)","Real: 'EMG data for gestures' (Lobov et al. 2018, UCI ML Repository), CC BY 4.0.","Within-subject accuracy (Hudgins features + LDA, literature 90–95 %): 92 % → 94.87 % (+2.87 pp)",projects/signal-lab/J-biosignals-and-hci/SL177-emg-gesture-classification
SL-178,EMG-driven cursor control (HCI without hardware),Signal Lab — 214 electrical-engineering projects,J. Biosignals & HCI (real patient data),H,Recorded Myo EMG streamed through the SL-177 classifier with majority-vote smoothing; simulated 2-D cursor and Fitts-style target task,"Real EMG ('EMG data for gestures', UCI) replayed; the cursor task is simulated.",Progress toward target per decision = P(correct) − P(opposite): 0.9271 steps → 0.928 steps (+0.09 %),projects/signal-lab/J-biosignals-and-hci/SL178-simulated-emg-cursor-control
SL-179,Detecting the eyes-closed alpha rhythm in real EEG,Signal Lab — 214 electrical-engineering projects,J. Biosignals & HCI (real patient data),M,"Welch spectra of occipital EEG (O1, Oz, O2), alpha-band power ratio, EEG Motor Movement/Imagery DB baseline runs","Real: EEG Motor Movement/Imagery Database (Schalk et al. 2004, PhysioNet), ODC-By.",Median eyes-closed / eyes-open alpha increase (3–10 dB typical): 6 dB → 4.02 dB (-1.98 dB),projects/signal-lab/J-biosignals-and-hci/SL179-eeg-alpha-wave-detection
SL-180,Removing eye-blink artefacts from EEG with ICA,Signal Lab — 214 electrical-engineering projects,J. Biosignals & HCI (real patient data),H,"Own FastICA (symmetric, tanh non-linearity, whitening), blink-component identification by frontal topography, EEG Motor Movement/Imagery DB",Real: EEG Motor Movement/Imagery Database (PhysioNet).,Blink variance removed at Fp1/Fpz/Fp2 (inside blink windows): 80 % → 86.12 % (+6.12 pp),projects/signal-lab/J-biosignals-and-hci/SL180-eeg-artifact-removal
SL-181,Motor-imagery brain–computer interface (CSP + LDA),Signal Lab — 214 electrical-engineering projects,J. Biosignals & HCI (real patient data),H,"Mu/beta band-pass, Common Spatial Patterns (generalised eigenproblem), LDA from scratch, cross-validation; EEG Motor Movement/Imagery DB",Real: EEG Motor Movement/Imagery Database (PhysioNet).,Mean CV accuracy over 10 subjects (published CSP+LDA ≈ 60–80 %): 70 % → 64 % (-6 pp),projects/signal-lab/J-biosignals-and-hci/SL181-motor-imagery-bci
SL-182,"Heart rate from PPG, validated against ECG (BIDMC)",Signal Lab — 214 electrical-engineering projects,J. Biosignals & HCI (real patient data),M,"PPG pulse detection (band-pass + derivative peak picking), Pan–Tompkins on the simultaneous ECG, BIDMC PPG and Respiration dataset","Real: BIDMC PPG and Respiration Dataset (Pimentel et al. 2016, PhysioNet), ODC-By.","Median per-patient HR error, PPG vs ECG (8-s windows) — expected < 1 bpm on clean PPG: 0 bpm → 0.5847 bpm (+0.5847 bpm)",projects/signal-lab/J-biosignals-and-hci/SL182-ppg-heart-rate-extraction
SL-183,Respiration rate derived from the ECG (EDR),Signal Lab — 214 electrical-engineering projects,J. Biosignals & HCI (real patient data),H,"R-peak amplitude and RR-interval modulation (respiratory sinus arrhythmia), spectral rate estimation, BIDMC reference respiration",Real: BIDMC PPG and Respiration Dataset (PhysioNet).,EDR (R-amplitude) respiration-rate MAE: 0 breaths/min → 2.146 breaths/min (+2.146 breaths/min),projects/signal-lab/J-biosignals-and-hci/SL183-respiration-from-ecg
SL-184,Sleep-stage scoring from EEG (Sleep-EDF),Signal Lab — 214 electrical-engineering projects,J. Biosignals & HCI (real patient data),H,"30-s epoch spectral features (δ, θ, α, σ, β band powers, EOG & EMG power) + softmax classifier; Sleep-EDF Expanded cassette recordings","Real: Sleep-EDF Database Expanded (Kemp et al. 2000, PhysioNet), ODC-By.",Accuracy on an unseen subject's night (simple classifiers: 70–80 %): 75 % → 70.15 % (-4.85 pp),projects/signal-lab/J-biosignals-and-hci/SL184-sleep-stage-classification
SL-185,Epileptic seizure detection in scalp EEG (CHB-MIT),Signal Lab — 214 electrical-engineering projects,J. Biosignals & HCI (real patient data),H,"Line-length and band-energy features in 2-s windows, patient-specific threshold, false-alarm analysis; CHB-MIT Scalp EEG Database","Real: CHB-MIT Scalp EEG Database (Shoeb 2009, PhysioNet), ODC-By.",Line-length increase during the seizure (several-fold expected): 3 × → 1.844 × (-1.156 ×),projects/signal-lab/J-biosignals-and-hci/SL185-seizure-detection
SL-186,Eye-movement analysis from the EOG: finding REM sleep,Signal Lab — 214 electrical-engineering projects,J. Biosignals & HCI (real patient data),M,"Horizontal EOG, derivative-based saccade detection, per-stage rate statistics; Sleep-EDF Expanded",Real: Sleep-EDF Database Expanded (PhysioNet).,REM / N2 mean saccade-rate ratio (≫ 1 expected): 5 × → 5.258 × (+0.2584 ×),projects/signal-lab/J-biosignals-and-hci/SL186-eog-eye-movement-analysis
SL-187,Muscle fatigue: the EMG median-frequency shift,Signal Lab — 214 electrical-engineering projects,J. Biosignals & HCI (real patient data),M,"Physiological surface-EMG synthesis (motor-unit action potentials with slowing conduction velocity), median/mean frequency estimation",Synthetic (physiologically parameterised) — the ground-truth conduction velocity is known exactly.,Relative median-frequency decline over 60 s (= relative velocity decline 20 %): -20 % → -18.23 % (+1.77 pp),projects/signal-lab/J-biosignals-and-hci/SL187-muscle-fatigue-analysis
SL-188,Webcam gesture control in the browser,Signal Lab — 214 electrical-engineering projects,J. Biosignals & HCI (real patient data),M,"MediaPipe Hand Landmarker (in-browser, CDN), rule-based pose classifier in JavaScript, pinch-to-click with hysteresis, EMA pointer smoothing; Node.js test harness with a 3-D kinematic hand model",Synthetic hands from a kinematic model (MediaPipe's own training data is not public); the live page uses your webcam.,Noise-free accuracy over pose variation (all poses): 100 % → 99.62 % (-0.383 pp),projects/signal-lab/J-biosignals-and-hci/SL188-webcam-gesture-recognition
SL-189,Spoken-command recognition with MFCCs and DTW,Signal Lab — 214 electrical-engineering projects,J. Biosignals & HCI (real patient data),M,"Own MFCC front end (mel filterbank, DCT) and dynamic time warping; Free Spoken Digit Dataset; browser demo page","Real: Free Spoken Digit Dataset (Jackson et al., CC BY-SA 4.0).","Speaker-dependent accuracy (5 templates/word, same speaker): 95 % → 87.25 % (-7.75 pp)",projects/signal-lab/J-biosignals-and-hci/SL189-voice-controlled-interface
SL-190,Your phone as a free sensor: IMU capture page + cadence analysis,Signal Lab — 214 electrical-engineering projects,J. Biosignals & HCI (real patient data),M,HTML/JS DeviceMotion capture page (records and downloads CSV from your own phone) + NumPy analysis validated on UCI-HAR raw smartphone signals,Real: UCI-HAR raw inertial signals (Samsung Galaxy S II at the waist).,Median walking cadence (adult norm ≈ 100–120 steps/min): 110 steps/min → 105.5 steps/min (-4.531 steps/min),projects/signal-lab/J-biosignals-and-hci/SL190-phone-imu-gesture-capture
SL-191,Human-activity recognition from smartphone IMU data,Signal Lab — 214 electrical-engineering projects,J. Biosignals & HCI (real patient data),M,"Multinomial logistic regression (softmax, gradient descent) from scratch on the 561 UCI-HAR features; subject-independent test split","Real: UCI Human Activity Recognition Using Smartphones (Anguita et al. 2013), CC BY 4.0.",Test accuracy on 9 unseen subjects (published SVM: 96 %): 96 % → 94.5 % (-1.5 pp),projects/signal-lab/J-biosignals-and-hci/SL191-human-activity-recognition
SL-192,Automatic ECG signal-quality checker,Signal Lab — 214 electrical-engineering projects,J. Biosignals & HCI (real patient data),M,"Signal-quality indices (kurtosis, band-power ratio, template agreement) on MIT-BIH + NSTDB noise with known noisy segments",Real: MIT-BIH records 100/101 + MIT-BIH Noise Stress Test Database electrode-motion noise (PhysioNet).,Specificity on clean segments: 95 % → 80.63 % (-14.4 pp),projects/signal-lab/J-biosignals-and-hci/SL192-biosignal-quality-checker
SL-193,Voltage divider calculator with live schematic,Signal Lab — 214 electrical-engineering projects,K. Interactive tools & web apps,E,HTML/SVG/JavaScript tool (GitHub Pages) + Node test harness; references: own MNA circuit simulator and brute-force search,Generated test vectors.,Max |Vout(JS) − Vout(MNA simulator)| over 500 random loaded dividers: 0 V → 7.105 fV (+7.105 fV),projects/signal-lab/K-interactive-tools-and-web-apps/SL193-voltage-divider-calculator
SL-194,Resistor colour-code decoder and encoder,Signal Lab — 214 electrical-engineering projects,K. Interactive tools & web apps,E,HTML/SVG/JavaScript two-way tool with a clickable band picker; Node test harness vs an independent Python implementation and textbook examples,Generated from the IEC 60063 E-series tables.,"Round-trip failures over 240 E24 + 864 E96 values (E24 0.1 Ω–910 MΩ, E96 1 Ω–976 MΩ): 0 → 0 (+0)",projects/signal-lab/K-interactive-tools-and-web-apps/SL194-resistor-colour-code-decoder
SL-195,Active filter design calculator (Sallen-Key),Signal Lab — 214 electrical-engineering projects,K. Interactive tools & web apps,M,"HTML/JS designer (E12 capacitors, E96 resistors) + Node test harness; verification with the MNA circuit simulator (op-amp macromodel with finite GBW) and SciPy prototypes",Generated designs.,Prototype table in calc.js vs SciPy poles (worst relative error in f0 or Q): 0 % → 0.008614 % (+0.00861 pp),projects/signal-lab/K-interactive-tools-and-web-apps/SL195-filter-design-calculator
SL-196,Fourier-series drawing tool (epicycles),Signal Lab — 214 electrical-engineering projects,K. Interactive tools & web apps,M,HTML canvas + JavaScript DFT/epicycle animator (draw any closed shape) + Node test harness vs NumPy FFT; convergence-rate analysis,Generated shapes.,square (corners): RMS error ∝ N^slope — slope: -1.5 → -1.44 (+0.05985),projects/signal-lab/K-interactive-tools-and-web-apps/SL196-fourier-series-drawing-tool
SL-197,Logic gate playground with live truth tables,Signal Lab — 214 electrical-engineering projects,K. Interactive tools & web apps,M,"SVG drag-and-drop editor (HTML/JS), JavaScript netlist engine with loop detection and Verilog export; Node test harness, Python reference evaluator, Icarus Verilog",Generated circuits.,"Truth-table rows where JS ≠ Python (304 circuits, 6888 rows): 0 → 0 (+0)",projects/signal-lab/K-interactive-tools-and-web-apps/SL197-logic-gate-playground
SL-198,Op-amp configuration explorer,Signal Lab — 214 electrical-engineering projects,K. Interactive tools & web apps,M,"HTML/SVG/JavaScript explorer (inverting, non-inverting, follower, difference, summing) with finite-A0/GBW corrections; Node harness; MNA simulator with op-amp macromodel",Generated designs.,"Worst |DC gain(JS, finite A0) − simulated| over all configurations: 0 % → 5.4078e-05 % (+5.41e-05 pp)",projects/signal-lab/K-interactive-tools-and-web-apps/SL198-op-amp-configuration-explorer
SL-199,Antenna length calculator — and when the 0.95 rule is right,Signal Lab — 214 electrical-engineering projects,K. Interactive tools & web apps,E,"HTML/JS calculator (dipole, monopole, 5/8 λ, loop, 3-element Yagi, coax stub) + Node harness; method-of-moments solver (PWS-Galerkin) for the resonant length vs wire thickness","Simulation (own MoM solver, validated in SL-128/SL-135).",146 MHz dipole total length (0.95·λ/2): 975.4 mm → 975.4 mm (+0.00 %),projects/signal-lab/K-interactive-tools-and-web-apps/SL199-antenna-length-calculator
SL-200,dB / dBm / watts / volts converter,Signal Lab — 214 electrical-engineering projects,K. Interactive tools & web apps,E,"HTML/JS converter (W, mW, dBW, dBm, Vrms, Vpk, Vpp, dBV, dBu, dBµV at any impedance, thermal noise floor) + Node harness vs Python",Generated test values.,Worst relative round-trip error over 1800 conversions (90 unit pairs): 0 → 4.1045e-14 (+4.1045e-14),projects/signal-lab/K-interactive-tools-and-web-apps/SL200-db-dbm-watts-converter
SL-201,Battery life estimator with sleep-mode modelling,Signal Lab — 214 electrical-engineering projects,K. Interactive tools & web apps,E,"HTML/JS estimator (periodic current profile, sleep current, self-discharge, derating) + Node harness; checked against event-level coulomb counting and NASA Li-ion discharge data","Real: NASA Ames PCoE Li-ion Battery Aging dataset (Saha & Goebel 2007), public domain (US Government work).",Worst |average-current model − coulomb-counting simulation| (300 profiles): 0 % → 9.7503e-04 % (+0.000975 pp),projects/signal-lab/K-interactive-tools-and-web-apps/SL201-battery-life-estimator
SL-202,PCB trace width calculator (IPC-2221) vs a thermal model,Signal Lab — 214 electrical-engineering projects,K. Interactive tools & web apps,E,"HTML/JS calculator (IPC-2221 width/current, resistance, drop, loss) + Node harness; own 2-D finite-volume heat-conduction model of a trace in an FR-4 board",Simulation.,"3 A, ΔT 10 °C, 1 oz outer: width = A/1.378 mil: 53.82 mil → 53.82 mil (+0.00 %)",projects/signal-lab/K-interactive-tools-and-web-apps/SL202-pcb-trace-width-calculator
SL-203,"Unit converter for EE (prefixes, value codes, AWG, PCB units)",Signal Lab — 214 electrical-engineering projects,K. Interactive tools & web apps,E,"HTML/JS converter: SI-prefix and RKM ('4k7') parsing, EIA capacitor codes, AWG wire tables, mil/mm, oz copper, temperature, wavelength; Node harness",Standard reference tables.,Worst AWG diameter deviation from the published table (values given to 0.001 mm): 0 mm → 4.7461e-04 mm (+4.7461e-04 mm),projects/signal-lab/K-interactive-tools-and-web-apps/SL203-unit-converter-for-ee
SL-204,"Bit manipulation visualiser (shifts, masks, two's complement)",Signal Lab — 214 electrical-engineering projects,K. Interactive tools & web apps,E,"HTML/JS visualiser (clickable bits, 8/16/32/64-bit, signed/unsigned views) built on exact BigInt arithmetic; Node harness vs Python and the RV32I instruction-set simulator",Generated test vectors.,"BigInt library vs Python integers (24000 random ops, widths 8–64): 0 → 0 (+0)",projects/signal-lab/K-interactive-tools-and-web-apps/SL204-bit-manipulation-visualiser
SL-205,Stereo op-amp preamplifier board,Signal Lab — 214 electrical-engineering projects,L. PCB design,M,"Own PCB toolkit (eelab.pcb: IPC-7351 footprints, A* maze router, ground pour, DRC, Gerber/Excellon/KiCad export), gerbonara + kiutils for independent file checks, MNA circuit simulator",Design + simulation.,Mid-band gain into 10 kΩ: 20.74 dB → 20.74 dB (-9.7694e-04 dB),projects/signal-lab/L-pcb-design/SL205-amplifier-board
SL-206,I²C temperature-sensor breakout board,Signal Lab — 214 electrical-engineering projects,L. PCB design,M,"eelab.pcb (footprints, router, pour, DRC, Gerber/KiCad export), microstrip capacitance from the routed geometry, MNA transient simulation of the open-drain bus",Design + simulation.,"DRC violations (clearance, widths, drills, annular rings, edge, courtyards, connectivity): 0 → 0 (+0)",projects/signal-lab/L-pcb-design/SL206-sensor-breakout-board
SL-207,"Linear power-supply board (LM317, 12 V → 5 V, 1 A)",Signal Lab — 214 electrical-engineering projects,L. PCB design,M,"eelab.pcb with IPC-2221 track widths and wide power routing, tolerance Monte-Carlo on the MNA simulator, thermal budget, DRC and fab outputs",Design + simulation (datasheet-typical LM317 parameters).,Nominal output with E96 parts: 5.01 V → 5.01 V (-0.00 %),projects/signal-lab/L-pcb-design/SL207-power-supply-board
SL-208,"Arduino Uno R3 shield (LEDs, button, potentiometer, I²C port)",Signal Lab — 214 electrical-engineering projects,L. PCB design,M,"Uno R3 mechanical data parsed from the official KiCad footprint library (kiutils), eelab.pcb router/DRC/exports, MNA simulation of the LED drive",Real mechanical data: KiCad footprint library (CC-BY-SA 4.0 with exception).,D7 → D8 pin spacing from the KiCad library (the 160-mil quirk): 4.064 mm → 4.06 mm (-0.10 %),projects/signal-lab/L-pcb-design/SL208-arduino-shield
SL-209,Controlled-impedance RF board: 50 Ω microstrip vs grounded CPW,Signal Lab — 214 electrical-engineering projects,L. PCB design,H,"Closed-form synthesis (Wheeler/Hammerstad, conformal-mapping GCPW), own 2-D finite-difference field solver with Richardson extrapolation, eelab.pcb for the via-fenced SMA-to-SMA board",Simulation.,Microstrip w = 3.2 mm: Hammerstad–Jensen vs field solver: 48.89 Ω → 48.53 Ω (-0.72 %),projects/signal-lab/L-pcb-design/SL209-controlled-impedance-rf-board
SL-210,"2-layer vs 4-layer stack-up: impedance, inductance and crosstalk",Signal Lab — 214 electrical-engineering projects,L. PCB design,H,"Own 2-D multi-conductor field solver (Maxwell capacitance and inductance matrices), Hammerstad–Jensen formulas, crosstalk coupling coefficients",Simulation.,"2-layer (h = 1.6 mm): inductance of a 0.2 mm trace, formula (Z0·√εeff/c) vs field solver: 832.5 nH/m → 796.5 nH/m (-4.31 %)",projects/signal-lab/L-pcb-design/SL210-4-layer-stackup-study
SL-211,DRC and manufacturability report (with seeded defects),Signal Lab — 214 electrical-engineering projects,L. PCB design,M,"eelab.pcb design-rule checker (clearance, width, drill, annular ring, edge, courtyard, hole-to-hole, connectivity) run on the SL-205 board; defect seeding; fab-capability comparison",Design (from SL-205).,Violations on the clean board: 0 → 0 (+0),projects/signal-lab/L-pcb-design/SL211-drc-manufacturability-report
SL-212,"BOM, pick-and-place and assembly documentation package",Signal Lab — 214 electrical-engineering projects,L. PCB design,M,"eelab.pcb exporters (grouped BOM, centroid/CPL file, Gerber paste layer), gerbonara to re-read the paste layer, matplotlib assembly drawings",Design (from SL-205).,BOM quantities sum to the number of placed parts: 18 → 18 (+0),projects/signal-lab/L-pcb-design/SL212-bom-and-assembly-docs
SL-213,"Footprint library from IPC-7351 equations, checked against KiCad's",Signal Lab — 214 electrical-engineering projects,L. PCB design,M,"IPC-7351 land-pattern equations (toe/heel/side fillets with RMS tolerance stacking), KiCad .kicad_mod writer, kiutils parser, official KiCad footprint library as reference",Reference: KiCad footprint library (CC-BY-SA 4.0 with exception); package data from JEDEC outlines / typical datasheets.,Generated .kicad_mod files that kiutils parses with the right pad count: 6 → 6 (+0),projects/signal-lab/L-pcb-design/SL213-component-footprint-library
SL-214,Design review: critiquing and re-laying-out the preamp board,Signal Lab — 214 electrical-engineering projects,L. PCB design,M,"Geometric review metrics computed from the routed boards (decoupling-loop length, feedback-node length, channel separation, input/output spacing), eelab.pcb re-layout, DRC/exports",Design (SL-205 v1 and this project's v2).,"DRC violations (clearance, widths, drills, annular rings, edge, courtyards, connectivity): 0 → 0 (+0)",projects/signal-lab/L-pcb-design/SL214-design-review-write-up
