t_us,v_drain,i_primary,i_secondary,v_out
0,0.00995682,0.199136,0.256719,3.61857
0.02,0.0133736,0.267472,-1.00001e-06,3.61693
0.04,0.0136135,0.272269,-1.00001e-06,3.61529
0.06,0.0138533,0.277067,-1.00001e-06,3.61364
0.08,0.0140932,0.281864,-1.00001e-06,3.612
0.1,0.014333,0.286661,-1.00001e-06,3.61036
0.12,0.0145729,0.291458,-1.00001e-06,3.60872
0.14,0.0148128,0.296255,-1.00001e-06,3.60708
0.16,0.0150526,0.301052,-1.00001e-06,3.60544
0.18,0.0152924,0.305849,-1.00001e-06,3.6038
0.2,0.0155323,0.310646,-1.00001e-06,3.60217
0.22,0.0157721,0.315443,-1.00001e-06,3.60053
0.24,0.016012,0.32024,-1.00001e-06,3.59889
0.26,0.0162518,0.325036,-1.00001e-06,3.59726
0.28,0.0164917,0.329833,-1.00001e-06,3.59562
0.3,0.0167315,0.33463,-1.00001e-06,3.59399
0.32,0.0169713,0.339426,-1.00001e-06,3.59236
0.34,0.0172111,0.344223,-1.00001e-06,3.59072
0.36,0.017451,0.349019,-1.00001e-06,3.58909
0.38,0.0176908,0.353816,-1.00001e-06,3.58746
0.4,0.0179306,0.358612,-1.00001e-06,3.58583
0.42,0.0181704,0.363409,-1.00001e-06,3.5842
0.44,0.0184103,0.368205,-1.00001e-06,3.58257
0.46,0.0186501,0.373001,-1.00001e-06,3.58094
0.48,0.0188899,0.377798,-1.00001e-06,3.57932
0.5,0.0191297,0.382594,-1.00001e-06,3.57769
0.52,0.0193695,0.38739,-1.00001e-06,3.57607
0.54,0.0196093,0.392186,-1.00001e-06,3.57444
0.56,0.0198491,0.396982,-1.00001e-06,3.57282
0.58,0.0200889,0.401778,-1.00001e-06,3.57119
0.6,0.0203287,0.406574,-1.00001e-06,3.56957
0.62,0.0205685,0.41137,-1.00001e-06,3.56795
0.64,0.0208083,0.416166,-1.00001e-06,3.56633
0.66,0.0210481,0.420961,-1.00001e-06,3.56471
0.68,0.0212879,0.425757,-1.00001e-06,3.56309
0.7,0.0215276,0.430553,-1.00001e-06,3.56147
0.72,0.0217674,0.435349,-1.00001e-06,3.55985
0.74,0.0220072,0.440144,-1.00001e-06,3.55823
0.76,0.022247,0.44494,-1.00001e-06,3.55662
0.78,0.0224868,0.449735,-1.00001e-06,3.555
0.8,0.0227265,0.454531,-1.00001e-06,3.55338
0.82,0.0229663,0.459326,-1.00001e-06,3.55177
0.84,0.0232061,0.464122,-1.00001e-06,3.55016
0.86,0.0234458,0.468917,-1.00001e-06,3.54854
0.88,0.0236856,0.473712,-1.00001e-06,3.54693
0.9,0.0239254,0.478507,-1.00001e-06,3.54532
0.92,0.0241651,0.483303,-1.00001e-06,3.54371
0.94,0.0244049,0.488098,-1.00001e-06,3.5421
0.96,0.0246446,0.492893,-1.00001e-06,3.54049
0.98,0.0248844,0.497688,-1.00001e-06,3.53888
1,0.0251241,0.502483,-1.00001e-06,3.53727
1.02,0.0253639,0.507278,-1.00001e-06,3.53566
1.04,0.0256036,0.512073,-1.00001e-06,3.53406
1.06,0.0258434,0.516867,-1.00001e-06,3.53245
1.08,0.0260831,0.521662,-1.00001e-06,3.53085
1.1,0.0263229,0.526457,-1.00001e-06,3.52924
1.12,0.0265626,0.531252,-1.00001e-06,3.52764
1.14,0.0268023,0.536046,-1.00001e-06,3.52603
1.16,0.027042,0.540841,-1.00001e-06,3.52443
1.18,0.0272818,0.545636,-1.00001e-06,3.52283
1.2,0.0275215,0.55043,-1.00001e-06,3.52123
1.22,0.0277612,0.555224,-1.00001e-06,3.51963
1.24,0.0280009,0.560019,-1.00001e-06,3.51803
1.26,0.0282407,0.564813,-1.00001e-06,3.51643
1.28,0.0284804,0.569608,-1.00001e-06,3.51483
1.3,0.0287201,0.574402,-1.00001e-06,3.51324
1.32,0.0289598,0.579196,-1.00001e-06,3.51164
1.34,0.0291995,0.58399,-1.00001e-06,3.51005
1.36,0.0294392,0.588784,-1.00001e-06,3.50845
1.38,0.0296789,0.593578,-1.00001e-06,3.50686
1.4,0.0299186,0.598372,-1.00001e-06,3.50526
1.42,0.0301583,0.603166,-1.00001e-06,3.50367
1.44,0.030398,0.60796,-1.00001e-06,3.50208
1.46,0.0306377,0.612754,-1.00001e-06,3.50049
1.48,0.0308774,0.617548,-1.00001e-06,3.4989
1.5,0.0311171,0.622342,-1.00001e-06,3.49731
1.52,0.0313568,0.627136,-1.00001e-06,3.49572
1.54,0.0315965,0.631929,-1.00001e-06,3.49413
1.56,0.0318361,0.636723,-1.00001e-06,3.49254
1.58,0.0320758,0.641517,-1.00001e-06,3.49095
1.6,0.0323155,0.64631,-1.00001e-06,3.48937
1.62,0.0325552,0.651104,-1.00001e-06,3.48778
1.64,0.0327949,0.655897,-1.00001e-06,3.4862
1.66,0.0330345,0.66069,-1.00001e-06,3.48461
1.68,0.0332742,0.665484,-1.00001e-06,3.48303
1.7,0.0335139,0.670277,-1.00001e-06,3.48145
1.72,0.0337535,0.67507,-1.00001e-06,3.47987
1.74,0.0339932,0.679864,-1.00001e-06,3.47828
1.76,0.0342328,0.684657,-1.00001e-06,3.4767
1.78,0.0344725,0.68945,-1.00001e-06,3.47512
1.8,0.0347121,0.694243,-1.00001e-06,3.47354
1.82,0.0349518,0.699036,-1.00001e-06,3.47197
1.84,0.0351914,0.703829,-1.00001e-06,3.47039
1.86,0.0354311,0.708622,-1.00001e-06,3.46881
1.88,0.0356707,0.713415,-1.00001e-06,3.46724
1.9,0.0359104,0.718208,-1.00001e-06,3.46566
1.92,0.03615,0.723,-1.00001e-06,3.46409
1.94,0.0363897,0.727793,-1.00001e-06,3.46251
1.96,0.0366293,0.732586,-1.00001e-06,3.46094
1.98,0.0368689,0.737378,-1.00001e-06,3.45937
2,0.0371086,0.742171,-1.00001e-06,3.45779
2.02,0.0373482,0.746964,-1.00001e-06,3.45622
2.04,0.0375878,0.751756,-1.00001e-06,3.45465
2.06,0.0378274,0.756548,-1.00001e-06,3.45308
2.08,0.038067,0.761341,-1.00001e-06,3.45151
2.1,0.0383067,0.766133,-1.00001e-06,3.44994
2.12,0.0385463,0.770926,-1.00001e-06,3.44838
2.14,0.0387859,0.775718,-1.00001e-06,3.44681
2.16,0.0390255,0.78051,-1.00001e-06,3.44524
2.18,0.0392651,0.785302,-1.00001e-06,3.44368
2.2,0.0395047,0.790094,-1.00001e-06,3.44211
2.22,0.0397443,0.794886,-1.00001e-06,3.44055
2.24,0.0399839,0.799678,-1.00001e-06,3.43899
2.26,0.0402235,0.80447,-1.00001e-06,3.43742
2.28,0.0404631,0.809262,-1.00001e-06,3.43586
2.3,0.0407027,0.814054,-1.00001e-06,3.4343
2.32,0.0409423,0.818846,-1.00001e-06,3.43274
2.34,0.0411819,0.823638,-1.00001e-06,3.43118
2.36,0.0414215,0.828429,-1.00001e-06,3.42962
2.38,0.0416611,0.833221,-1.00001e-06,3.42806
2.4,0.0419006,0.838013,-1.00001e-06,3.4265
2.42,0.0421402,0.842804,-1.00001e-06,3.42495
2.44,0.0423798,0.847596,-1.00001e-06,3.42339
2.46,0.0426194,0.852387,-1.00001e-06,3.42184
2.48,0.0428589,0.857179,-1.00001e-06,3.42028
2.5,0.0430985,0.86197,-1.00001e-06,3.41873
2.52,0.0433381,0.866762,-1.00001e-06,3.41717
2.54,0.0435776,0.871553,-1.00001e-06,3.41562
2.56,0.0438172,0.876344,-1.00001e-06,3.41407
2.58,0.0440568,0.881135,-1.00001e-06,3.41252
2.6,0.0442963,0.885926,-1.00001e-06,3.41097
2.62,0.0445359,0.890718,-1.00001e-06,3.40942
2.64,0.0447754,0.895509,-1.00001e-06,3.40787
2.66,0.045015,0.9003,-1.00001e-06,3.40632
2.68,0.0452545,0.905091,-1.00001e-06,3.40477
2.7,0.0454941,0.909881,-1.00001e-06,3.40322
2.72,0.0457336,0.914672,-1.00001e-06,3.40168
2.74,0.0459732,0.919463,-1.00001e-06,3.40013
2.76,0.0462127,0.924254,-1.00001e-06,3.39859
2.78,0.0464522,0.929045,-1.00001e-06,3.39704
2.8,0.0466918,0.933835,-1.00001e-06,3.3955
2.82,0.0469313,0.938626,-1.00001e-06,3.39396
2.84,0.0471708,0.943417,-1.00001e-06,3.39241
2.86,0.0474104,0.948207,-1.00001e-06,3.39087
2.88,0.0476499,0.952998,-1.00001e-06,3.38933
2.9,0.0478894,0.957788,-1.00001e-06,3.38779
2.92,0.0481289,0.962578,-1.00001e-06,3.38625
2.94,0.0483684,0.967369,-1.00001e-06,3.38471
2.96,0.0486079,0.972159,-1.00001e-06,3.38318
2.98,0.0488475,0.976949,-1.00001e-06,3.38164
3,0.049087,0.981739,-1.00001e-06,3.3801
3.02,0.0493265,0.98653,-1.00001e-06,3.37857
3.04,0.049566,0.99132,-1.00001e-06,3.37703
3.06,0.0498055,0.99611,-1.00001e-06,3.3755
3.08,0.050045,1.0009,-1.00001e-06,3.37396
3.1,0.0502845,1.00569,-1.00001e-06,3.37243
3.12,0.050524,1.01048,-1.00001e-06,3.3709
3.14,0.0507635,1.01527,-1.00001e-06,3.36937
3.16,0.051003,1.02006,-1.00001e-06,3.36783
3.18,0.0512425,1.02485,-1.00001e-06,3.3663
3.2,0.0514819,1.02964,-1.00001e-06,3.36477
3.22,0.0517214,1.03443,-1.00001e-06,3.36325
3.24,0.0519609,1.03922,-1.00001e-06,3.36172
3.26,0.0522004,1.04401,-1.00001e-06,3.36019
3.28,0.0524399,1.0488,-1.00001e-06,3.35866
3.3,0.0526793,1.05359,-1.00001e-06,3.35714
3.32,0.0529188,1.05838,-1.00001e-06,3.35561
3.34,0.0531583,1.06317,-1.00001e-06,3.35409
3.36,0.0533977,1.06795,-1.00001e-06,3.35256
3.38,0.0536372,1.07274,-1.00001e-06,3.35104
3.4,0.0538767,1.07753,-1.00001e-06,3.34952
3.42,0.0541161,1.08232,-1.00001e-06,3.34799
3.44,0.0543556,1.08711,-1.00001e-06,3.34647
3.46,0.054595,1.0919,-1.00001e-06,3.34495
3.48,0.0548345,1.09669,-1.00001e-06,3.34343
3.5,0.0550739,1.10148,-1.00001e-06,3.34191
3.52,0.0553134,1.10627,-1.00001e-06,3.3404
3.54,0.0555528,1.11106,-1.00001e-06,3.33888
3.56,0.0557923,1.11585,-1.00001e-06,3.33736
3.58,0.0560317,1.12063,-1.00001e-06,3.33584
3.6,0.0562712,1.12542,-1.00001e-06,3.33433
3.62,0.0565106,1.13021,-1.00001e-06,3.33281
3.64,0.05675,1.135,-1.00001e-06,3.3313
3.66,0.0569894,1.13979,-1.00001e-06,3.32978
3.68,0.0572289,1.14458,-1.00001e-06,3.32827
3.7,0.0574683,1.14937,-1.00001e-06,3.32676
3.72,0.0577077,1.15415,-1.00001e-06,3.32525
3.74,0.0579471,1.15894,-1.00001e-06,3.32374
3.76,0.0581866,1.16373,-1.00001e-06,3.32223
3.78,0.058426,1.16852,-1.00001e-06,3.32072
3.8,0.0586654,1.17331,-1.00001e-06,3.31921
3.82,0.0589048,1.1781,-1.00001e-06,3.3177
3.84,0.0591442,1.18288,-1.00001e-06,3.31619
3.86,0.0593836,1.18767,-1.00001e-06,3.31469
3.88,0.059623,1.19246,-1.00001e-06,3.31318
3.9,0.0598624,1.19725,-1.00001e-06,3.31167
3.92,0.0601018,1.20204,-1.00001e-06,3.31017
3.94,0.0603412,1.20682,-1.00001e-06,3.30866
3.96,0.0605806,1.21161,-1.00001e-06,3.30716
3.98,0.06082,1.2164,-1.00001e-06,3.30566
4,50.7547,1.1566,0.240464,3.30427
4.02,52.8395,1.0173,0.780416,3.30335
4.04,54.6159,0.860028,1.39145,3.30297
4.06,56.0519,0.687907,2.06126,3.30318
4.08,57.1221,0.504459,2.7759,3.30404
4.1,57.8067,0.313467,3.52038,3.30557
4.12,58.0842,0.118941,4.27884,3.30778
4.14,43.053,4.3052e-05,4.73779,3.31055
4.16,38.7256,3.87246e-05,4.72591,3.31334
4.18,38.7364,3.87354e-05,4.714,3.31612
4.2,38.7471,3.87461e-05,4.70209,3.31889
4.22,38.7577,3.87567e-05,4.69016,3.32165
4.24,38.7684,3.87673e-05,4.67823,3.32439
4.26,38.7789,3.87779e-05,4.66629,3.32713
4.28,38.7894,3.87884e-05,4.65434,3.32985
4.3,38.7999,3.87989e-05,4.64238,3.33256
4.32,38.8103,3.88093e-05,4.63042,3.33525
4.34,38.8206,3.88196e-05,4.61844,3.33794
4.36,38.8309,3.88299e-05,4.60646,3.34061
4.38,38.8412,3.88402e-05,4.59447,3.34327
4.4,38.8514,3.88504e-05,4.58247,3.34592
4.42,38.8616,3.88606e-05,4.57046,3.34855
4.44,38.8717,3.88707e-05,4.55845,3.35118
4.46,38.8818,3.88808e-05,4.54643,3.35379
4.48,38.8918,3.88908e-05,4.53439,3.35639
4.5,38.9018,3.89007e-05,4.52235,3.35898
4.52,38.9117,3.89107e-05,4.51031,3.36155
4.54,38.9215,3.89205e-05,4.49825,3.36412
4.56,38.9314,3.89304e-05,4.48619,3.36667
4.58,38.9411,3.89401e-05,4.47411,3.36921
4.6,38.9509,3.89498e-05,4.46203,3.37173
4.62,38.9605,3.89595e-05,4.44995,3.37425
4.64,38.9702,3.89691e-05,4.43785,3.37675
4.66,38.9797,3.89787e-05,4.42575,3.37924
4.68,38.9893,3.89883e-05,4.41364,3.38172
4.7,38.9988,3.89977e-05,4.40152,3.38418
4.72,39.0082,3.90072e-05,4.38939,3.38664
4.74,39.0176,3.90165e-05,4.37726,3.38908
4.76,39.0269,3.90259e-05,4.36512,3.39151
4.78,39.0362,3.90352e-05,4.35297,3.39393
4.8,39.0454,3.90444e-05,4.34082,3.39633
4.82,39.0546,3.90536e-05,4.32865,3.39873
4.84,39.0637,3.90627e-05,4.31648,3.40111
4.86,39.0728,3.90718e-05,4.3043,3.40348
4.88,39.0819,3.90808e-05,4.29212,3.40583
4.9,39.0908,3.90898e-05,4.27992,3.40818
4.92,39.0998,3.90988e-05,4.26772,3.41051
4.94,39.1087,3.91077e-05,4.25552,3.41283
4.96,39.1175,3.91165e-05,4.2433,3.41514
4.98,39.1263,3.91253e-05,4.23108,3.41744
5,39.135,3.9134e-05,4.21885,3.41972
5.02,39.1437,3.91427e-05,4.20662,3.42199
5.04,39.1524,3.91514e-05,4.19437,3.42425
5.06,39.161,3.916e-05,4.18212,3.4265
5.08,39.1695,3.91685e-05,4.16987,3.42873
5.1,39.178,3.9177e-05,4.1576,3.43096
5.12,39.1865,3.91854e-05,4.14533,3.43317
5.14,39.1949,3.91938e-05,4.13306,3.43537
5.16,39.2032,3.92022e-05,4.12077,3.43755
5.18,39.2115,3.92105e-05,4.10848,3.43973
5.2,39.2198,3.92187e-05,4.09619,3.44189
5.22,39.228,3.92269e-05,4.08388,3.44404
5.24,39.2361,3.92351e-05,4.07157,3.44618
5.26,39.2442,3.92432e-05,4.05925,3.4483
5.28,39.2523,3.92512e-05,4.04693,3.45042
5.3,39.2603,3.92593e-05,4.0346,3.45252
5.32,39.2682,3.92672e-05,4.02226,3.45461
5.34,39.2761,3.92751e-05,4.00992,3.45669
5.36,39.284,3.9283e-05,3.99757,3.45875
5.38,39.2918,3.92908e-05,3.98522,3.4608
5.4,39.2995,3.92985e-05,3.97286,3.46284
5.42,39.3073,3.93062e-05,3.96049,3.46487
5.44,39.3149,3.93139e-05,3.94811,3.46689
5.46,39.3225,3.93215e-05,3.93573,3.46889
5.48,39.3301,3.93291e-05,3.92335,3.47089
5.5,39.3376,3.93366e-05,3.91095,3.47287
5.52,39.345,3.9344e-05,3.89856,3.47483
5.54,39.3525,3.93514e-05,3.88615,3.47679
5.56,39.3598,3.93588e-05,3.87374,3.47873
5.58,39.3671,3.93661e-05,3.86132,3.48066
5.6,39.3744,3.93734e-05,3.8489,3.48258
5.62,39.3816,3.93806e-05,3.83647,3.48449
5.64,39.3888,3.93878e-05,3.82404,3.48638
5.66,39.3959,3.93949e-05,3.8116,3.48827
5.68,39.403,3.94019e-05,3.79915,3.49014
5.7,39.41,3.9409e-05,3.7867,3.492
5.72,39.4169,3.94159e-05,3.77425,3.49384
5.74,39.4239,3.94228e-05,3.76178,3.49568
5.76,39.4307,3.94297e-05,3.74932,3.4975
5.78,39.4375,3.94365e-05,3.73684,3.49931
5.8,39.4443,3.94433e-05,3.72436,3.5011
5.82,39.451,3.945e-05,3.71188,3.50289
5.84,39.4577,3.94567e-05,3.69939,3.50466
5.86,39.4643,3.94633e-05,3.68689,3.50642
5.88,39.4709,3.94699e-05,3.67439,3.50817
5.9,39.4774,3.94764e-05,3.66189,3.50991
5.92,39.4839,3.94829e-05,3.64938,3.51163
5.94,39.4903,3.94893e-05,3.63686,3.51335
5.96,39.4967,3.94957e-05,3.62434,3.51505
5.98,39.503,3.9502e-05,3.61181,3.51673
6,39.5093,3.95083e-05,3.59928,3.51841
6.02,39.5155,3.95145e-05,3.58675,3.52007
6.04,39.5217,3.95207e-05,3.5742,3.52172
6.06,39.5278,3.95268e-05,3.56166,3.52336
6.08,39.5339,3.95329e-05,3.54911,3.52499
6.1,39.5399,3.95389e-05,3.53655,3.52661
6.12,39.5459,3.95449e-05,3.52399,3.52821
6.14,39.5518,3.95508e-05,3.51142,3.5298
6.16,39.5577,3.95567e-05,3.49885,3.53138
6.18,39.5635,3.95625e-05,3.48628,3.53294
6.2,39.5693,3.95683e-05,3.4737,3.5345
6.22,39.575,3.9574e-05,3.46111,3.53604
6.24,39.5807,3.95797e-05,3.44852,3.53757
6.26,39.5863,3.95853e-05,3.43593,3.53909
6.28,39.5919,3.95909e-05,3.42333,3.5406
6.3,39.5974,3.95964e-05,3.41073,3.54209
6.32,39.6029,3.96019e-05,3.39812,3.54357
6.34,39.6083,3.96073e-05,3.38551,3.54504
6.36,39.6137,3.96127e-05,3.37289,3.5465
6.38,39.619,3.9618e-05,3.36027,3.54794
6.4,39.6243,3.96233e-05,3.34765,3.54938
6.42,39.6296,3.96285e-05,3.33502,3.5508
6.44,39.6347,3.96337e-05,3.32239,3.5522
6.46,39.6399,3.96389e-05,3.30975,3.5536
6.48,39.645,3.96439e-05,3.29711,3.55499
6.5,39.65,3.9649e-05,3.28446,3.55636
6.52,39.655,3.9654e-05,3.27181,3.55772
6.54,39.6599,3.96589e-05,3.25916,3.55907
6.56,39.6648,3.96638e-05,3.2465,3.5604
6.58,39.6696,3.96686e-05,3.23384,3.56173
6.6,39.6744,3.96734e-05,3.22117,3.56304
6.62,39.6791,3.96781e-05,3.2085,3.56434
6.64,39.6838,3.96828e-05,3.19583,3.56563
6.66,39.6885,3.96875e-05,3.18316,3.5669
6.68,39.6931,3.9692e-05,3.17048,3.56816
6.7,39.6976,3.96966e-05,3.15779,3.56942
6.72,39.7021,3.97011e-05,3.1451,3.57066
6.74,39.7065,3.97055e-05,3.13241,3.57188
6.76,39.7109,3.97099e-05,3.11972,3.5731
6.78,39.7152,3.97142e-05,3.10702,3.5743
6.8,39.7195,3.97185e-05,3.09432,3.57549
6.82,39.7238,3.97228e-05,3.08161,3.57667
6.84,39.728,3.97269e-05,3.0689,3.57784
6.86,39.7321,3.97311e-05,3.05619,3.57899
6.88,39.7362,3.97352e-05,3.04348,3.58013
6.9,39.7402,3.97392e-05,3.03076,3.58126
6.92,39.7442,3.97432e-05,3.01804,3.58238
6.94,39.7482,3.97471e-05,3.00531,3.58349
6.96,39.752,3.9751e-05,2.99258,3.58458
6.98,39.7559,3.97549e-05,2.97985,3.58566
7,39.7597,3.97587e-05,2.96712,3.58673
7.02,39.7634,3.97624e-05,2.95438,3.58779
7.04,39.7671,3.97661e-05,2.94164,3.58884
7.06,39.7707,3.97697e-05,2.9289,3.58987
7.08,39.7743,3.97733e-05,2.91615,3.59089
7.1,39.7779,3.97769e-05,2.9034,3.5919
7.12,39.7814,3.97804e-05,2.89065,3.5929
7.14,39.7848,3.97838e-05,2.87789,3.59389
7.16,39.7882,3.97872e-05,2.86514,3.59486
7.18,39.7915,3.97905e-05,2.85238,3.59582
7.2,39.7948,3.97938e-05,2.83961,3.59677
7.22,39.7981,3.97971e-05,2.82685,3.59771
7.24,39.8013,3.98003e-05,2.81408,3.59864
7.26,39.8044,3.98034e-05,2.80131,3.59955
7.28,39.8075,3.98065e-05,2.78854,3.60045
7.3,39.8105,3.98095e-05,2.77576,3.60134
7.32,39.8135,3.98125e-05,2.76298,3.60222
7.34,39.8165,3.98155e-05,2.7502,3.60308
7.36,39.8194,3.98184e-05,2.73742,3.60394
7.38,39.8222,3.98212e-05,2.72463,3.60478
7.4,39.825,3.9824e-05,2.71185,3.60561
7.42,39.8278,3.98267e-05,2.69906,3.60642
7.44,39.8304,3.98294e-05,2.68627,3.60723
7.46,39.8331,3.98321e-05,2.67347,3.60802
7.48,39.8357,3.98347e-05,2.66068,3.6088
7.5,39.8382,3.98372e-05,2.64788,3.60957
7.52,39.8407,3.98397e-05,2.63508,3.61033
7.54,39.8432,3.98422e-05,2.62228,3.61108
7.56,39.8456,3.98445e-05,2.60947,3.61181
7.58,39.8479,3.98469e-05,2.59667,3.61253
7.6,39.8502,3.98492e-05,2.58386,3.61324
7.62,39.8524,3.98514e-05,2.57105,3.61394
7.64,39.8546,3.98536e-05,2.55824,3.61462
7.66,39.8568,3.98558e-05,2.54542,3.6153
7.68,39.8589,3.98579e-05,2.53261,3.61596
7.7,39.8609,3.98599e-05,2.51979,3.61661
7.72,39.8629,3.98619e-05,2.50697,3.61725
7.74,39.8649,3.98638e-05,2.49415,3.61787
7.76,39.8667,3.98657e-05,2.48133,3.61849
7.78,39.8686,3.98676e-05,2.46851,3.61909
7.8,39.8704,3.98694e-05,2.45569,3.61968
7.82,39.8721,3.98711e-05,2.44286,3.62026
7.84,39.8738,3.98728e-05,2.43003,3.62082
7.86,39.8755,3.98744e-05,2.41721,3.62138
7.88,39.8771,3.9876e-05,2.40438,3.62192
7.9,39.8786,3.98776e-05,2.39154,3.62245
7.92,39.8801,3.98791e-05,2.37871,3.62297
7.94,39.8815,3.98805e-05,2.36588,3.62348
7.96,39.8829,3.98819e-05,2.35304,3.62397
7.98,39.8843,3.98832e-05,2.34021,3.62445
8,39.8856,3.98845e-05,2.32737,3.62493
8.02,39.8868,3.98858e-05,2.31454,3.62539
8.04,39.888,3.9887e-05,2.3017,3.62583
8.06,39.8891,3.98881e-05,2.28886,3.62627
8.08,39.8902,3.98892e-05,2.27602,3.62669
8.1,39.8913,3.98902e-05,2.26318,3.6271
8.12,39.8922,3.98912e-05,2.25033,3.6275
8.14,39.8932,3.98922e-05,2.23749,3.62789
8.16,39.8941,3.98931e-05,2.22465,3.62827
8.18,39.8949,3.98939e-05,2.2118,3.62863
8.2,39.8957,3.98947e-05,2.19896,3.62898
8.22,39.8964,3.98954e-05,2.18611,3.62932
8.24,39.8971,3.98961e-05,2.17327,3.62965
8.26,39.8978,3.98967e-05,2.16042,3.62997
8.28,39.8983,3.98973e-05,2.14757,3.63028
8.3,39.8989,3.98979e-05,2.13473,3.63057
8.32,39.8994,3.98983e-05,2.12188,3.63085
8.34,39.8998,3.98988e-05,2.10903,3.63112
8.36,39.9002,3.98992e-05,2.09618,3.63138
8.38,39.9005,3.98995e-05,2.08333,3.63162
8.4,39.9008,3.98998e-05,2.07048,3.63186
8.42,39.901,3.99e-05,2.05763,3.63208
8.44,39.9012,3.99002e-05,2.04478,3.63229
8.46,39.9013,3.99003e-05,2.03194,3.63249
8.48,39.9014,3.99004e-05,2.01909,3.63268
8.5,39.9014,3.99004e-05,2.00624,3.63285
8.52,39.9014,3.99004e-05,1.99339,3.63302
8.54,39.9013,3.99003e-05,1.98054,3.63317
8.56,39.9012,3.99002e-05,1.96769,3.63331
8.58,39.901,3.99e-05,1.95484,3.63344
8.6,39.9008,3.98998e-05,1.94199,3.63356
8.62,39.9005,3.98995e-05,1.92914,3.63366
8.64,39.9002,3.98992e-05,1.91629,3.63375
8.66,39.8998,3.98988e-05,1.90344,3.63384
8.68,39.8994,3.98984e-05,1.89059,3.6339
8.7,39.8989,3.98979e-05,1.87775,3.63396
8.72,39.8984,3.98974e-05,1.8649,3.63401
8.74,39.8978,3.98968e-05,1.85205,3.63404
8.76,39.8972,3.98962e-05,1.83921,3.63407
8.78,39.8965,3.98955e-05,1.82636,3.63408
8.8,39.8957,3.98947e-05,1.81352,3.63408
8.82,39.895,3.98939e-05,1.80067,3.63407
8.84,39.8941,3.98931e-05,1.78783,3.63404
8.86,39.8932,3.98922e-05,1.77498,3.63401
8.88,39.8923,3.98913e-05,1.76214,3.63396
8.9,39.8913,3.98903e-05,1.7493,3.6339
8.92,39.8902,3.98892e-05,1.73646,3.63383
8.94,39.8891,3.98881e-05,1.72362,3.63375
8.96,39.888,3.9887e-05,1.71078,3.63366
8.98,39.8868,3.98858e-05,1.69794,3.63355
9,39.8855,3.98845e-05,1.6851,3.63343
9.02,39.8842,3.98832e-05,1.67227,3.63331
9.04,39.8829,3.98818e-05,1.65943,3.63317
9.06,39.8814,3.98804e-05,1.6466,3.63301
9.08,39.88,3.9879e-05,1.63377,3.63285
9.1,39.8785,3.98775e-05,1.62094,3.63268
9.12,39.8769,3.98759e-05,1.60811,3.63249
9.14,39.8753,3.98743e-05,1.59528,3.63229
9.16,39.8736,3.98726e-05,1.58245,3.63208
9.18,39.8719,3.98709e-05,1.56962,3.63186
9.2,39.8701,3.98691e-05,1.5568,3.63163
9.22,39.8683,3.98673e-05,1.54398,3.63139
9.24,39.8664,3.98654e-05,1.53115,3.63113
9.26,39.8645,3.98634e-05,1.51833,3.63086
9.28,39.8625,3.98615e-05,1.50552,3.63058
9.3,39.8604,3.98594e-05,1.4927,3.63029
9.32,39.8583,3.98573e-05,1.47988,3.62999
9.34,39.8562,3.98552e-05,1.46707,3.62968
9.36,39.854,3.9853e-05,1.45426,3.62935
9.38,39.8517,3.98507e-05,1.44145,3.62902
9.4,39.8494,3.98484e-05,1.42864,3.62867
9.42,39.8471,3.9846e-05,1.41583,3.62831
9.44,39.8446,3.98436e-05,1.40303,3.62794
9.46,39.8422,3.98412e-05,1.39023,3.62756
9.48,39.8396,3.98386e-05,1.37743,3.62716
9.5,39.8371,3.98361e-05,1.36463,3.62676
9.52,39.8344,3.98334e-05,1.35183,3.62634
9.54,39.8317,3.98307e-05,1.33904,3.62591
9.56,39.829,3.9828e-05,1.32625,3.62547
9.58,39.8262,3.98252e-05,1.31346,3.62502
9.6,39.8234,3.98223e-05,1.30067,3.62456
9.62,39.8204,3.98194e-05,1.28789,3.62409
9.64,39.8175,3.98165e-05,1.2751,3.6236
9.66,39.8145,3.98135e-05,1.26232,3.62311
9.68,39.8114,3.98104e-05,1.24955,3.6226
9.7,39.8083,3.98072e-05,1.23677,3.62208
9.72,39.8051,3.98041e-05,1.224,3.62155
9.74,39.8018,3.98008e-05,1.21123,3.62101
9.76,39.7985,3.97975e-05,1.19846,3.62045
9.78,39.7952,3.97942e-05,1.1857,3.61989
9.8,39.7918,3.97908e-05,1.17294,3.61931
9.82,39.7883,3.97873e-05,1.16018,3.61873
9.84,39.7848,3.97838e-05,1.14742,3.61813
9.86,39.7812,3.97802e-05,1.13467,3.61752
9.88,39.7776,3.97765e-05,1.12192,3.6169
9.9,39.7739,3.97728e-05,1.10917,3.61626
9.92,39.7701,3.97691e-05,1.09643,3.61562
9.94,39.7663,3.97653e-05,1.08368,3.61496
9.96,39.7624,3.97614e-05,1.07095,3.6143
9.98,39.7585,3.97575e-05,1.05821,3.61362
10,0.00995094,0.199019,0.257582,3.61257
10.02,0.0133784,0.267568,-1.00001e-06,3.61093
10.04,0.0136183,0.272365,-1.00001e-06,3.60929
10.06,0.0138581,0.277163,-1.00001e-06,3.60765
10.08,0.014098,0.28196,-1.00001e-06,3.60601
10.1,0.0143378,0.286757,-1.00001e-06,3.60437
10.12,0.0145777,0.291554,-1.00001e-06,3.60273
10.14,0.0148176,0.296351,-1.00001e-06,3.6011
10.16,0.0150574,0.301148,-1.00001e-06,3.59946
10.18,0.0152972,0.305945,-1.00001e-06,3.59783
10.2,0.0155371,0.310742,-1.00001e-06,3.59619
10.22,0.0157769,0.315539,-1.00001e-06,3.59456
10.24,0.0160168,0.320336,-1.00001e-06,3.59292
10.26,0.0162566,0.325132,-1.00001e-06,3.59129
10.28,0.0164964,0.329929,-1.00001e-06,3.58966
10.3,0.0167363,0.334726,-1.00001e-06,3.58803
10.32,0.0169761,0.339522,-1.00001e-06,3.5864
10.34,0.0172159,0.344319,-1.00001e-06,3.58477
10.36,0.0174558,0.349115,-1.00001e-06,3.58314
10.38,0.0176956,0.353912,-1.00001e-06,3.58151
10.4,0.0179354,0.358708,-1.00001e-06,3.57988
10.42,0.0181752,0.363505,-1.00001e-06,3.57826
10.44,0.018415,0.368301,-1.00001e-06,3.57663
10.46,0.0186549,0.373097,-1.00001e-06,3.57501
10.48,0.0188947,0.377893,-1.00001e-06,3.57338
10.5,0.0191345,0.38269,-1.00001e-06,3.57176
10.52,0.0193743,0.387486,-1.00001e-06,3.57013
10.54,0.0196141,0.392282,-1.00001e-06,3.56851
10.56,0.0198539,0.397078,-1.00001e-06,3.56689
10.58,0.0200937,0.401874,-1.00001e-06,3.56527
10.6,0.0203335,0.40667,-1.00001e-06,3.56365
10.62,0.0205733,0.411466,-1.00001e-06,3.56203
10.64,0.0208131,0.416262,-1.00001e-06,3.56041
10.66,0.0210529,0.421057,-1.00001e-06,3.55879
10.68,0.0212927,0.425853,-1.00001e-06,3.55718
10.7,0.0215324,0.430649,-1.00001e-06,3.55556
10.72,0.0217722,0.435445,-1.00001e-06,3.55395
10.74,0.022012,0.44024,-1.00001e-06,3.55233
10.76,0.0222518,0.445036,-1.00001e-06,3.55072
10.78,0.0224916,0.449831,-1.00001e-06,3.5491
10.8,0.0227313,0.454627,-1.00001e-06,3.54749
10.82,0.0229711,0.459422,-1.00001e-06,3.54588
10.84,0.0232109,0.464217,-1.00001e-06,3.54427
10.86,0.0234506,0.469013,-1.00001e-06,3.54266
10.88,0.0236904,0.473808,-1.00001e-06,3.54105
10.9,0.0239302,0.478603,-1.00001e-06,3.53944
10.92,0.0241699,0.483398,-1.00001e-06,3.53783
10.94,0.0244097,0.488194,-1.00001e-06,3.53622
10.96,0.0246494,0.492989,-1.00001e-06,3.53462
10.98,0.0248892,0.497784,-1.00001e-06,3.53301
11,0.0251289,0.502579,-1.00001e-06,3.5314
11.02,0.0253687,0.507374,-1.00001e-06,3.5298
11.04,0.0256084,0.512169,-1.00001e-06,3.5282
11.06,0.0258482,0.516963,-1.00001e-06,3.52659
11.08,0.0260879,0.521758,-1.00001e-06,3.52499
11.1,0.0263276,0.526553,-1.00001e-06,3.52339
11.12,0.0265674,0.531348,-1.00001e-06,3.52179
11.14,0.0268071,0.536142,-1.00001e-06,3.52019
11.16,0.0270468,0.540937,-1.00001e-06,3.51859
11.18,0.0272866,0.545731,-1.00001e-06,3.51699
11.2,0.0275263,0.550526,-1.00001e-06,3.51539
11.22,0.027766,0.55532,-1.00001e-06,3.51379
11.24,0.0280057,0.560115,-1.00001e-06,3.5122
11.26,0.0282455,0.564909,-1.00001e-06,3.5106
11.28,0.0284852,0.569703,-1.00001e-06,3.50901
11.3,0.0287249,0.574498,-1.00001e-06,3.50741
11.32,0.0289646,0.579292,-1.00001e-06,3.50582
11.34,0.0292043,0.584086,-1.00001e-06,3.50422
11.36,0.029444,0.58888,-1.00001e-06,3.50263
11.38,0.0296837,0.593674,-1.00001e-06,3.50104
11.4,0.0299234,0.598468,-1.00001e-06,3.49945
11.42,0.0301631,0.603262,-1.00001e-06,3.49786
11.44,0.0304028,0.608056,-1.00001e-06,3.49627
11.46,0.0306425,0.61285,-1.00001e-06,3.49468
11.48,0.0308822,0.617644,-1.00001e-06,3.49309
11.5,0.0311219,0.622438,-1.00001e-06,3.49151
11.52,0.0313616,0.627232,-1.00001e-06,3.48992
11.54,0.0316013,0.632025,-1.00001e-06,3.48833
11.56,0.0318409,0.636819,-1.00001e-06,3.48675
11.58,0.0320806,0.641612,-1.00001e-06,3.48516
11.6,0.0323203,0.646406,-1.00001e-06,3.48358
11.62,0.03256,0.6512,-1.00001e-06,3.482
11.64,0.0327996,0.655993,-1.00001e-06,3.48042
11.66,0.0330393,0.660786,-1.00001e-06,3.47883
11.68,0.033279,0.66558,-1.00001e-06,3.47725
11.7,0.0335187,0.670373,-1.00001e-06,3.47567
11.72,0.0337583,0.675166,-1.00001e-06,3.47409
11.74,0.033998,0.679959,-1.00001e-06,3.47252
11.76,0.0342376,0.684753,-1.00001e-06,3.47094
11.78,0.0344773,0.689546,-1.00001e-06,3.46936
11.8,0.0347169,0.694339,-1.00001e-06,3.46778
11.82,0.0349566,0.699132,-1.00001e-06,3.46621
11.84,0.0351962,0.703925,-1.00001e-06,3.46463
11.86,0.0354359,0.708718,-1.00001e-06,3.46306
11.88,0.0356755,0.713511,-1.00001e-06,3.46149
11.9,0.0359152,0.718303,-1.00001e-06,3.45991
11.92,0.0361548,0.723096,-1.00001e-06,3.45834
11.94,0.0363944,0.727889,-1.00001e-06,3.45677
11.96,0.0366341,0.732682,-1.00001e-06,3.4552
11.98,0.0368737,0.737474,-1.00001e-06,3.45363
12,0.0371133,0.742267,-1.00001e-06,3.45206
12.02,0.037353,0.747059,-1.00001e-06,3.45049
12.04,0.0375926,0.751852,-1.00001e-06,3.44892
12.06,0.0378322,0.756644,-1.00001e-06,3.44736
12.08,0.0380718,0.761437,-1.00001e-06,3.44579
12.1,0.0383115,0.766229,-1.00001e-06,3.44422
12.12,0.0385511,0.771021,-1.00001e-06,3.44266
12.14,0.0387907,0.775814,-1.00001e-06,3.44109
12.16,0.0390303,0.780606,-1.00001e-06,3.43953
12.18,0.0392699,0.785398,-1.00001e-06,3.43797
12.2,0.0395095,0.79019,-1.00001e-06,3.43641
12.22,0.0397491,0.794982,-1.00001e-06,3.43484
12.24,0.0399887,0.799774,-1.00001e-06,3.43328
12.26,0.0402283,0.804566,-1.00001e-06,3.43172
12.28,0.0404679,0.809358,-1.00001e-06,3.43016
12.3,0.0407075,0.81415,-1.00001e-06,3.4286
12.32,0.0409471,0.818942,-1.00001e-06,3.42705
12.34,0.0411867,0.823734,-1.00001e-06,3.42549
12.36,0.0414263,0.828525,-1.00001e-06,3.42393
12.38,0.0416658,0.833317,-1.00001e-06,3.42238
12.4,0.0419054,0.838109,-1.00001e-06,3.42082
12.42,0.042145,0.8429,-1.00001e-06,3.41927
12.44,0.0423846,0.847692,-1.00001e-06,3.41771
12.46,0.0426242,0.852483,-1.00001e-06,3.41616
12.48,0.0428637,0.857275,-1.00001e-06,3.41461
12.5,0.0431033,0.862066,-1.00001e-06,3.41306
12.52,0.0433429,0.866857,-1.00001e-06,3.41151
12.54,0.0435824,0.871649,-1.00001e-06,3.40996
12.56,0.043822,0.87644,-1.00001e-06,3.40841
12.58,0.0440616,0.881231,-1.00001e-06,3.40686
12.6,0.0443011,0.886022,-1.00001e-06,3.40531
12.62,0.0445407,0.890813,-1.00001e-06,3.40376
12.64,0.0447802,0.895604,-1.00001e-06,3.40222
12.66,0.0450198,0.900395,-1.00001e-06,3.40067
12.68,0.0452593,0.905186,-1.00001e-06,3.39912
12.7,0.0454989,0.909977,-1.00001e-06,3.39758
12.72,0.0457384,0.914768,-1.00001e-06,3.39604
12.74,0.045978,0.919559,-1.00001e-06,3.39449
12.76,0.0462175,0.92435,-1.00001e-06,3.39295
12.78,0.046457,0.929141,-1.00001e-06,3.39141
12.8,0.0466966,0.933931,-1.00001e-06,3.38987
12.82,0.0469361,0.938722,-1.00001e-06,3.38833
12.84,0.0471756,0.943512,-1.00001e-06,3.38679
12.86,0.0474151,0.948303,-1.00001e-06,3.38525
12.88,0.0476547,0.953093,-1.00001e-06,3.38371
12.9,0.0478942,0.957884,-1.00001e-06,3.38217
12.92,0.0481337,0.962674,-1.00001e-06,3.38064
12.94,0.0483732,0.967465,-1.00001e-06,3.3791
12.96,0.0486127,0.972255,-1.00001e-06,3.37757
12.98,0.0488523,0.977045,-1.00001e-06,3.37603
13,0.0490918,0.981835,-1.00001e-06,3.3745
13.02,0.0493313,0.986625,-1.00001e-06,3.37296
13.04,0.0495708,0.991416,-1.00001e-06,3.37143
13.06,0.0498103,0.996206,-1.00001e-06,3.3699
13.08,0.0500498,1.001,-1.00001e-06,3.36837
13.1,0.0502893,1.00579,-1.00001e-06,3.36684
13.12,0.0505288,1.01058,-1.00001e-06,3.36531
13.14,0.0507683,1.01537,-1.00001e-06,3.36378
13.16,0.0510078,1.02016,-1.00001e-06,3.36225
13.18,0.0512472,1.02494,-1.00001e-06,3.36072
13.2,0.0514867,1.02973,-1.00001e-06,3.35919
13.22,0.0517262,1.03452,-1.00001e-06,3.35767
13.24,0.0519657,1.03931,-1.00001e-06,3.35614
13.26,0.0522052,1.0441,-1.00001e-06,3.35462
13.28,0.0524446,1.04889,-1.00001e-06,3.35309
13.3,0.0526841,1.05368,-1.00001e-06,3.35157
13.32,0.0529236,1.05847,-1.00001e-06,3.35005
13.34,0.0531631,1.06326,-1.00001e-06,3.34852
13.36,0.0534025,1.06805,-1.00001e-06,3.347
13.38,0.053642,1.07284,-1.00001e-06,3.34548
13.4,0.0538815,1.07763,-1.00001e-06,3.34396
13.42,0.0541209,1.08242,-1.00001e-06,3.34244
13.44,0.0543604,1.08721,-1.00001e-06,3.34092
13.46,0.0545998,1.092,-1.00001e-06,3.33941
13.48,0.0548393,1.09679,-1.00001e-06,3.33789
13.5,0.0550787,1.10157,-1.00001e-06,3.33637
13.52,0.0553182,1.10636,-1.00001e-06,3.33486
13.54,0.0555576,1.11115,-1.00001e-06,3.33334
13.56,0.0557971,1.11594,-1.00001e-06,3.33183
13.58,0.0560365,1.12073,-1.00001e-06,3.33031
13.6,0.0562759,1.12552,-1.00001e-06,3.3288
13.62,0.0565154,1.13031,-1.00001e-06,3.32729
13.64,0.0567548,1.1351,-1.00001e-06,3.32577
13.66,0.0569942,1.13988,-1.00001e-06,3.32426
13.68,0.0572337,1.14467,-1.00001e-06,3.32275
13.7,0.0574731,1.14946,-1.00001e-06,3.32124
13.72,0.0577125,1.15425,-1.00001e-06,3.31973
13.74,0.0579519,1.15904,-1.00001e-06,3.31822
13.76,0.0581914,1.16383,-1.00001e-06,3.31672
13.78,0.0584308,1.16862,-1.00001e-06,3.31521
13.8,0.0586702,1.1734,-1.00001e-06,3.3137
13.82,0.0589096,1.17819,-1.00001e-06,3.3122
13.84,0.059149,1.18298,-1.00001e-06,3.31069
13.86,0.0593884,1.18777,-1.00001e-06,3.30919
13.88,0.0596278,1.19256,-1.00001e-06,3.30768
13.9,0.0598672,1.19734,-1.00001e-06,3.30618
13.92,0.0601066,1.20213,-1.00001e-06,3.30468
13.94,0.060346,1.20692,-1.00001e-06,3.30318
13.96,0.0605854,1.21171,-1.00001e-06,3.30168
13.98,0.0608248,1.2165,-1.00001e-06,3.30018
14,50.7139,1.15679,0.240098,3.29879
14.02,52.7995,1.01767,0.779334,3.29787
14.04,54.5769,0.860579,1.38969,3.29749
14.06,56.0143,0.688621,2.05888,3.29771
14.08,57.0862,0.505318,2.77296,3.29857
14.1,57.7728,0.314454,3.51695,3.30009
14.12,58.0526,0.120032,4.27501,3.30231
14.14,43.2554,4.32544e-05,4.7383,3.30507
14.16,38.704,3.8703e-05,4.72644,3.30787
14.18,38.7147,3.87137e-05,4.71455,3.31065
14.2,38.7255,3.87244e-05,4.70265,3.31342
14.22,38.7361,3.87351e-05,4.69074,3.31618
14.24,38.7467,3.87457e-05,4.67883,3.31893
14.26,38.7573,3.87563e-05,4.66691,3.32167
14.28,38.7678,3.87668e-05,4.65498,3.32439
14.3,38.7783,3.87773e-05,4.64304,3.3271
14.32,38.7887,3.87877e-05,4.63109,3.3298
14.34,38.7991,3.87981e-05,4.61913,3.33249
14.36,38.8094,3.88084e-05,4.60717,3.33517
14.38,38.8197,3.88187e-05,4.59519,3.33783
14.4,38.8299,3.88289e-05,4.58321,3.34048
14.42,38.8401,3.88391e-05,4.57122,3.34312
14.44,38.8502,3.88492e-05,4.55922,3.34575
14.46,38.8603,3.88593e-05,4.54722,3.34836
14.48,38.8703,3.88693e-05,4.5352,3.35096
14.5,38.8803,3.88793e-05,4.52318,3.35356
14.52,38.8902,3.88892e-05,4.51115,3.35613
14.54,38.9001,3.88991e-05,4.49911,3.3587
14.56,38.91,3.89089e-05,4.48706,3.36125
14.58,38.9197,3.89187e-05,4.47501,3.3638
14.6,38.9295,3.89285e-05,4.46295,3.36633
14.62,38.9392,3.89382e-05,4.45088,3.36884
14.64,38.9488,3.89478e-05,4.4388,3.37135
14.66,38.9584,3.89574e-05,4.42671,3.37384
14.68,38.9679,3.89669e-05,4.41462,3.37633
14.7,38.9774,3.89764e-05,4.40252,3.3788
14.72,38.9869,3.89859e-05,4.39041,3.38125
14.74,38.9963,3.89953e-05,4.37829,3.3837
14.76,39.0056,3.90046e-05,4.36617,3.38613
14.78,39.0149,3.90139e-05,4.35404,3.38855
14.8,39.0242,3.90231e-05,4.3419,3.39096
14.82,39.0334,3.90323e-05,4.32975,3.39336
14.84,39.0425,3.90415e-05,4.3176,3.39574
14.86,39.0516,3.90506e-05,4.30544,3.39811
14.88,39.0607,3.90596e-05,4.29327,3.40048
14.9,39.0697,3.90686e-05,4.28109,3.40282
14.92,39.0786,3.90776e-05,4.26891,3.40516
14.94,39.0875,3.90865e-05,4.25672,3.40748
14.96,39.0964,3.90954e-05,4.24452,3.4098
14.98,39.1052,3.91042e-05,4.23232,3.41209
15,39.1139,3.91129e-05,4.22011,3.41438
15.02,39.1226,3.91216e-05,4.20789,3.41666
15.04,39.1313,3.91303e-05,4.19566,3.41892
15.06,39.1399,3.91389e-05,4.18343,3.42117
15.08,39.1485,3.91475e-05,4.17119,3.42341
15.1,39.157,3.9156e-05,4.15894,3.42564
15.12,39.1654,3.91644e-05,4.14669,3.42785
15.14,39.1739,3.91728e-05,4.13443,3.43005
15.16,39.1822,3.91812e-05,4.12216,3.43225
15.18,39.1905,3.91895e-05,4.10989,3.43442
15.2,39.1988,3.91978e-05,4.09761,3.43659
15.22,39.207,3.9206e-05,4.08532,3.43874
15.24,39.2152,3.92142e-05,4.07303,3.44089
15.26,39.2233,3.92223e-05,4.06073,3.44301
15.28,39.2314,3.92304e-05,4.04842,3.44513
15.3,39.2394,3.92384e-05,4.03611,3.44724
15.32,39.2474,3.92463e-05,4.02379,3.44933
15.34,39.2553,3.92543e-05,4.01147,3.45141
15.36,39.2632,3.92621e-05,3.99913,3.45348
15.38,39.271,3.927e-05,3.98679,3.45554
15.4,39.2787,3.92777e-05,3.97445,3.45758
15.42,39.2865,3.92855e-05,3.9621,3.45961
15.44,39.2941,3.92931e-05,3.94974,3.46163
15.46,39.3018,3.93008e-05,3.93738,3.46364
15.48,39.3093,3.93083e-05,3.92501,3.46564
15.5,39.3169,3.93159e-05,3.91263,3.46762
15.52,39.3243,3.93233e-05,3.90025,3.46959
15.54,39.3318,3.93308e-05,3.88786,3.47155
15.56,39.3392,3.93381e-05,3.87547,3.4735
15.58,39.3465,3.93455e-05,3.86307,3.47544
15.6,39.3538,3.93527e-05,3.85066,3.47736
15.62,39.361,3.936e-05,3.83825,3.47927
15.64,39.3682,3.93672e-05,3.82583,3.48117
15.66,39.3753,3.93743e-05,3.81341,3.48305
15.68,39.3824,3.93814e-05,3.80098,3.48493
15.7,39.3894,3.93884e-05,3.78855,3.48679
15.72,39.3964,3.93954e-05,3.77611,3.48864
15.74,39.4033,3.94023e-05,3.76366,3.49048
15.76,39.4102,3.94092e-05,3.75121,3.49231
15.78,39.4171,3.9416e-05,3.73875,3.49412
15.8,39.4238,3.94228e-05,3.72629,3.49592
15.82,39.4306,3.94296e-05,3.71382,3.49771
15.84,39.4373,3.94362e-05,3.70135,3.49949
15.86,39.4439,3.94429e-05,3.68887,3.50125
15.88,39.4505,3.94495e-05,3.67639,3.50301
15.9,39.457,3.9456e-05,3.6639,3.50475
15.92,39.4635,3.94625e-05,3.6514,3.50647
15.94,39.47,3.94689e-05,3.6389,3.50819
15.96,39.4763,3.94753e-05,3.6264,3.5099
15.98,39.4827,3.94817e-05,3.61389,3.51159
16,39.489,3.9488e-05,3.60137,3.51327
16.02,39.4952,3.94942e-05,3.58885,3.51494
16.04,39.5014,3.95004e-05,3.57633,3.51659
16.06,39.5075,3.95065e-05,3.5638,3.51824
16.08,39.5136,3.95126e-05,3.55126,3.51987
16.1,39.5197,3.95187e-05,3.53872,3.52149
16.12,39.5257,3.95247e-05,3.52618,3.52309
16.14,39.5316,3.95306e-05,3.51363,3.52469
16.16,39.5375,3.95365e-05,3.50107,3.52627
16.18,39.5434,3.95423e-05,3.48852,3.52784
16.2,39.5492,3.95481e-05,3.47595,3.5294
16.22,39.5549,3.95539e-05,3.46338,3.53095
16.24,39.5606,3.95596e-05,3.45081,3.53248
16.26,39.5662,3.95652e-05,3.43823,3.534
16.28,39.5718,3.95708e-05,3.42565,3.53551
16.3,39.5774,3.95764e-05,3.41306,3.53701
16.32,39.5829,3.95819e-05,3.40047,3.5385
16.34,39.5883,3.95873e-05,3.38788,3.53997
16.36,39.5937,3.95927e-05,3.37528,3.54143
16.38,39.5991,3.95981e-05,3.36267,3.54288
16.4,39.6044,3.96034e-05,3.35006,3.54432
16.42,39.6096,3.96086e-05,3.33745,3.54575
16.44,39.6148,3.96138e-05,3.32483,3.54716
16.46,39.62,3.9619e-05,3.31221,3.54856
16.48,39.6251,3.96241e-05,3.29959,3.54995
16.5,39.6301,3.96291e-05,3.28696,3.55133
16.52,39.6351,3.96341e-05,3.27432,3.55269
16.54,39.6401,3.96391e-05,3.26169,3.55404
16.56,39.645,3.9644e-05,3.24905,3.55539
16.58,39.6499,3.96488e-05,3.2364,3.55671
16.6,39.6547,3.96536e-05,3.22375,3.55803
16.62,39.6594,3.96584e-05,3.2111,3.55933
16.64,39.6641,3.96631e-05,3.19844,3.56063
16.66,39.6688,3.96678e-05,3.18578,3.56191
16.68,39.6734,3.96724e-05,3.17312,3.56317
16.7,39.6779,3.96769e-05,3.16045,3.56443
16.72,39.6824,3.96814e-05,3.14778,3.56567
16.74,39.6869,3.96859e-05,3.1351,3.56691
16.76,39.6913,3.96903e-05,3.12242,3.56813
16.78,39.6957,3.96947e-05,3.10974,3.56933
16.8,39.7,3.9699e-05,3.09705,3.57053
16.82,39.7042,3.97032e-05,3.08436,3.57171
16.84,39.7084,3.97074e-05,3.07167,3.57288
16.86,39.7126,3.97116e-05,3.05897,3.57404
16.88,39.7167,3.97157e-05,3.04627,3.57519
16.9,39.7208,3.97198e-05,3.03357,3.57633
16.92,39.7248,3.97238e-05,3.02087,3.57745
16.94,39.7287,3.97277e-05,3.00816,3.57856
16.96,39.7326,3.97316e-05,2.99544,3.57966
16.98,39.7365,3.97355e-05,2.98273,3.58075
17,39.7403,3.97393e-05,2.97001,3.58182
17.02,39.7441,3.97431e-05,2.95729,3.58288
17.04,39.7478,3.97468e-05,2.94456,3.58393
17.06,39.7514,3.97504e-05,2.93184,3.58497
17.08,39.7551,3.9754e-05,2.91911,3.586
17.1,39.7586,3.97576e-05,2.90637,3.58702
17.12,39.7621,3.97611e-05,2.89364,3.58802
17.14,39.7656,3.97646e-05,2.8809,3.58901
17.16,39.769,3.9768e-05,2.86815,3.58999
17.18,39.7724,3.97714e-05,2.85541,3.59095
17.2,39.7757,3.97747e-05,2.84266,3.59191
17.22,39.7789,3.97779e-05,2.82991,3.59285
17.24,39.7822,3.97811e-05,2.81716,3.59378
17.26,39.7853,3.97843e-05,2.8044,3.5947
17.28,39.7884,3.97874e-05,2.79165,3.59561
17.3,39.7915,3.97905e-05,2.77889,3.5965
17.32,39.7945,3.97935e-05,2.76612,3.59738
17.34,39.7975,3.97965e-05,2.75336,3.59825
17.36,39.8004,3.97994e-05,2.74059,3.59911
17.38,39.8033,3.98022e-05,2.72782,3.59996
17.4,39.8061,3.98051e-05,2.71505,3.60079
17.42,39.8088,3.98078e-05,2.70227,3.60162
17.44,39.8116,3.98105e-05,2.6895,3.60243
17.46,39.8142,3.98132e-05,2.67672,3.60322
17.48,39.8168,3.98158e-05,2.66394,3.60401
17.5,39.8194,3.98184e-05,2.65116,3.60479
17.52,39.8219,3.98209e-05,2.63837,3.60555
17.54,39.8244,3.98234e-05,2.62558,3.6063
17.56,39.8268,3.98258e-05,2.6128,3.60704
17.58,39.8292,3.98281e-05,2.6,3.60776
17.6,39.8315,3.98305e-05,2.58721,3.60848
17.62,39.8337,3.98327e-05,2.57442,3.60918
17.64,39.836,3.98349e-05,2.56162,3.60987
17.66,39.8381,3.98371e-05,2.54882,3.61055
17.68,39.8402,3.98392e-05,2.53602,3.61122
17.7,39.8423,3.98413e-05,2.52322,3.61187
17.72,39.8443,3.98433e-05,2.51042,3.61252
17.74,39.8463,3.98453e-05,2.49761,3.61315
17.76,39.8482,3.98472e-05,2.48481,3.61377
17.78,39.8501,3.98491e-05,2.472,3.61438
17.8,39.8519,3.98509e-05,2.45919,3.61497
17.82,39.8536,3.98526e-05,2.44638,3.61555
17.84,39.8554,3.98543e-05,2.43357,3.61613
17.86,39.857,3.9856e-05,2.42075,3.61669
17.88,39.8586,3.98576e-05,2.40794,3.61723
17.9,39.8602,3.98592e-05,2.39512,3.61777
17.92,39.8617,3.98607e-05,2.38231,3.61829
17.94,39.8632,3.98622e-05,2.36949,3.61881
17.96,39.8646,3.98636e-05,2.35667,3.61931
17.98,39.866,3.9865e-05,2.34385,3.61979
18,39.8673,3.98663e-05,2.33103,3.62027
18.02,39.8685,3.98675e-05,2.3182,3.62074
18.04,39.8698,3.98687e-05,2.30538,3.62119
18.06,39.8709,3.98699e-05,2.29255,3.62163
18.08,39.872,3.9871e-05,2.27973,3.62206
18.1,39.8731,3.98721e-05,2.2669,3.62248
18.12,39.8741,3.98731e-05,2.25408,3.62288
18.14,39.8751,3.98741e-05,2.24125,3.62327
18.16,39.876,3.9875e-05,2.22842,3.62366
18.18,39.8768,3.98758e-05,2.21559,3.62403
18.2,39.8777,3.98766e-05,2.20276,3.62438
18.22,39.8784,3.98774e-05,2.18993,3.62473
18.24,39.8791,3.98781e-05,2.1771,3.62506
18.26,39.8798,3.98788e-05,2.16426,3.62539
18.28,39.8804,3.98794e-05,2.15143,3.6257
18.3,39.881,3.98799e-05,2.1386,3.626
18.32,39.8815,3.98805e-05,2.12577,3.62628
18.34,39.8819,3.98809e-05,2.11293,3.62656
18.36,39.8823,3.98813e-05,2.1001,3.62682
18.38,39.8827,3.98817e-05,2.08726,3.62707
18.4,39.883,3.9882e-05,2.07443,3.62731
18.42,39.8832,3.98822e-05,2.06159,3.62754
18.44,39.8835,3.98824e-05,2.04876,3.62776
18.46,39.8836,3.98826e-05,2.03592,3.62796
18.48,39.8837,3.98827e-05,2.02309,3.62816
18.5,39.8838,3.98828e-05,2.01025,3.62834
18.52,39.8838,3.98828e-05,1.99742,3.62851
18.54,39.8837,3.98827e-05,1.98458,3.62866
18.56,39.8836,3.98826e-05,1.97175,3.62881
18.58,39.8835,3.98825e-05,1.95891,3.62895
18.6,39.8833,3.98823e-05,1.94608,3.62907
18.62,39.883,3.9882e-05,1.93324,3.62918
18.64,39.8827,3.98817e-05,1.92041,3.62928
18.66,39.8824,3.98813e-05,1.90757,3.62936
18.68,39.882,3.98809e-05,1.89474,3.62944
18.7,39.8815,3.98805e-05,1.8819,3.6295
18.72,39.881,3.988e-05,1.86907,3.62956
18.74,39.8804,3.98794e-05,1.85624,3.6296
18.76,39.8798,3.98788e-05,1.84341,3.62963
18.78,39.8792,3.98781e-05,1.83057,3.62964
18.8,39.8784,3.98774e-05,1.81774,3.62965
18.82,39.8777,3.98767e-05,1.80491,3.62964
18.84,39.8769,3.98759e-05,1.79208,3.62963
18.86,39.876,3.9875e-05,1.77925,3.6296
18.88,39.8751,3.98741e-05,1.76643,3.62955
18.9,39.8741,3.98731e-05,1.7536,3.6295
18.92,39.8731,3.98721e-05,1.74077,3.62944
18.94,39.872,3.9871e-05,1.72794,3.62936
18.96,39.8709,3.98699e-05,1.71512,3.62927
18.98,39.8697,3.98687e-05,1.70229,3.62918
19,39.8685,3.98675e-05,1.68947,3.62906
19.02,39.8672,3.98662e-05,1.67665,3.62894
19.04,39.8659,3.98649e-05,1.66383,3.62881
19.06,39.8645,3.98635e-05,1.65101,3.62866
19.08,39.8631,3.9862e-05,1.63819,3.62851
19.1,39.8616,3.98606e-05,1.62537,3.62834
19.12,39.86,3.9859e-05,1.61255,3.62816
19.14,39.8584,3.98574e-05,1.59974,3.62796
19.16,39.8568,3.98558e-05,1.58693,3.62776
19.18,39.8551,3.98541e-05,1.57411,3.62755
19.2,39.8533,3.98523e-05,1.5613,3.62732
19.22,39.8515,3.98505e-05,1.54849,3.62708
19.24,39.8497,3.98487e-05,1.53568,3.62683
19.26,39.8478,3.98468e-05,1.52288,3.62657
19.28,39.8458,3.98448e-05,1.51007,3.6263
19.3,39.8438,3.98428e-05,1.49727,3.62601
19.32,39.8417,3.98407e-05,1.48447,3.62572
19.34,39.8396,3.98386e-05,1.47167,3.62541
19.36,39.8374,3.98364e-05,1.45887,3.62509
19.38,39.8352,3.98342e-05,1.44607,3.62476
19.4,39.8329,3.98319e-05,1.43328,3.62442
19.42,39.8306,3.98296e-05,1.42048,3.62407
19.44,39.8282,3.98272e-05,1.40769,3.6237
19.46,39.8258,3.98248e-05,1.3949,3.62333
19.48,39.8233,3.98223e-05,1.38212,3.62294
19.5,39.8207,3.98197e-05,1.36933,3.62254
19.52,39.8181,3.98171e-05,1.35655,3.62213
19.54,39.8155,3.98144e-05,1.34377,3.62171
19.56,39.8127,3.98117e-05,1.33099,3.62128
19.58,39.81,3.9809e-05,1.31821,3.62083
19.6,39.8072,3.98061e-05,1.30544,3.62037
19.62,39.8043,3.98033e-05,1.29267,3.61991
19.64,39.8013,3.98003e-05,1.2799,3.61943
19.66,39.7984,3.97973e-05,1.26713,3.61894
19.68,39.7953,3.97943e-05,1.25437,3.61844
19.7,39.7922,3.97912e-05,1.24161,3.61792
19.72,39.7891,3.9788e-05,1.22885,3.6174
19.74,39.7858,3.97848e-05,1.21609,3.61686
19.76,39.7826,3.97816e-05,1.20334,3.61632
19.78,39.7793,3.97782e-05,1.19058,3.61576
19.8,39.7759,3.97749e-05,1.17783,3.61519
19.82,39.7724,3.97714e-05,1.16509,3.61461
19.84,39.7689,3.97679e-05,1.15235,3.61402
19.86,39.7654,3.97644e-05,1.13961,3.61341
19.88,39.7618,3.97608e-05,1.12687,3.6128
19.9,39.7581,3.97571e-05,1.11413,3.61217
19.92,39.7544,3.97534e-05,1.1014,3.61153
19.94,39.7506,3.97496e-05,1.08867,3.61088
19.96,39.7468,3.97458e-05,1.07595,3.61022
19.98,39.7429,3.97419e-05,1.06323,3.60955
20,0.00994744,0.198949,0.262886,3.60851
20.02,0.0134405,0.268811,-1.00001e-06,3.60687
20.04,0.0136804,0.273608,-1.00001e-06,3.60523
20.06,0.0139203,0.278405,-1.00001e-06,3.6036
20.08,0.0141601,0.283202,-1.00001e-06,3.60196
20.1,0.0144,0.287999,-1.00001e-06,3.60032
20.12,0.0146398,0.292796,-1.00001e-06,3.59869
20.14,0.0148797,0.297593,-1.00001e-06,3.59705
20.16,0.0151195,0.30239,-1.00001e-06,3.59542
20.18,0.0153594,0.307187,-1.00001e-06,3.59378
20.2,0.0155992,0.311984,-1.00001e-06,3.59215
20.22,0.0158391,0.316781,-1.00001e-06,3.59052
20.24,0.0160789,0.321578,-1.00001e-06,3.58889
20.26,0.0163187,0.326375,-1.00001e-06,3.58725
20.28,0.0165586,0.331171,-1.00001e-06,3.58562
20.3,0.0167984,0.335968,-1.00001e-06,3.584
20.32,0.0170382,0.340765,-1.00001e-06,3.58237
20.34,0.0172781,0.345561,-1.00001e-06,3.58074
20.36,0.0175179,0.350358,-1.00001e-06,3.57911
20.38,0.0177577,0.355154,-1.00001e-06,3.57749
20.4,0.0179975,0.359951,-1.00001e-06,3.57586
20.42,0.0182373,0.364747,-1.00001e-06,3.57424
20.44,0.0184772,0.369543,-1.00001e-06,3.57261
20.46,0.018717,0.374339,-1.00001e-06,3.57099
20.48,0.0189568,0.379136,-1.00001e-06,3.56937
20.5,0.0191966,0.383932,-1.00001e-06,3.56774
20.52,0.0194364,0.388728,-1.00001e-06,3.56612
20.54,0.0196762,0.393524,-1.00001e-06,3.5645
20.56,0.019916,0.39832,-1.00001e-06,3.56288
20.58,0.0201558,0.403116,-1.00001e-06,3.56126
20.6,0.0203956,0.407912,-1.00001e-06,3.55964
20.62,0.0206354,0.412708,-1.00001e-06,3.55803
20.64,0.0208752,0.417504,-1.00001e-06,3.55641
20.66,0.021115,0.4223,-1.00001e-06,3.55479
20.68,0.0213548,0.427095,-1.00001e-06,3.55318
20.7,0.0215945,0.431891,-1.00001e-06,3.55156
20.72,0.0218343,0.436687,-1.00001e-06,3.54995
20.74,0.0220741,0.441482,-1.00001e-06,3.54834
20.76,0.0223139,0.446278,-1.00001e-06,3.54673
20.78,0.0225537,0.451073,-1.00001e-06,3.54511
20.8,0.0227934,0.455869,-1.00001e-06,3.5435
20.82,0.0230332,0.460664,-1.00001e-06,3.54189
20.84,0.023273,0.465459,-1.00001e-06,3.54028
20.86,0.0235127,0.470255,-1.00001e-06,3.53868
20.88,0.0237525,0.47505,-1.00001e-06,3.53707
20.9,0.0239923,0.479845,-1.00001e-06,3.53546
20.92,0.024232,0.48464,-1.00001e-06,3.53385
20.94,0.0244718,0.489436,-1.00001e-06,3.53225
20.96,0.0247115,0.494231,-1.00001e-06,3.53064
20.98,0.0249513,0.499026,-1.00001e-06,3.52904
21,0.025191,0.503821,-1.00001e-06,3.52743
21.02,0.0254308,0.508616,-1.00001e-06,3.52583
21.04,0.0256705,0.51341,-1.00001e-06,3.52423
21.06,0.0259103,0.518205,-1.00001e-06,3.52263
21.08,0.02615,0.523,-1.00001e-06,3.52103
21.1,0.0263897,0.527795,-1.00001e-06,3.51943
21.12,0.0266295,0.532589,-1.00001e-06,3.51783
21.14,0.0268692,0.537384,-1.00001e-06,3.51623
21.16,0.0271089,0.542179,-1.00001e-06,3.51463
21.18,0.0273487,0.546973,-1.00001e-06,3.51304
21.2,0.0275884,0.551768,-1.00001e-06,3.51144
21.22,0.0278281,0.556562,-1.00001e-06,3.50984
21.24,0.0280678,0.561357,-1.00001e-06,3.50825
21.26,0.0283075,0.566151,-1.00001e-06,3.50665
21.28,0.0285473,0.570945,-1.00001e-06,3.50506
21.3,0.028787,0.575739,-1.00001e-06,3.50347
21.32,0.0290267,0.580534,-1.00001e-06,3.50188
21.34,0.0292664,0.585328,-1.00001e-06,3.50029
21.36,0.0295061,0.590122,-1.00001e-06,3.49869
21.38,0.0297458,0.594916,-1.00001e-06,3.49711
21.4,0.0299855,0.59971,-1.00001e-06,3.49552
21.42,0.0302252,0.604504,-1.00001e-06,3.49393
21.44,0.0304649,0.609298,-1.00001e-06,3.49234
21.46,0.0307046,0.614092,-1.00001e-06,3.49075
21.48,0.0309443,0.618886,-1.00001e-06,3.48917
21.5,0.031184,0.623679,-1.00001e-06,3.48758
21.52,0.0314237,0.628473,-1.00001e-06,3.486
21.54,0.0316633,0.633267,-1.00001e-06,3.48441
21.56,0.031903,0.63806,-1.00001e-06,3.48283
21.58,0.0321427,0.642854,-1.00001e-06,3.48125
21.6,0.0323824,0.647648,-1.00001e-06,3.47967
21.62,0.0326221,0.652441,-1.00001e-06,3.47808
21.64,0.0328617,0.657234,-1.00001e-06,3.4765
21.66,0.0331014,0.662028,-1.00001e-06,3.47492
21.68,0.0333411,0.666821,-1.00001e-06,3.47335
21.7,0.0335807,0.671614,-1.00001e-06,3.47177
21.72,0.0338204,0.676408,-1.00001e-06,3.47019
21.74,0.03406,0.681201,-1.00001e-06,3.46861
21.76,0.0342997,0.685994,-1.00001e-06,3.46704
21.78,0.0345394,0.690787,-1.00001e-06,3.46546
21.8,0.034779,0.69558,-1.00001e-06,3.46389
21.82,0.0350187,0.700373,-1.00001e-06,3.46231
21.84,0.0352583,0.705166,-1.00001e-06,3.46074
21.86,0.035498,0.709959,-1.00001e-06,3.45917
21.88,0.0357376,0.714752,-1.00001e-06,3.45759
21.9,0.0359772,0.719545,-1.00001e-06,3.45602
21.92,0.0362169,0.724338,-1.00001e-06,3.45445
21.94,0.0364565,0.72913,-1.00001e-06,3.45288
21.96,0.0366961,0.733923,-1.00001e-06,3.45131
21.98,0.0369358,0.738716,-1.00001e-06,3.44975
22,0.0371754,0.743508,-1.00001e-06,3.44818
22.02,0.037415,0.748301,-1.00001e-06,3.44661
22.04,0.0376547,0.753093,-1.00001e-06,3.44505
22.06,0.0378943,0.757886,-1.00001e-06,3.44348
22.08,0.0381339,0.762678,-1.00001e-06,3.44192
22.1,0.0383735,0.76747,-1.00001e-06,3.44035
22.12,0.0386131,0.772263,-1.00001e-06,3.43879
22.14,0.0388527,0.777055,-1.00001e-06,3.43723
22.16,0.0390924,0.781847,-1.00001e-06,3.43566
22.18,0.039332,0.786639,-1.00001e-06,3.4341
22.2,0.0395716,0.791431,-1.00001e-06,3.43254
22.22,0.0398112,0.796223,-1.00001e-06,3.43098
22.24,0.0400508,0.801015,-1.00001e-06,3.42942
22.26,0.0402904,0.805807,-1.00001e-06,3.42787
22.28,0.04053,0.810599,-1.00001e-06,3.42631
22.3,0.0407696,0.815391,-1.00001e-06,3.42475
22.32,0.0410091,0.820183,-1.00001e-06,3.42319
22.34,0.0412487,0.824975,-1.00001e-06,3.42164
22.36,0.0414883,0.829766,-1.00001e-06,3.42008
22.38,0.0417279,0.834558,-1.00001e-06,3.41853
22.4,0.0419675,0.83935,-1.00001e-06,3.41698
22.42,0.0422071,0.844141,-1.00001e-06,3.41542
22.44,0.0424466,0.848933,-1.00001e-06,3.41387
22.46,0.0426862,0.853724,-1.00001e-06,3.41232
22.48,0.0429258,0.858516,-1.00001e-06,3.41077
22.5,0.0431654,0.863307,-1.00001e-06,3.40922
22.52,0.0434049,0.868098,-1.00001e-06,3.40767
22.54,0.0436445,0.87289,-1.00001e-06,3.40612
22.56,0.043884,0.877681,-1.00001e-06,3.40458
22.58,0.0441236,0.882472,-1.00001e-06,3.40303
22.6,0.0443632,0.887263,-1.00001e-06,3.40148
22.62,0.0446027,0.892054,-1.00001e-06,3.39994
22.64,0.0448423,0.896845,-1.00001e-06,3.39839
22.66,0.0450818,0.901636,-1.00001e-06,3.39685
22.68,0.0453214,0.906427,-1.00001e-06,3.3953
22.7,0.0455609,0.911218,-1.00001e-06,3.39376
22.72,0.0458005,0.916009,-1.00001e-06,3.39222
22.74,0.04604,0.9208,-1.00001e-06,3.39068
22.76,0.0462795,0.925591,-1.00001e-06,3.38914
22.78,0.0465191,0.930381,-1.00001e-06,3.3876
22.8,0.0467586,0.935172,-1.00001e-06,3.38606
22.82,0.0469981,0.939963,-1.00001e-06,3.38452
22.84,0.0472377,0.944753,-1.00001e-06,3.38298
22.86,0.0474772,0.949544,-1.00001e-06,3.38144
22.88,0.0477167,0.954334,-1.00001e-06,3.37991
22.9,0.0479562,0.959125,-1.00001e-06,3.37837
22.92,0.0481957,0.963915,-1.00001e-06,3.37684
22.94,0.0484353,0.968705,-1.00001e-06,3.3753
22.96,0.0486748,0.973496,-1.00001e-06,3.37377
22.98,0.0489143,0.978286,-1.00001e-06,3.37224
23,0.0491538,0.983076,-1.00001e-06,3.3707
23.02,0.0493933,0.987866,-1.00001e-06,3.36917
23.04,0.0496328,0.992656,-1.00001e-06,3.36764
23.06,0.0498723,0.997446,-1.00001e-06,3.36611
23.08,0.0501118,1.00224,-1.00001e-06,3.36458
23.1,0.0503513,1.00703,-1.00001e-06,3.36305
23.12,0.0505908,1.01182,-1.00001e-06,3.36152
23.14,0.0508303,1.01661,-1.00001e-06,3.36
23.16,0.0510698,1.0214,-1.00001e-06,3.35847
23.18,0.0513093,1.02619,-1.00001e-06,3.35694
23.2,0.0515488,1.03098,-1.00001e-06,3.35542
23.22,0.0517882,1.03576,-1.00001e-06,3.35389
23.24,0.0520277,1.04055,-1.00001e-06,3.35237
23.26,0.0522672,1.04534,-1.00001e-06,3.35085
23.28,0.0525067,1.05013,-1.00001e-06,3.34932
23.3,0.0527461,1.05492,-1.00001e-06,3.3478
23.32,0.0529856,1.05971,-1.00001e-06,3.34628
23.34,0.0532251,1.0645,-1.00001e-06,3.34476
23.36,0.0534646,1.06929,-1.00001e-06,3.34324
23.38,0.053704,1.07408,-1.00001e-06,3.34172
23.4,0.0539435,1.07887,-1.00001e-06,3.3402
23.42,0.0541829,1.08366,-1.00001e-06,3.33869
23.44,0.0544224,1.08845,-1.00001e-06,3.33717
23.46,0.0546618,1.09324,-1.00001e-06,3.33565
23.48,0.0549013,1.09803,-1.00001e-06,3.33414
23.5,0.0551407,1.10281,-1.00001e-06,3.33262
23.52,0.0553802,1.1076,-1.00001e-06,3.33111
23.54,0.0556196,1.11239,-1.00001e-06,3.32959
23.56,0.0558591,1.11718,-1.00001e-06,3.32808
23.58,0.0560985,1.12197,-1.00001e-06,3.32657
23.6,0.056338,1.12676,-1.00001e-06,3.32506
23.62,0.0565774,1.13155,-1.00001e-06,3.32355
23.64,0.0568168,1.13634,-1.00001e-06,3.32204
23.66,0.0570563,1.14113,-1.00001e-06,3.32053
23.68,0.0572957,1.14591,-1.00001e-06,3.31902
23.7,0.0575351,1.1507,-1.00001e-06,3.31751
23.72,0.0577745,1.15549,-1.00001e-06,3.316
23.74,0.0580139,1.16028,-1.00001e-06,3.31449
23.76,0.0582534,1.16507,-1.00001e-06,3.31299
23.78,0.0584928,1.16986,-1.00001e-06,3.31148
23.8,0.0587322,1.17464,-1.00001e-06,3.30998
23.82,0.0589716,1.17943,-1.00001e-06,3.30847
23.84,0.059211,1.18422,-1.00001e-06,3.30697
23.86,0.0594504,1.18901,-1.00001e-06,3.30547
23.88,0.0596898,1.1938,-1.00001e-06,3.30397
23.9,0.0599292,1.19858,-1.00001e-06,3.30247
23.92,0.0601686,1.20337,-1.00001e-06,3.30096
23.94,0.060408,1.20816,-1.00001e-06,3.29946
23.96,0.0606474,1.21295,-1.00001e-06,3.29797
23.98,0.0608868,1.21774,-1.00001e-06,3.29647
24,50.6924,1.15807,0.239969,3.29508
24.02,52.7807,1.019,0.779027,3.29416
24.04,54.5607,0.861923,1.38931,3.29379
24.06,56.0008,0.689958,2.05853,3.294
24.08,57.0754,0.506623,2.77275,3.29486
24.1,57.7646,0.3157,3.51699,3.29639
24.12,58.047,0.121194,4.2754,3.29861
24.14,43.4606,4.34596e-05,4.7433,3.30138
24.16,38.6895,3.86885e-05,4.73145,3.30418
24.18,38.7003,3.86993e-05,4.71957,3.30697
24.2,38.711,3.871e-05,4.70769,3.30975
24.22,38.7217,3.87207e-05,4.69579,3.31252
24.24,38.7323,3.87313e-05,4.68389,3.31527
24.26,38.7429,3.87419e-05,4.67198,3.31801
24.28,38.7535,3.87525e-05,4.66006,3.32074
24.3,38.764,3.8763e-05,4.64813,3.32346
24.32,38.7744,3.87734e-05,4.63619,3.32617
24.34,38.7848,3.87838e-05,4.62425,3.32886
24.36,38.7952,3.87941e-05,4.61229,3.33154
24.38,38.8055,3.88044e-05,4.60033,3.33421
24.4,38.8157,3.88147e-05,4.58836,3.33687
24.42,38.8259,3.88249e-05,4.57638,3.33951
24.44,38.8361,3.88351e-05,4.5644,3.34215
24.46,38.8462,3.88452e-05,4.5524,3.34477
24.48,38.8562,3.88552e-05,4.5404,3.34738
24.5,38.8662,3.88652e-05,4.52839,3.34997
24.52,38.8762,3.88752e-05,4.51637,3.35256
24.54,38.8861,3.88851e-05,4.50434,3.35513
24.56,38.896,3.8895e-05,4.4923,3.35769
24.58,38.9058,3.89048e-05,4.48026,3.36024
24.6,38.9156,3.89145e-05,4.46821,3.36278
24.62,38.9253,3.89242e-05,4.45615,3.3653
24.64,38.9349,3.89339e-05,4.44408,3.36781
24.66,38.9445,3.89435e-05,4.43201,3.37031
24.68,38.9541,3.89531e-05,4.41993,3.3728
24.7,38.9636,3.89626e-05,4.40784,3.37528
24.72,38.9731,3.89721e-05,4.39574,3.37774
24.74,38.9825,3.89815e-05,4.38364,3.38019
24.76,38.9919,3.89909e-05,4.37152,3.38263
24.78,39.0012,3.90002e-05,4.3594,3.38506
24.8,39.0105,3.90095e-05,4.34727,3.38748
24.82,39.0197,3.90187e-05,4.33514,3.38988
24.84,39.0289,3.90279e-05,4.323,3.39227
24.86,39.038,3.9037e-05,4.31085,3.39465
24.88,39.0471,3.90461e-05,4.29869,3.39702
24.9,39.0561,3.90551e-05,4.28652,3.39937
24.92,39.0651,3.90641e-05,4.27435,3.40171
24.94,39.074,3.9073e-05,4.26217,3.40404
24.96,39.0829,3.90819e-05,4.24999,3.40636
24.98,39.0918,3.90907e-05,4.23779,3.40867
25,39.1005,3.90995e-05,4.22559,3.41096
25.02,39.1093,3.91083e-05,4.21338,3.41324
25.04,39.118,3.91169e-05,4.20117,3.41551
25.06,39.1266,3.91256e-05,4.18895,3.41777
25.08,39.1352,3.91342e-05,4.17672,3.42002
25.1,39.1437,3.91427e-05,4.16448,3.42225
25.12,39.1522,3.91512e-05,4.15224,3.42447
25.14,39.1606,3.91596e-05,4.13999,3.42668
25.16,39.169,3.9168e-05,4.12773,3.42888
25.18,39.1774,3.91764e-05,4.11547,3.43106
25.2,39.1857,3.91846e-05,4.1032,3.43324
25.22,39.1939,3.91929e-05,4.09093,3.4354
25.24,39.2021,3.92011e-05,4.07864,3.43754
25.26,39.2102,3.92092e-05,4.06635,3.43968
25.28,39.2183,3.92173e-05,4.05406,3.4418
25.3,39.2264,3.92254e-05,4.04176,3.44392
25.32,39.2344,3.92334e-05,4.02945,3.44602
25.34,39.2423,3.92413e-05,4.01713,3.4481
25.36,39.2502,3.92492e-05,4.00481,3.45018
25.38,39.2581,3.92571e-05,3.99248,3.45224
25.4,39.2659,3.92649e-05,3.98015,3.45429
25.42,39.2736,3.92726e-05,3.96781,3.45633
25.44,39.2813,3.92803e-05,3.95546,3.45836
25.46,39.289,3.9288e-05,3.94311,3.46038
25.48,39.2966,3.92956e-05,3.93075,3.46238
25.5,39.3041,3.93031e-05,3.91838,3.46437
25.52,39.3116,3.93106e-05,3.90601,3.46635
25.54,39.3191,3.93181e-05,3.89363,3.46831
25.56,39.3265,3.93255e-05,3.88125,3.47027
25.58,39.3339,3.93328e-05,3.86886,3.47221
25.6,39.3412,3.93401e-05,3.85646,3.47414
25.62,39.3484,3.93474e-05,3.84406,3.47606
25.64,39.3556,3.93546e-05,3.83165,3.47796
25.66,39.3628,3.93618e-05,3.81924,3.47985
25.68,39.3699,3.93689e-05,3.80682,3.48174
25.7,39.377,3.93759e-05,3.7944,3.48361
25.72,39.384,3.9383e-05,3.78197,3.48546
25.74,39.3909,3.93899e-05,3.76953,3.48731
25.76,39.3978,3.93968e-05,3.75709,3.48914
25.78,39.4047,3.94037e-05,3.74464,3.49096
25.8,39.4115,3.94105e-05,3.73219,3.49277
25.82,39.4183,3.94173e-05,3.71973,3.49456
25.84,39.425,3.9424e-05,3.70727,3.49635
25.86,39.4317,3.94306e-05,3.6948,3.49812
25.88,39.4383,3.94373e-05,3.68233,3.49988
25.9,39.4448,3.94438e-05,3.66985,3.50163
25.92,39.4514,3.94503e-05,3.65736,3.50336
25.94,39.4578,3.94568e-05,3.64487,3.50509
25.96,39.4642,3.94632e-05,3.63238,3.5068
25.98,39.4706,3.94696e-05,3.61988,3.5085
26,39.4769,3.94759e-05,3.60737,3.51018
26.02,39.4832,3.94822e-05,3.59486,3.51186
26.04,39.4894,3.94884e-05,3.58235,3.51352
26.06,39.4956,3.94946e-05,3.56983,3.51517
26.08,39.5017,3.95007e-05,3.5573,3.51681
26.1,39.5078,3.95068e-05,3.54477,3.51844
26.12,39.5138,3.95128e-05,3.53224,3.52005
26.14,39.5198,3.95188e-05,3.5197,3.52165
26.16,39.5257,3.95247e-05,3.50715,3.52324
26.18,39.5316,3.95306e-05,3.4946,3.52482
26.2,39.5374,3.95364e-05,3.48205,3.52639
26.22,39.5432,3.95422e-05,3.46949,3.52794
26.24,39.5489,3.95479e-05,3.45692,3.52948
26.26,39.5546,3.95536e-05,3.44436,3.53101
26.28,39.5602,3.95592e-05,3.43178,3.53253
26.3,39.5658,3.95648e-05,3.41921,3.53403
26.32,39.5713,3.95703e-05,3.40662,3.53552
26.34,39.5768,3.95758e-05,3.39404,3.53701
26.36,39.5822,3.95812e-05,3.38145,3.53847
26.38,39.5876,3.95866e-05,3.36885,3.53993
26.4,39.5929,3.95919e-05,3.35625,3.54138
26.42,39.5982,3.95972e-05,3.34365,3.54281
26.44,39.6034,3.96024e-05,3.33104,3.54423
26.46,39.6086,3.96076e-05,3.31843,3.54564
26.48,39.6137,3.96127e-05,3.30581,3.54703
26.5,39.6188,3.96178e-05,3.29319,3.54842
26.52,39.6238,3.96228e-05,3.28057,3.54979
26.54,39.6288,3.96278e-05,3.26794,3.55115
26.56,39.6338,3.96327e-05,3.25531,3.5525
26.58,39.6386,3.96376e-05,3.24267,3.55383
26.6,39.6435,3.96425e-05,3.23003,3.55515
26.62,39.6483,3.96472e-05,3.21739,3.55647
26.64,39.653,3.9652e-05,3.20474,3.55776
26.66,39.6577,3.96567e-05,3.19209,3.55905
26.68,39.6623,3.96613e-05,3.17943,3.56033
26.7,39.6669,3.96659e-05,3.16677,3.56159
26.72,39.6714,3.96704e-05,3.15411,3.56284
26.74,39.6759,3.96749e-05,3.14144,3.56408
26.76,39.6804,3.96793e-05,3.12877,3.56531
26.78,39.6847,3.96837e-05,3.1161,3.56652
26.8,39.6891,3.96881e-05,3.10342,3.56772
26.82,39.6934,3.96924e-05,3.09074,3.56891
26.84,39.6976,3.96966e-05,3.07806,3.57009
26.86,39.7018,3.97008e-05,3.06537,3.57126
26.88,39.7059,3.97049e-05,3.05268,3.57241
26.9,39.71,3.9709e-05,3.03999,3.57356
26.92,39.7141,3.9713e-05,3.02729,3.57469
26.94,39.718,3.9717e-05,3.01459,3.5758
26.96,39.722,3.9721e-05,3.00188,3.57691
26.98,39.7259,3.97249e-05,2.98918,3.578
27,39.7297,3.97287e-05,2.97647,3.57909
27.02,39.7335,3.97325e-05,2.96375,3.58016
27.04,39.7372,3.97362e-05,2.95104,3.58121
27.06,39.7409,3.97399e-05,2.93832,3.58226
27.08,39.7446,3.97436e-05,2.9256,3.58329
27.1,39.7482,3.97472e-05,2.91287,3.58432
27.12,39.7517,3.97507e-05,2.90014,3.58533
27.14,39.7552,3.97542e-05,2.88741,3.58632
27.16,39.7586,3.97576e-05,2.87468,3.58731
27.18,39.762,3.9761e-05,2.86194,3.58828
27.2,39.7654,3.97644e-05,2.8492,3.58924
27.22,39.7687,3.97677e-05,2.83646,3.59019
27.24,39.7719,3.97709e-05,2.82372,3.59113
27.26,39.7751,3.97741e-05,2.81097,3.59206
27.28,39.7782,3.97772e-05,2.79822,3.59297
27.3,39.7813,3.97803e-05,2.78547,3.59387
27.32,39.7844,3.97834e-05,2.77271,3.59476
27.34,39.7874,3.97864e-05,2.75996,3.59564
27.36,39.7903,3.97893e-05,2.7472,3.59651
27.38,39.7932,3.97922e-05,2.73444,3.59736
27.4,39.7961,3.9795e-05,2.72167,3.5982
27.42,39.7989,3.97978e-05,2.70891,3.59903
27.44,39.8016,3.98006e-05,2.69614,3.59985
27.46,39.8043,3.98033e-05,2.68337,3.60065
27.48,39.8069,3.98059e-05,2.67059,3.60145
27.5,39.8095,3.98085e-05,2.65782,3.60223
27.52,39.8121,3.98111e-05,2.64504,3.603
27.54,39.8146,3.98136e-05,2.63226,3.60376
27.56,39.817,3.9816e-05,2.61948,3.6045
27.58,39.8194,3.98184e-05,2.6067,3.60524
27.6,39.8218,3.98208e-05,2.59391,3.60596
27.62,39.8241,3.9823e-05,2.58113,3.60667
27.64,39.8263,3.98253e-05,2.56834,3.60737
27.66,39.8285,3.98275e-05,2.55555,3.60805
27.68,39.8307,3.98296e-05,2.54276,3.60873
27.7,39.8327,3.98317e-05,2.52996,3.60939
27.72,39.8348,3.98338e-05,2.51717,3.61004
27.74,39.8368,3.98358e-05,2.50437,3.61068
27.76,39.8387,3.98377e-05,2.49157,3.61131
27.78,39.8406,3.98396e-05,2.47877,3.61192
27.8,39.8425,3.98415e-05,2.46597,3.61252
27.82,39.8443,3.98433e-05,2.45317,3.61311
27.84,39.846,3.9845e-05,2.44036,3.61369
27.86,39.8477,3.98467e-05,2.42756,3.61426
27.88,39.8494,3.98483e-05,2.41475,3.61482
27.9,39.851,3.98499e-05,2.40194,3.61536
27.92,39.8525,3.98515e-05,2.38913,3.61589
27.94,39.854,3.9853e-05,2.37632,3.61641
27.96,39.8554,3.98544e-05,2.36351,3.61692
27.98,39.8568,3.98558e-05,2.35069,3.61741
28,39.8582,3.98572e-05,2.33788,3.6179
28.02,39.8595,3.98585e-05,2.32506,3.61837
28.04,39.8607,3.98597e-05,2.31225,3.61883
28.06,39.8619,3.98609e-05,2.29943,3.61928
28.08,39.8631,3.9862e-05,2.28661,3.61971
28.1,39.8642,3.98631e-05,2.27379,3.62014
28.12,39.8652,3.98642e-05,2.26097,3.62055
28.14,39.8662,3.98652e-05,2.24815,3.62095
28.16,39.8671,3.98661e-05,2.23533,3.62134
28.18,39.868,3.9867e-05,2.22251,3.62172
28.2,39.8689,3.98679e-05,2.20968,3.62208
28.22,39.8697,3.98687e-05,2.19686,3.62244
28.24,39.8704,3.98694e-05,2.18404,3.62278
28.26,39.8711,3.98701e-05,2.17121,3.62311
28.28,39.8717,3.98707e-05,2.15839,3.62343
28.3,39.8723,3.98713e-05,2.14556,3.62373
28.32,39.8729,3.98719e-05,2.13273,3.62403
28.34,39.8734,3.98723e-05,2.11991,3.62431
28.36,39.8738,3.98728e-05,2.10708,3.62458
28.38,39.8742,3.98732e-05,2.09425,3.62484
28.4,39.8745,3.98735e-05,2.08142,3.62509
28.42,39.8748,3.98738e-05,2.0686,3.62532
28.44,39.8751,3.9874e-05,2.05577,3.62555
28.46,39.8752,3.98742e-05,2.04294,3.62576
28.48,39.8754,3.98744e-05,2.03011,3.62596
28.5,39.8755,3.98744e-05,2.01728,3.62615
28.52,39.8755,3.98745e-05,2.00445,3.62632
28.54,39.8755,3.98745e-05,1.99162,3.62649
28.56,39.8754,3.98744e-05,1.9788,3.62664
28.58,39.8753,3.98743e-05,1.96597,3.62678
28.6,39.8751,3.98741e-05,1.95314,3.62691
28.62,39.8749,3.98739e-05,1.94031,3.62703
28.64,39.8746,3.98736e-05,1.92748,3.62714
28.66,39.8743,3.98733e-05,1.91465,3.62723
28.68,39.8739,3.98729e-05,1.90183,3.62732
28.7,39.8735,3.98725e-05,1.889,3.62739
28.72,39.873,3.9872e-05,1.87617,3.62745
28.74,39.8725,3.98715e-05,1.86335,3.6275
28.76,39.8719,3.98709e-05,1.85052,3.62753
28.78,39.8713,3.98703e-05,1.8377,3.62756
28.8,39.8706,3.98696e-05,1.82487,3.62757
28.82,39.8699,3.98689e-05,1.81205,3.62757
28.84,39.8691,3.98681e-05,1.79922,3.62756
28.86,39.8683,3.98673e-05,1.7864,3.62754
28.88,39.8674,3.98664e-05,1.77358,3.62751
28.9,39.8665,3.98654e-05,1.76076,3.62746
28.92,39.8655,3.98645e-05,1.74794,3.6274
28.94,39.8644,3.98634e-05,1.73512,3.62733
28.96,39.8633,3.98623e-05,1.7223,3.62725
28.98,39.8622,3.98612e-05,1.70948,3.62716
29,39.861,3.986e-05,1.69666,3.62706
29.02,39.8597,3.98587e-05,1.68384,3.62694
29.04,39.8584,3.98574e-05,1.67103,3.62682
29.06,39.8571,3.98561e-05,1.65822,3.62668
29.08,39.8557,3.98547e-05,1.6454,3.62653
29.1,39.8542,3.98532e-05,1.63259,3.62637
29.12,39.8527,3.98517e-05,1.61978,3.6262
29.14,39.8512,3.98502e-05,1.60697,3.62601
29.16,39.8496,3.98485e-05,1.59416,3.62582
29.18,39.8479,3.98469e-05,1.58136,3.62561
29.2,39.8462,3.98452e-05,1.56855,3.62539
29.22,39.8444,3.98434e-05,1.55575,3.62516
29.24,39.8426,3.98416e-05,1.54294,3.62492
29.26,39.8407,3.98397e-05,1.53014,3.62466
29.28,39.8388,3.98378e-05,1.51734,3.6244
29.3,39.8368,3.98358e-05,1.50455,3.62412
29.32,39.8348,3.98338e-05,1.49175,3.62383
29.34,39.8327,3.98317e-05,1.47896,3.62353
29.36,39.8306,3.98295e-05,1.46616,3.62322
29.38,39.8284,3.98273e-05,1.45337,3.6229
29.4,39.8261,3.98251e-05,1.44058,3.62257
29.42,39.8238,3.98228e-05,1.42779,3.62222
29.44,39.8215,3.98204e-05,1.41501,3.62186
29.46,39.8191,3.9818e-05,1.40223,3.62149
29.48,39.8166,3.98156e-05,1.38944,3.62111
29.5,39.8141,3.98131e-05,1.37666,3.62072
29.52,39.8115,3.98105e-05,1.36389,3.62032
29.54,39.8089,3.98079e-05,1.35111,3.61991
29.56,39.8062,3.98052e-05,1.33834,3.61948
29.58,39.8035,3.98025e-05,1.32557,3.61904
29.6,39.8007,3.97997e-05,1.3128,3.61859
29.62,39.7978,3.97968e-05,1.30003,3.61813
29.64,39.7949,3.97939e-05,1.28727,3.61766
29.66,39.792,3.9791e-05,1.27451,3.61718
29.68,39.789,3.9788e-05,1.26175,3.61669
29.7,39.7859,3.97849e-05,1.24899,3.61618
29.72,39.7828,3.97818e-05,1.23624,3.61566
29.74,39.7796,3.97786e-05,1.22348,3.61514
29.76,39.7764,3.97754e-05,1.21073,3.6146
29.78,39.7731,3.97721e-05,1.19799,3.61405
29.8,39.7698,3.97688e-05,1.18524,3.61348
29.82,39.7664,3.97654e-05,1.1725,3.61291
29.84,39.7629,3.97619e-05,1.15976,3.61232
29.86,39.7594,3.97584e-05,1.14703,3.61173
29.88,39.7558,3.97548e-05,1.1343,3.61112
29.9,39.7522,3.97512e-05,1.12157,3.6105
29.92,39.7485,3.97475e-05,1.10884,3.60987
29.94,39.7448,3.97438e-05,1.09612,3.60923
29.96,39.741,3.974e-05,1.0834,3.60858
29.98,39.7371,3.97361e-05,1.07068,3.60792
30,0.00994655,0.198931,0.270411,3.60688
30.02,0.0135328,0.270655,-1.00001e-06,3.60524
30.04,0.0137726,0.275453,-1.00001e-06,3.60361
30.06,0.0140125,0.28025,-1.00001e-06,3.60197
30.08,0.0142524,0.285047,-1.00001e-06,3.60033
30.1,0.0144922,0.289844,-1.00001e-06,3.59869
30.12,0.0147321,0.294641,-1.00001e-06,3.59706
30.14,0.0149719,0.299438,-1.00001e-06,3.59543
30.16,0.0152118,0.304235,-1.00001e-06,3.59379
30.18,0.0154516,0.309032,-1.00001e-06,3.59216
30.2,0.0156915,0.313829,-1.00001e-06,3.59053
30.22,0.0159313,0.318626,-1.00001e-06,3.58889
30.24,0.0161711,0.323423,-1.00001e-06,3.58726
30.26,0.016411,0.328219,-1.00001e-06,3.58563
30.28,0.0166508,0.333016,-1.00001e-06,3.584
30.3,0.0168906,0.337813,-1.00001e-06,3.58238
30.32,0.0171305,0.342609,-1.00001e-06,3.58075
30.34,0.0173703,0.347406,-1.00001e-06,3.57912
30.36,0.0176101,0.352202,-1.00001e-06,3.57749
30.38,0.0178499,0.356999,-1.00001e-06,3.57587
30.4,0.0180898,0.361795,-1.00001e-06,3.57424
30.42,0.0183296,0.366591,-1.00001e-06,3.57262
30.44,0.0185694,0.371388,-1.00001e-06,3.571
30.46,0.0188092,0.376184,-1.00001e-06,3.56937
30.48,0.019049,0.38098,-1.00001e-06,3.56775
30.5,0.0192888,0.385776,-1.00001e-06,3.56613
30.52,0.0195286,0.390572,-1.00001e-06,3.56451
30.54,0.0197684,0.395369,-1.00001e-06,3.56289
30.56,0.0200082,0.400165,-1.00001e-06,3.56127
30.58,0.020248,0.404961,-1.00001e-06,3.55965
30.6,0.0204878,0.409756,-1.00001e-06,3.55804
30.62,0.0207276,0.414552,-1.00001e-06,3.55642
30.64,0.0209674,0.419348,-1.00001e-06,3.5548
30.66,0.0212072,0.424144,-1.00001e-06,3.55319
30.68,0.021447,0.42894,-1.00001e-06,3.55157
30.7,0.0216868,0.433735,-1.00001e-06,3.54996
30.72,0.0219265,0.438531,-1.00001e-06,3.54835
30.74,0.0221663,0.443326,-1.00001e-06,3.54673
30.76,0.0224061,0.448122,-1.00001e-06,3.54512
30.78,0.0226459,0.452918,-1.00001e-06,3.54351
30.8,0.0228856,0.457713,-1.00001e-06,3.5419
30.82,0.0231254,0.462508,-1.00001e-06,3.54029
30.84,0.0233652,0.467304,-1.00001e-06,3.53868
30.86,0.0236049,0.472099,-1.00001e-06,3.53708
30.88,0.0238447,0.476894,-1.00001e-06,3.53547
30.9,0.0240845,0.481689,-1.00001e-06,3.53386
30.92,0.0243242,0.486485,-1.00001e-06,3.53226
30.94,0.024564,0.49128,-1.00001e-06,3.53065
30.96,0.0248037,0.496075,-1.00001e-06,3.52905
30.98,0.0250435,0.50087,-1.00001e-06,3.52744
31,0.0252832,0.505665,-1.00001e-06,3.52584
31.02,0.025523,0.51046,-1.00001e-06,3.52424
31.04,0.0257627,0.515254,-1.00001e-06,3.52264
31.06,0.0260025,0.520049,-1.00001e-06,3.52104
31.08,0.0262422,0.524844,-1.00001e-06,3.51944
31.1,0.0264819,0.529639,-1.00001e-06,3.51784
31.12,0.0267217,0.534433,-1.00001e-06,3.51624
31.14,0.0269614,0.539228,-1.00001e-06,3.51464
31.16,0.0272011,0.544023,-1.00001e-06,3.51304
31.18,0.0274409,0.548817,-1.00001e-06,3.51145
31.2,0.0276806,0.553612,-1.00001e-06,3.50985
31.22,0.0279203,0.558406,-1.00001e-06,3.50826
31.24,0.02816,0.5632,-1.00001e-06,3.50666
31.26,0.0283997,0.567995,-1.00001e-06,3.50507
31.28,0.0286394,0.572789,-1.00001e-06,3.50348
31.3,0.0288792,0.577583,-1.00001e-06,3.50189
31.32,0.0291189,0.582377,-1.00001e-06,3.50029
31.34,0.0293586,0.587172,-1.00001e-06,3.4987
31.36,0.0295983,0.591966,-1.00001e-06,3.49711
31.38,0.029838,0.59676,-1.00001e-06,3.49553
31.4,0.0300777,0.601554,-1.00001e-06,3.49394
31.42,0.0303174,0.606348,-1.00001e-06,3.49235
31.44,0.0305571,0.611142,-1.00001e-06,3.49076
31.46,0.0307968,0.615935,-1.00001e-06,3.48918
31.48,0.0310365,0.620729,-1.00001e-06,3.48759
31.5,0.0312761,0.625523,-1.00001e-06,3.48601
31.52,0.0315158,0.630317,-1.00001e-06,3.48442
31.54,0.0317555,0.63511,-1.00001e-06,3.48284
31.56,0.0319952,0.639904,-1.00001e-06,3.48126
31.58,0.0322349,0.644698,-1.00001e-06,3.47967
31.6,0.0324746,0.649491,-1.00001e-06,3.47809
31.62,0.0327142,0.654284,-1.00001e-06,3.47651
31.64,0.0329539,0.659078,-1.00001e-06,3.47493
31.66,0.0331936,0.663871,-1.00001e-06,3.47335
31.68,0.0334332,0.668665,-1.00001e-06,3.47178
31.7,0.0336729,0.673458,-1.00001e-06,3.4702
31.72,0.0339126,0.678251,-1.00001e-06,3.46862
31.74,0.0341522,0.683044,-1.00001e-06,3.46705
31.76,0.0343919,0.687837,-1.00001e-06,3.46547
31.78,0.0346315,0.692631,-1.00001e-06,3.4639
31.8,0.0348712,0.697424,-1.00001e-06,3.46232
31.82,0.0351108,0.702217,-1.00001e-06,3.46075
31.84,0.0353505,0.707009,-1.00001e-06,3.45918
31.86,0.0355901,0.711802,-1.00001e-06,3.4576
31.88,0.0358298,0.716595,-1.00001e-06,3.45603
31.9,0.0360694,0.721388,-1.00001e-06,3.45446
31.92,0.036309,0.726181,-1.00001e-06,3.45289
31.94,0.0365487,0.730973,-1.00001e-06,3.45132
31.96,0.0367883,0.735766,-1.00001e-06,3.44976
31.98,0.0370279,0.740559,-1.00001e-06,3.44819
32,0.0372676,0.745351,-1.00001e-06,3.44662
32.02,0.0375072,0.750144,-1.00001e-06,3.44505
32.04,0.0377468,0.754936,-1.00001e-06,3.44349
32.06,0.0379864,0.759729,-1.00001e-06,3.44192
32.08,0.0382261,0.764521,-1.00001e-06,3.44036
32.1,0.0384657,0.769313,-1.00001e-06,3.4388
32.12,0.0387053,0.774106,-1.00001e-06,3.43723
32.14,0.0389449,0.778898,-1.00001e-06,3.43567
32.16,0.0391845,0.78369,-1.00001e-06,3.43411
32.18,0.0394241,0.788482,-1.00001e-06,3.43255
32.2,0.0396637,0.793274,-1.00001e-06,3.43099
32.22,0.0399033,0.798066,-1.00001e-06,3.42943
32.24,0.0401429,0.802858,-1.00001e-06,3.42787
32.26,0.0403825,0.80765,-1.00001e-06,3.42632
32.28,0.0406221,0.812442,-1.00001e-06,3.42476
32.3,0.0408617,0.817234,-1.00001e-06,3.4232
32.32,0.0411013,0.822026,-1.00001e-06,3.42165
32.34,0.0413409,0.826817,-1.00001e-06,3.42009
32.36,0.0415805,0.831609,-1.00001e-06,3.41854
32.38,0.04182,0.836401,-1.00001e-06,3.41699
32.4,0.0420596,0.841192,-1.00001e-06,3.41543
32.42,0.0422992,0.845984,-1.00001e-06,3.41388
32.44,0.0425388,0.850775,-1.00001e-06,3.41233
32.46,0.0427783,0.855567,-1.00001e-06,3.41078
32.48,0.0430179,0.860358,-1.00001e-06,3.40923
32.5,0.0432575,0.86515,-1.00001e-06,3.40768
32.52,0.043497,0.869941,-1.00001e-06,3.40613
32.54,0.0437366,0.874732,-1.00001e-06,3.40458
32.56,0.0439762,0.879523,-1.00001e-06,3.40304
32.58,0.0442157,0.884315,-1.00001e-06,3.40149
32.6,0.0444553,0.889106,-1.00001e-06,3.39995
32.62,0.0446948,0.893897,-1.00001e-06,3.3984
32.64,0.0449344,0.898688,-1.00001e-06,3.39686
32.66,0.0451739,0.903479,-1.00001e-06,3.39531
32.68,0.0454135,0.90827,-1.00001e-06,3.39377
32.7,0.045653,0.913061,-1.00001e-06,3.39223
32.72,0.0458926,0.917851,-1.00001e-06,3.39069
32.74,0.0461321,0.922642,-1.00001e-06,3.38915
32.76,0.0463717,0.927433,-1.00001e-06,3.38761
32.78,0.0466112,0.932224,-1.00001e-06,3.38607
32.8,0.0468507,0.937014,-1.00001e-06,3.38453
32.82,0.0470902,0.941805,-1.00001e-06,3.38299
32.84,0.0473298,0.946595,-1.00001e-06,3.38145
32.86,0.0475693,0.951386,-1.00001e-06,3.37992
32.88,0.0478088,0.956176,-1.00001e-06,3.37838
32.9,0.0480483,0.960967,-1.00001e-06,3.37685
32.92,0.0482879,0.965757,-1.00001e-06,3.37531
32.94,0.0485274,0.970547,-1.00001e-06,3.37378
32.96,0.0487669,0.975338,-1.00001e-06,3.37224
32.98,0.0490064,0.980128,-1.00001e-06,3.37071
33,0.0492459,0.984918,-1.00001e-06,3.36918
33.02,0.0494854,0.989708,-1.00001e-06,3.36765
33.04,0.0497249,0.994498,-1.00001e-06,3.36612
33.06,0.0499644,0.999288,-1.00001e-06,3.36459
33.08,0.0502039,1.00408,-1.00001e-06,3.36306
33.1,0.0504434,1.00887,-1.00001e-06,3.36153
33.12,0.0506829,1.01366,-1.00001e-06,3.36001
33.14,0.0509224,1.01845,-1.00001e-06,3.35848
33.16,0.0511619,1.02324,-1.00001e-06,3.35695
33.18,0.0514014,1.02803,-1.00001e-06,3.35543
33.2,0.0516409,1.03282,-1.00001e-06,3.3539
33.22,0.0518803,1.03761,-1.00001e-06,3.35238
33.24,0.0521198,1.0424,-1.00001e-06,3.35086
33.26,0.0523593,1.04719,-1.00001e-06,3.34933
33.28,0.0525988,1.05198,-1.00001e-06,3.34781
33.3,0.0528382,1.05676,-1.00001e-06,3.34629
33.32,0.0530777,1.06155,-1.00001e-06,3.34477
33.34,0.0533172,1.06634,-1.00001e-06,3.34325
33.36,0.0535566,1.07113,-1.00001e-06,3.34173
33.38,0.0537961,1.07592,-1.00001e-06,3.34021
33.4,0.0540356,1.08071,-1.00001e-06,3.33869
33.42,0.054275,1.0855,-1.00001e-06,3.33718
33.44,0.0545145,1.09029,-1.00001e-06,3.33566
33.46,0.0547539,1.09508,-1.00001e-06,3.33414
33.48,0.0549934,1.09987,-1.00001e-06,3.33263
33.5,0.0552328,1.10466,-1.00001e-06,3.33112
33.52,0.0554723,1.10945,-1.00001e-06,3.3296
33.54,0.0557117,1.11423,-1.00001e-06,3.32809
33.56,0.0559512,1.11902,-1.00001e-06,3.32658
33.58,0.0561906,1.12381,-1.00001e-06,3.32507
33.6,0.05643,1.1286,-1.00001e-06,3.32355
33.62,0.0566695,1.13339,-1.00001e-06,3.32204
33.64,0.0569089,1.13818,-1.00001e-06,3.32053
33.66,0.0571483,1.14297,-1.00001e-06,3.31903
33.68,0.0573878,1.14776,-1.00001e-06,3.31752
33.7,0.0576272,1.15254,-1.00001e-06,3.31601
33.72,0.0578666,1.15733,-1.00001e-06,3.3145
33.74,0.058106,1.16212,-1.00001e-06,3.313
33.76,0.0583454,1.16691,-1.00001e-06,3.31149
33.78,0.0585849,1.1717,-1.00001e-06,3.30999
33.8,0.0588243,1.17649,-1.00001e-06,3.30848
33.82,0.0590637,1.18127,-1.00001e-06,3.30698
33.84,0.0593031,1.18606,-1.00001e-06,3.30548
33.86,0.0595425,1.19085,-1.00001e-06,3.30398
33.88,0.0597819,1.19564,-1.00001e-06,3.30247
33.9,0.0600213,1.20043,-1.00001e-06,3.30097
33.92,0.0602607,1.20521,-1.00001e-06,3.29947
33.94,0.0605001,1.21,-1.00001e-06,3.29797
33.96,0.0607395,1.21479,-1.00001e-06,3.29648
33.98,0.0609789,1.21958,-1.00001e-06,3.29498
34,50.6907,1.15989,0.240054,3.29359
34.02,52.7825,1.02075,0.779387,3.29267
34.04,54.5659,0.863573,1.39008,3.2923
34.06,56.0091,0.691474,2.05984,3.29252
34.08,57.0865,0.507976,2.77471,3.29338
34.1,57.7782,0.316865,3.5197,3.29491
34.12,58.0627,0.122148,4.27894,3.29713
34.14,43.6214,4.36204e-05,4.75062,3.29991
34.16,38.6839,3.86828e-05,4.73878,3.30272
34.18,38.6947,3.86937e-05,4.72691,3.30552
34.2,38.7054,3.87044e-05,4.71503,3.3083
34.22,38.7162,3.87151e-05,4.70314,3.31107
34.24,38.7268,3.87258e-05,4.69124,3.31384
34.26,38.7375,3.87364e-05,4.67933,3.31659
34.28,38.748,3.8747e-05,4.66742,3.31932
34.3,38.7586,3.87575e-05,4.65549,3.32205
34.32,38.769,3.8768e-05,4.64356,3.32476
34.34,38.7795,3.87784e-05,4.63162,3.32746
34.36,38.7898,3.87888e-05,4.61967,3.33015
34.38,38.8002,3.87991e-05,4.60771,3.33283
34.4,38.8104,3.88094e-05,4.59574,3.33549
34.42,38.8207,3.88197e-05,4.58377,3.33815
34.44,38.8309,3.88298e-05,4.57179,3.34079
34.46,38.841,3.884e-05,4.5598,3.34342
34.48,38.8511,3.88501e-05,4.5478,3.34603
34.5,38.8611,3.88601e-05,4.53579,3.34864
34.52,38.8711,3.88701e-05,4.52378,3.35123
34.54,38.881,3.888e-05,4.51175,3.35381
34.56,38.8909,3.88899e-05,4.49972,3.35638
34.58,38.9008,3.88998e-05,4.48768,3.35893
34.6,38.9106,3.89096e-05,4.47564,3.36148
34.62,38.9203,3.89193e-05,4.46358,3.36401
34.64,38.93,3.8929e-05,4.45152,3.36653
34.66,38.9397,3.89386e-05,4.43945,3.36904
34.68,38.9493,3.89482e-05,4.42737,3.37153
34.7,38.9588,3.89578e-05,4.41528,3.37401
34.72,38.9683,3.89673e-05,4.40319,3.37649
34.74,38.9778,3.89767e-05,4.39109,3.37894
34.76,38.9872,3.89861e-05,4.37898,3.38139
34.78,38.9965,3.89955e-05,4.36686,3.38383
34.8,39.0058,3.90048e-05,4.35474,3.38625
34.82,39.0151,3.9014e-05,4.34261,3.38866
34.84,39.0243,3.90233e-05,4.33047,3.39106
34.86,39.0334,3.90324e-05,4.31832,3.39344
34.88,39.0425,3.90415e-05,4.30617,3.39582
34.9,39.0516,3.90506e-05,4.29401,3.39818
34.92,39.0606,3.90596e-05,4.28184,3.40053
34.94,39.0696,3.90685e-05,4.26966,3.40287
34.96,39.0785,3.90775e-05,4.25748,3.40519
34.98,39.0873,3.90863e-05,4.24529,3.40751
35,39.0961,3.90951e-05,4.23309,3.40981
35.02,39.1049,3.91039e-05,4.22089,3.4121
35.04,39.1136,3.91126e-05,4.20868,3.41437
35.06,39.1223,3.91213e-05,4.19646,3.41664
35.08,39.1309,3.91299e-05,4.18423,3.41889
35.1,39.1395,3.91385e-05,4.172,3.42113
35.12,39.148,3.9147e-05,4.15976,3.42336
35.14,39.1565,3.91554e-05,4.14752,3.42558
35.16,39.1649,3.91639e-05,4.13526,3.42778
35.18,39.1733,3.91722e-05,4.123,3.42997
35.2,39.1816,3.91806e-05,4.11074,3.43215
35.22,39.1898,3.91888e-05,4.09846,3.43432
35.24,39.1981,3.91971e-05,4.08618,3.43648
35.26,39.2062,3.92052e-05,4.0739,3.43862
35.28,39.2144,3.92134e-05,4.06161,3.44075
35.3,39.2224,3.92214e-05,4.04931,3.44287
35.32,39.2305,3.92295e-05,4.037,3.44498
35.34,39.2385,3.92374e-05,4.02469,3.44707
35.36,39.2464,3.92454e-05,4.01237,3.44916
35.38,39.2543,3.92532e-05,4.00004,3.45123
35.4,39.2621,3.92611e-05,3.98771,3.45329
35.42,39.2699,3.92689e-05,3.97538,3.45533
35.44,39.2776,3.92766e-05,3.96303,3.45737
35.46,39.2853,3.92843e-05,3.95068,3.45939
35.48,39.2929,3.92919e-05,3.93832,3.4614
35.5,39.3005,3.92995e-05,3.92596,3.4634
35.52,39.308,3.9307e-05,3.91359,3.46538
35.54,39.3155,3.93145e-05,3.90122,3.46736
35.56,39.3229,3.93219e-05,3.88884,3.46932
35.58,39.3303,3.93293e-05,3.87645,3.47127
35.6,39.3377,3.93367e-05,3.86406,3.4732
35.62,39.345,3.93439e-05,3.85166,3.47513
35.64,39.3522,3.93512e-05,3.83926,3.47704
35.66,39.3594,3.93584e-05,3.82685,3.47894
35.68,39.3665,3.93655e-05,3.81443,3.48083
35.7,39.3736,3.93726e-05,3.80201,3.48271
35.72,39.3807,3.93796e-05,3.78958,3.48457
35.74,39.3876,3.93866e-05,3.77715,3.48642
35.76,39.3946,3.93936e-05,3.76471,3.48826
35.78,39.4015,3.94005e-05,3.75226,3.49009
35.8,39.4083,3.94073e-05,3.73981,3.49191
35.82,39.4151,3.94141e-05,3.72736,3.49371
35.84,39.4219,3.94208e-05,3.7149,3.4955
35.86,39.4286,3.94275e-05,3.70243,3.49728
35.88,39.4352,3.94342e-05,3.68996,3.49905
35.9,39.4418,3.94408e-05,3.67748,3.5008
35.92,39.4483,3.94473e-05,3.665,3.50255
35.94,39.4548,3.94538e-05,3.65251,3.50428
35.96,39.4613,3.94603e-05,3.64002,3.506
35.98,39.4677,3.94667e-05,3.62752,3.5077
36,39.474,3.9473e-05,3.61502,3.5094
36.02,39.4803,3.94793e-05,3.60251,3.51108
36.04,39.4866,3.94856e-05,3.59,3.51275
36.06,39.4928,3.94918e-05,3.57748,3.51441
36.08,39.4989,3.94979e-05,3.56496,3.51605
36.1,39.505,3.9504e-05,3.55243,3.51768
36.12,39.5111,3.95101e-05,3.5399,3.51931
36.14,39.5171,3.95161e-05,3.52736,3.52092
36.16,39.523,3.9522e-05,3.51482,3.52251
36.18,39.5289,3.95279e-05,3.50227,3.5241
36.2,39.5348,3.95338e-05,3.48972,3.52567
36.22,39.5406,3.95396e-05,3.47716,3.52723
36.24,39.5464,3.95453e-05,3.4646,3.52878
36.26,39.5521,3.9551e-05,3.45203,3.53032
36.28,39.5577,3.95567e-05,3.43946,3.53184
36.3,39.5633,3.95623e-05,3.42689,3.53335
36.32,39.5689,3.95679e-05,3.41431,3.53485
36.34,39.5744,3.95734e-05,3.40172,3.53634
36.36,39.5798,3.95788e-05,3.38913,3.53782
36.38,39.5853,3.95842e-05,3.37654,3.53928
36.4,39.5906,3.95896e-05,3.36394,3.54073
36.42,39.5959,3.95949e-05,3.35134,3.54217
36.44,39.6012,3.96002e-05,3.33873,3.5436
36.46,39.6064,3.96054e-05,3.32612,3.54502
36.48,39.6116,3.96105e-05,3.31351,3.54642
36.5,39.6167,3.96156e-05,3.30089,3.54781
36.52,39.6217,3.96207e-05,3.28827,3.54919
36.54,39.6267,3.96257e-05,3.27564,3.55056
36.56,39.6317,3.96307e-05,3.26301,3.55191
36.58,39.6366,3.96356e-05,3.25038,3.55325
36.6,39.6415,3.96405e-05,3.23774,3.55458
36.62,39.6463,3.96453e-05,3.2251,3.5559
36.64,39.651,3.965e-05,3.21245,3.55721
36.66,39.6558,3.96547e-05,3.1998,3.5585
36.68,39.6604,3.96594e-05,3.18715,3.55979
36.7,39.665,3.9664e-05,3.17449,3.56106
36.72,39.6696,3.96686e-05,3.16183,3.56232
36.74,39.6741,3.96731e-05,3.14916,3.56356
36.76,39.6786,3.96776e-05,3.13649,3.5648
36.78,39.683,3.9682e-05,3.12382,3.56602
36.8,39.6874,3.96864e-05,3.11114,3.56723
36.82,39.6917,3.96907e-05,3.09847,3.56842
36.84,39.696,3.96949e-05,3.08578,3.56961
36.86,39.7002,3.96992e-05,3.0731,3.57078
36.88,39.7043,3.97033e-05,3.06041,3.57195
36.9,39.7085,3.97074e-05,3.04771,3.5731
36.92,39.7125,3.97115e-05,3.03502,3.57423
36.94,39.7165,3.97155e-05,3.02232,3.57536
36.96,39.7205,3.97195e-05,3.00962,3.57647
36.98,39.7244,3.97234e-05,2.99691,3.57757
37,39.7283,3.97273e-05,2.9842,3.57866
37.02,39.7321,3.97311e-05,2.97149,3.57974
37.04,39.7359,3.97349e-05,2.95877,3.5808
37.06,39.7396,3.97386e-05,2.94606,3.58186
37.08,39.7433,3.97423e-05,2.93333,3.5829
37.1,39.7469,3.97459e-05,2.92061,3.58393
37.12,39.7505,3.97495e-05,2.90788,3.58494
37.14,39.754,3.9753e-05,2.89515,3.58595
37.16,39.7575,3.97565e-05,2.88242,3.58694
37.18,39.7609,3.97599e-05,2.86969,3.58792
37.2,39.7643,3.97633e-05,2.85695,3.58889
37.22,39.7676,3.97666e-05,2.84421,3.58985
37.24,39.7709,3.97698e-05,2.83146,3.59079
37.26,39.7741,3.97731e-05,2.81872,3.59173
37.28,39.7773,3.97762e-05,2.80597,3.59265
37.3,39.7804,3.97794e-05,2.79322,3.59356
37.32,39.7835,3.97824e-05,2.78046,3.59445
37.34,39.7865,3.97855e-05,2.76771,3.59534
37.36,39.7895,3.97884e-05,2.75495,3.59621
37.38,39.7924,3.97914e-05,2.74219,3.59707
37.4,39.7953,3.97942e-05,2.72942,3.59792
37.42,39.7981,3.97971e-05,2.71666,3.59876
37.44,39.8009,3.97998e-05,2.70389,3.59958
37.46,39.8036,3.98026e-05,2.69112,3.6004
37.48,39.8063,3.98052e-05,2.67835,3.6012
37.5,39.8089,3.98079e-05,2.66557,3.60199
37.52,39.8115,3.98104e-05,2.6528,3.60276
37.54,39.814,3.9813e-05,2.64002,3.60353
37.56,39.8165,3.98154e-05,2.62724,3.60428
37.58,39.8189,3.98179e-05,2.61446,3.60502
37.6,39.8213,3.98202e-05,2.60167,3.60575
37.62,39.8236,3.98226e-05,2.58889,3.60647
37.64,39.8259,3.98248e-05,2.5761,3.60717
37.66,39.8281,3.98271e-05,2.56331,3.60787
37.68,39.8303,3.98292e-05,2.55052,3.60855
37.7,39.8324,3.98314e-05,2.53772,3.60922
37.72,39.8345,3.98334e-05,2.52493,3.60988
37.74,39.8365,3.98355e-05,2.51213,3.61052
37.76,39.8385,3.98374e-05,2.49933,3.61115
37.78,39.8404,3.98394e-05,2.48653,3.61178
37.8,39.8423,3.98412e-05,2.47373,3.61239
37.82,39.8441,3.98431e-05,2.46093,3.61298
37.84,39.8459,3.98449e-05,2.44812,3.61357
37.86,39.8476,3.98466e-05,2.43532,3.61414
37.88,39.8493,3.98483e-05,2.42251,3.61471
37.9,39.8509,3.98499e-05,2.4097,3.61526
37.92,39.8525,3.98515e-05,2.39689,3.6158
37.94,39.854,3.9853e-05,2.38408,3.61632
37.96,39.8555,3.98545e-05,2.37127,3.61684
37.98,39.8569,3.98559e-05,2.35846,3.61734
38,39.8583,3.98573e-05,2.34564,3.61783
38.02,39.8596,3.98586e-05,2.33283,3.61831
38.04,39.8609,3.98599e-05,2.32001,3.61878
38.06,39.8621,3.98611e-05,2.30719,3.61923
38.08,39.8633,3.98623e-05,2.29437,3.61968
38.1,39.8644,3.98634e-05,2.28155,3.62011
38.12,39.8655,3.98645e-05,2.26873,3.62053
38.14,39.8665,3.98655e-05,2.25591,3.62093
38.16,39.8675,3.98664e-05,2.24309,3.62133
38.18,39.8684,3.98674e-05,2.23027,3.62171
38.2,39.8693,3.98682e-05,2.21744,3.62209
38.22,39.8701,3.98691e-05,2.20462,3.62245
38.24,39.8709,3.98698e-05,2.19179,3.6228
38.26,39.8716,3.98706e-05,2.17897,3.62313
38.28,39.8722,3.98712e-05,2.16614,3.62346
38.3,39.8729,3.98719e-05,2.15332,3.62377
38.32,39.8734,3.98724e-05,2.14049,3.62407
38.34,39.874,3.98729e-05,2.12766,3.62436
38.36,39.8744,3.98734e-05,2.11483,3.62464
38.38,39.8748,3.98738e-05,2.10201,3.62491
38.4,39.8752,3.98742e-05,2.08918,3.62516
38.42,39.8755,3.98745e-05,2.07635,3.6254
38.44,39.8758,3.98748e-05,2.06352,3.62564
38.46,39.876,3.9875e-05,2.05069,3.62585
38.48,39.8762,3.98752e-05,2.03786,3.62606
38.5,39.8763,3.98753e-05,2.02503,3.62626
38.52,39.8764,3.98753e-05,2.0122,3.62644
38.54,39.8764,3.98754e-05,1.99937,3.62661
38.56,39.8763,3.98753e-05,1.98655,3.62677
38.58,39.8762,3.98752e-05,1.97372,3.62692
38.6,39.8761,3.98751e-05,1.96089,3.62706
38.62,39.8759,3.98749e-05,1.94806,3.62718
38.64,39.8757,3.98747e-05,1.93523,3.6273
38.66,39.8754,3.98744e-05,1.9224,3.6274
38.68,39.875,3.9874e-05,1.90957,3.62749
38.7,39.8746,3.98736e-05,1.89674,3.62757
38.72,39.8742,3.98732e-05,1.88392,3.62763
38.74,39.8737,3.98727e-05,1.87109,3.62769
38.76,39.8732,3.98721e-05,1.85826,3.62773
38.78,39.8726,3.98715e-05,1.84544,3.62776
38.8,39.8719,3.98709e-05,1.83261,3.62778
38.82,39.8712,3.98702e-05,1.81978,3.62779
38.84,39.8705,3.98694e-05,1.80696,3.62779
38.86,39.8697,3.98686e-05,1.79414,3.62777
38.88,39.8688,3.98678e-05,1.78131,3.62775
38.9,39.8679,3.98669e-05,1.76849,3.62771
38.92,39.8669,3.98659e-05,1.75567,3.62766
38.94,39.8659,3.98649e-05,1.74285,3.6276
38.96,39.8649,3.98639e-05,1.73003,3.62752
38.98,39.8638,3.98627e-05,1.71721,3.62744
39,39.8626,3.98616e-05,1.70439,3.62734
39.02,39.8614,3.98604e-05,1.69157,3.62723
39.04,39.8601,3.98591e-05,1.67875,3.62712
39.06,39.8588,3.98578e-05,1.66594,3.62698
39.08,39.8574,3.98564e-05,1.65312,3.62684
39.1,39.856,3.9855e-05,1.64031,3.62669
39.12,39.8545,3.98535e-05,1.6275,3.62652
39.14,39.853,3.9852e-05,1.61469,3.62634
39.16,39.8514,3.98504e-05,1.60188,3.62615
39.18,39.8498,3.98488e-05,1.58907,3.62595
39.2,39.8481,3.98471e-05,1.57626,3.62574
39.22,39.8464,3.98453e-05,1.56346,3.62552
39.24,39.8446,3.98435e-05,1.55065,3.62528
39.26,39.8427,3.98417e-05,1.53785,3.62504
39.28,39.8408,3.98398e-05,1.52505,3.62478
39.3,39.8389,3.98379e-05,1.51225,3.62451
39.32,39.8369,3.98359e-05,1.49945,3.62423
39.34,39.8348,3.98338e-05,1.48666,3.62393
39.36,39.8327,3.98317e-05,1.47386,3.62363
39.38,39.8305,3.98295e-05,1.46107,3.62331
39.4,39.8283,3.98273e-05,1.44828,3.62299
39.42,39.8261,3.98251e-05,1.43549,3.62265
39.44,39.8237,3.98227e-05,1.4227,3.6223
39.46,39.8214,3.98204e-05,1.40992,3.62193
39.48,39.8189,3.98179e-05,1.39713,3.62156
39.5,39.8165,3.98154e-05,1.38435,3.62118
39.52,39.8139,3.98129e-05,1.37157,3.62078
39.54,39.8113,3.98103e-05,1.35879,3.62037
39.56,39.8087,3.98077e-05,1.34602,3.61995
39.58,39.806,3.9805e-05,1.33325,3.61952
39.6,39.8032,3.98022e-05,1.32048,3.61908
39.62,39.8004,3.97994e-05,1.30771,3.61863
39.64,39.7976,3.97965e-05,1.29494,3.61816
39.66,39.7946,3.97936e-05,1.28218,3.61769
39.68,39.7917,3.97907e-05,1.26942,3.6172
39.7,39.7886,3.97876e-05,1.25666,3.6167
39.72,39.7855,3.97845e-05,1.2439,3.61619
39.74,39.7824,3.97814e-05,1.23115,3.61567
39.76,39.7792,3.97782e-05,1.21839,3.61514
39.78,39.776,3.97749e-05,1.20564,3.61459
39.8,39.7726,3.97716e-05,1.1929,3.61404
39.82,39.7693,3.97683e-05,1.18016,3.61347
39.84,39.7659,3.97648e-05,1.16741,3.61289
39.86,39.7624,3.97614e-05,1.15468,3.6123
39.88,39.7588,3.97578e-05,1.14194,3.6117
39.9,39.7552,3.97542e-05,1.12921,3.61109
39.92,39.7516,3.97506e-05,1.11648,3.61047
39.94,39.7479,3.97469e-05,1.10375,3.60983
39.96,39.7441,3.97431e-05,1.09103,3.60919
39.98,39.7403,3.97393e-05,1.07831,3.60853
40,0.00994789,0.198958,0.277934,3.6075
40.02,0.0136272,0.272544,-1.00001e-06,3.60587
40.04,0.0138671,0.277341,-1.00001e-06,3.60423
40.06,0.0141069,0.282139,-1.00001e-06,3.60259
40.08,0.0143468,0.286936,-1.00001e-06,3.60095
40.1,0.0145866,0.291733,-1.00001e-06,3.59932
40.12,0.0148265,0.29653,-1.00001e-06,3.59768
40.14,0.0150663,0.301327,-1.00001e-06,3.59605
40.16,0.0153062,0.306124,-1.00001e-06,3.59441
40.18,0.015546,0.310921,-1.00001e-06,3.59278
40.2,0.0157859,0.315718,-1.00001e-06,3.59115
40.22,0.0160257,0.320514,-1.00001e-06,3.58951
40.24,0.0162656,0.325311,-1.00001e-06,3.58788
40.26,0.0165054,0.330108,-1.00001e-06,3.58625
40.28,0.0167452,0.334905,-1.00001e-06,3.58462
40.3,0.0169851,0.339701,-1.00001e-06,3.58299
40.32,0.0172249,0.344498,-1.00001e-06,3.58137
40.34,0.0174647,0.349294,-1.00001e-06,3.57974
40.36,0.0177045,0.354091,-1.00001e-06,3.57811
40.38,0.0179444,0.358887,-1.00001e-06,3.57649
40.4,0.0181842,0.363683,-1.00001e-06,3.57486
40.42,0.018424,0.36848,-1.00001e-06,3.57324
40.44,0.0186638,0.373276,-1.00001e-06,3.57161
40.46,0.0189036,0.378072,-1.00001e-06,3.56999
40.48,0.0191434,0.382869,-1.00001e-06,3.56837
40.5,0.0193832,0.387665,-1.00001e-06,3.56675
40.52,0.019623,0.392461,-1.00001e-06,3.56513
40.54,0.0198628,0.397257,-1.00001e-06,3.56351
40.56,0.0201026,0.402053,-1.00001e-06,3.56189
40.58,0.0203424,0.406849,-1.00001e-06,3.56027
40.6,0.0205822,0.411645,-1.00001e-06,3.55865
40.62,0.020822,0.41644,-1.00001e-06,3.55703
40.64,0.0210618,0.421236,-1.00001e-06,3.55542
40.66,0.0213016,0.426032,-1.00001e-06,3.5538
40.68,0.0215414,0.430828,-1.00001e-06,3.55219
40.7,0.0217812,0.435623,-1.00001e-06,3.55057
40.72,0.0220209,0.440419,-1.00001e-06,3.54896
40.74,0.0222607,0.445215,-1.00001e-06,3.54735
40.76,0.0225005,0.45001,-1.00001e-06,3.54573
40.78,0.0227403,0.454806,-1.00001e-06,3.54412
40.8,0.02298,0.459601,-1.00001e-06,3.54251
40.82,0.0232198,0.464396,-1.00001e-06,3.5409
40.84,0.0234596,0.469192,-1.00001e-06,3.53929
40.86,0.0236993,0.473987,-1.00001e-06,3.53769
40.88,0.0239391,0.478782,-1.00001e-06,3.53608
40.9,0.0241789,0.483577,-1.00001e-06,3.53447
40.92,0.0244186,0.488372,-1.00001e-06,3.53287
40.94,0.0246584,0.493167,-1.00001e-06,3.53126
40.96,0.0248981,0.497963,-1.00001e-06,3.52966
40.98,0.0251379,0.502758,-1.00001e-06,3.52805
41,0.0253776,0.507552,-1.00001e-06,3.52645
41.02,0.0256174,0.512347,-1.00001e-06,3.52485
41.04,0.0258571,0.517142,-1.00001e-06,3.52325
41.06,0.0260968,0.521937,-1.00001e-06,3.52164
41.08,0.0263366,0.526732,-1.00001e-06,3.52004
41.1,0.0265763,0.531526,-1.00001e-06,3.51844
41.12,0.0268161,0.536321,-1.00001e-06,3.51685
41.14,0.0270558,0.541116,-1.00001e-06,3.51525
41.16,0.0272955,0.54591,-1.00001e-06,3.51365
41.18,0.0275352,0.550705,-1.00001e-06,3.51205
41.2,0.027775,0.555499,-1.00001e-06,3.51046
41.22,0.0280147,0.560294,-1.00001e-06,3.50886
41.24,0.0282544,0.565088,-1.00001e-06,3.50727
41.26,0.0284941,0.569882,-1.00001e-06,3.50568
41.28,0.0287338,0.574677,-1.00001e-06,3.50408
41.3,0.0289735,0.579471,-1.00001e-06,3.50249
41.32,0.0292132,0.584265,-1.00001e-06,3.5009
41.34,0.029453,0.589059,-1.00001e-06,3.49931
41.36,0.0296927,0.593853,-1.00001e-06,3.49772
41.38,0.0299324,0.598647,-1.00001e-06,3.49613
41.4,0.0301721,0.603441,-1.00001e-06,3.49454
41.42,0.0304118,0.608235,-1.00001e-06,3.49295
41.44,0.0306514,0.613029,-1.00001e-06,3.49136
41.46,0.0308911,0.617823,-1.00001e-06,3.48978
41.48,0.0311308,0.622617,-1.00001e-06,3.48819
41.5,0.0313705,0.62741,-1.00001e-06,3.48661
41.52,0.0316102,0.632204,-1.00001e-06,3.48502
41.54,0.0318499,0.636998,-1.00001e-06,3.48344
41.56,0.0320896,0.641791,-1.00001e-06,3.48186
41.58,0.0323292,0.646585,-1.00001e-06,3.48027
41.6,0.0325689,0.651378,-1.00001e-06,3.47869
41.62,0.0328086,0.656172,-1.00001e-06,3.47711
41.64,0.0330483,0.660965,-1.00001e-06,3.47553
41.66,0.0332879,0.665758,-1.00001e-06,3.47395
41.68,0.0335276,0.670552,-1.00001e-06,3.47237
41.7,0.0337673,0.675345,-1.00001e-06,3.4708
41.72,0.0340069,0.680138,-1.00001e-06,3.46922
41.74,0.0342466,0.684931,-1.00001e-06,3.46764
41.76,0.0344862,0.689725,-1.00001e-06,3.46607
41.78,0.0347259,0.694518,-1.00001e-06,3.46449
41.8,0.0349655,0.699311,-1.00001e-06,3.46292
41.82,0.0352052,0.704104,-1.00001e-06,3.46135
41.84,0.0354448,0.708896,-1.00001e-06,3.45977
41.86,0.0356845,0.713689,-1.00001e-06,3.4582
41.88,0.0359241,0.718482,-1.00001e-06,3.45663
41.9,0.0361637,0.723275,-1.00001e-06,3.45506
41.92,0.0364034,0.728068,-1.00001e-06,3.45349
41.94,0.036643,0.73286,-1.00001e-06,3.45192
41.96,0.0368827,0.737653,-1.00001e-06,3.45035
41.98,0.0371223,0.742446,-1.00001e-06,3.44878
42,0.0373619,0.747238,-1.00001e-06,3.44722
42.02,0.0376015,0.752031,-1.00001e-06,3.44565
42.04,0.0378412,0.756823,-1.00001e-06,3.44408
42.06,0.0380808,0.761615,-1.00001e-06,3.44252
42.08,0.0383204,0.766408,-1.00001e-06,3.44095
42.1,0.03856,0.7712,-1.00001e-06,3.43939
42.12,0.0387996,0.775992,-1.00001e-06,3.43783
42.14,0.0390392,0.780785,-1.00001e-06,3.43627
42.16,0.0392788,0.785577,-1.00001e-06,3.4347
42.18,0.0395184,0.790369,-1.00001e-06,3.43314
42.2,0.039758,0.795161,-1.00001e-06,3.43158
42.22,0.0399976,0.799953,-1.00001e-06,3.43002
42.24,0.0402372,0.804745,-1.00001e-06,3.42847
42.26,0.0404768,0.809537,-1.00001e-06,3.42691
42.28,0.0407164,0.814329,-1.00001e-06,3.42535
42.3,0.040956,0.81912,-1.00001e-06,3.42379
42.32,0.0411956,0.823912,-1.00001e-06,3.42224
42.34,0.0414352,0.828704,-1.00001e-06,3.42068
42.36,0.0416748,0.833496,-1.00001e-06,3.41913
42.38,0.0419144,0.838287,-1.00001e-06,3.41758
42.4,0.0421539,0.843079,-1.00001e-06,3.41602
42.42,0.0423935,0.84787,-1.00001e-06,3.41447
42.44,0.0426331,0.852662,-1.00001e-06,3.41292
42.46,0.0428727,0.857453,-1.00001e-06,3.41137
42.48,0.0431122,0.862245,-1.00001e-06,3.40982
42.5,0.0433518,0.867036,-1.00001e-06,3.40827
42.52,0.0435914,0.871827,-1.00001e-06,3.40672
42.54,0.0438309,0.876619,-1.00001e-06,3.40517
42.56,0.0440705,0.88141,-1.00001e-06,3.40362
42.58,0.04431,0.886201,-1.00001e-06,3.40208
42.6,0.0445496,0.890992,-1.00001e-06,3.40053
42.62,0.0447892,0.895783,-1.00001e-06,3.39899
42.64,0.0450287,0.900574,-1.00001e-06,3.39744
42.66,0.0452683,0.905365,-1.00001e-06,3.3959
42.68,0.0455078,0.910156,-1.00001e-06,3.39436
42.7,0.0457473,0.914947,-1.00001e-06,3.39281
42.72,0.0459869,0.919738,-1.00001e-06,3.39127
42.74,0.0462264,0.924528,-1.00001e-06,3.38973
42.76,0.046466,0.929319,-1.00001e-06,3.38819
42.78,0.0467055,0.93411,-1.00001e-06,3.38665
42.8,0.046945,0.9389,-1.00001e-06,3.38511
42.82,0.0471846,0.943691,-1.00001e-06,3.38357
42.84,0.0474241,0.948482,-1.00001e-06,3.38204
42.86,0.0476636,0.953272,-1.00001e-06,3.3805
42.88,0.0479031,0.958062,-1.00001e-06,3.37896
42.9,0.0481426,0.962853,-1.00001e-06,3.37743
42.92,0.0483822,0.967643,-1.00001e-06,3.37589
42.94,0.0486217,0.972433,-1.00001e-06,3.37436
42.96,0.0488612,0.977224,-1.00001e-06,3.37283
42.98,0.0491007,0.982014,-1.00001e-06,3.37129
43,0.0493402,0.986804,-1.00001e-06,3.36976
43.02,0.0495797,0.991594,-1.00001e-06,3.36823
43.04,0.0498192,0.996384,-1.00001e-06,3.3667
43.06,0.0500587,1.00117,-1.00001e-06,3.36517
43.08,0.0502982,1.00596,-1.00001e-06,3.36364
43.1,0.0505377,1.01075,-1.00001e-06,3.36211
43.12,0.0507772,1.01554,-1.00001e-06,3.36059
43.14,0.0510167,1.02033,-1.00001e-06,3.35906
43.16,0.0512562,1.02512,-1.00001e-06,3.35753
43.18,0.0514957,1.02991,-1.00001e-06,3.35601
43.2,0.0517351,1.0347,-1.00001e-06,3.35448
43.22,0.0519746,1.03949,-1.00001e-06,3.35296
43.24,0.0522141,1.04428,-1.00001e-06,3.35143
43.26,0.0524536,1.04907,-1.00001e-06,3.34991
43.28,0.0526931,1.05386,-1.00001e-06,3.34839
43.3,0.0529325,1.05865,-1.00001e-06,3.34687
43.32,0.053172,1.06344,-1.00001e-06,3.34535
43.34,0.0534115,1.06823,-1.00001e-06,3.34383
43.36,0.0536509,1.07302,-1.00001e-06,3.34231
43.38,0.0538904,1.07781,-1.00001e-06,3.34079
43.4,0.0541298,1.0826,-1.00001e-06,3.33927
43.42,0.0543693,1.08739,-1.00001e-06,3.33775
43.44,0.0546088,1.09218,-1.00001e-06,3.33624
43.46,0.0548482,1.09696,-1.00001e-06,3.33472
43.48,0.0550877,1.10175,-1.00001e-06,3.3332
43.5,0.0553271,1.10654,-1.00001e-06,3.33169
43.52,0.0555665,1.11133,-1.00001e-06,3.33018
43.54,0.055806,1.11612,-1.00001e-06,3.32866
43.56,0.0560454,1.12091,-1.00001e-06,3.32715
43.58,0.0562849,1.1257,-1.00001e-06,3.32564
43.6,0.0565243,1.13049,-1.00001e-06,3.32413
43.62,0.0567637,1.13527,-1.00001e-06,3.32262
43.64,0.0570032,1.14006,-1.00001e-06,3.32111
43.66,0.0572426,1.14485,-1.00001e-06,3.3196
43.68,0.057482,1.14964,-1.00001e-06,3.31809
43.7,0.0577214,1.15443,-1.00001e-06,3.31658
43.72,0.0579609,1.15922,-1.00001e-06,3.31508
43.74,0.0582003,1.16401,-1.00001e-06,3.31357
43.76,0.0584397,1.16879,-1.00001e-06,3.31206
43.78,0.0586791,1.17358,-1.00001e-06,3.31056
43.8,0.0589185,1.17837,-1.00001e-06,3.30905
43.82,0.0591579,1.18316,-1.00001e-06,3.30755
43.84,0.0593973,1.18795,-1.00001e-06,3.30605
43.86,0.0596367,1.19273,-1.00001e-06,3.30455
43.88,0.0598761,1.19752,-1.00001e-06,3.30304
43.9,0.0601155,1.20231,-1.00001e-06,3.30154
43.92,0.0603549,1.2071,-1.00001e-06,3.30004
43.94,0.0605943,1.21189,-1.00001e-06,3.29854
43.96,0.0608337,1.21667,-1.00001e-06,3.29704
43.98,0.0610731,1.22146,-1.00001e-06,3.29555
44,50.7046,1.16172,0.240283,3.29416
44.02,52.7998,1.02243,0.780179,3.29324
44.04,54.5864,0.865083,1.39156,3.29287
44.06,56.0323,0.692781,2.06212,3.29309
44.08,57.112,0.509057,2.77788,3.29395
44.1,57.8054,0.3177,3.52384,3.29549
44.12,58.0913,0.122724,4.28412,3.29771
44.14,43.7113,4.37103e-05,4.75807,3.3005
44.16,38.6864,3.86853e-05,4.74623,3.30331
44.18,38.6972,3.86962e-05,4.73435,3.30612
44.2,38.708,3.8707e-05,4.72247,3.30891
44.22,38.7188,3.87177e-05,4.71058,3.31169
44.24,38.7294,3.87284e-05,4.69868,3.31446
44.26,38.7401,3.87391e-05,4.68677,3.31721
44.28,38.7507,3.87497e-05,4.67485,3.31996
44.3,38.7612,3.87602e-05,4.66292,3.32269
44.32,38.7717,3.87707e-05,4.65099,3.32541
44.34,38.7822,3.87812e-05,4.63905,3.32811
44.36,38.7926,3.87916e-05,4.62709,3.33081
44.38,38.803,3.88019e-05,4.61513,3.33349
44.4,38.8133,3.88123e-05,4.60317,3.33616
44.42,38.8235,3.88225e-05,4.59119,3.33882
44.44,38.8337,3.88327e-05,4.57921,3.34147
44.46,38.8439,3.88429e-05,4.56721,3.34411
44.48,38.854,3.8853e-05,4.55521,3.34673
44.5,38.8641,3.88631e-05,4.5432,3.34934
44.52,38.8741,3.88731e-05,4.53118,3.35194
44.54,38.8841,3.8883e-05,4.51916,3.35452
44.56,38.894,3.8893e-05,4.50712,3.3571
44.58,38.9038,3.89028e-05,4.49508,3.35966
44.6,38.9137,3.89126e-05,4.48303,3.36221
44.62,38.9234,3.89224e-05,4.47098,3.36475
44.64,38.9331,3.89321e-05,4.45891,3.36728
44.66,38.9428,3.89418e-05,4.44684,3.36979
44.68,38.9524,3.89514e-05,4.43476,3.37229
44.7,38.962,3.8961e-05,4.42267,3.37478
44.72,38.9715,3.89705e-05,4.41057,3.37726
44.74,38.981,3.898e-05,4.39847,3.37972
44.76,38.9904,3.89894e-05,4.38636,3.38218
44.78,38.9998,3.89988e-05,4.37424,3.38462
44.8,39.0092,3.90081e-05,4.36211,3.38705
44.82,39.0184,3.90174e-05,4.34998,3.38946
44.84,39.0277,3.90266e-05,4.33783,3.39187
44.86,39.0368,3.90358e-05,4.32569,3.39426
44.88,39.046,3.9045e-05,4.31353,3.39664
44.9,39.0551,3.9054e-05,4.30137,3.39901
44.92,39.0641,3.90631e-05,4.28919,3.40137
44.94,39.0731,3.90721e-05,4.27702,3.40371
44.96,39.082,3.9081e-05,4.26483,3.40604
44.98,39.0909,3.90899e-05,4.25264,3.40836
45,39.0997,3.90987e-05,4.24044,3.41067
45.02,39.1085,3.91075e-05,4.22823,3.41297
45.04,39.1173,3.91163e-05,4.21602,3.41525
45.06,39.126,3.91249e-05,4.20379,3.41752
45.08,39.1346,3.91336e-05,4.19157,3.41978
45.1,39.1432,3.91422e-05,4.17933,3.42203
45.12,39.1517,3.91507e-05,4.16709,3.42426
45.14,39.1602,3.91592e-05,4.15484,3.42648
45.16,39.1687,3.91677e-05,4.14258,3.42869
45.18,39.1771,3.91761e-05,4.13032,3.43089
45.2,39.1854,3.91844e-05,4.11805,3.43308
45.22,39.1937,3.91927e-05,4.10578,3.43525
45.24,39.202,3.9201e-05,4.09349,3.43742
45.26,39.2102,3.92092e-05,4.0812,3.43956
45.28,39.2183,3.92173e-05,4.06891,3.4417
45.3,39.2264,3.92254e-05,4.0566,3.44383
45.32,39.2345,3.92335e-05,4.0443,3.44594
45.34,39.2425,3.92415e-05,4.03198,3.44804
45.36,39.2504,3.92494e-05,4.01966,3.45013
45.38,39.2583,3.92573e-05,4.00733,3.45221
45.4,39.2662,3.92652e-05,3.99499,3.45427
45.42,39.274,3.9273e-05,3.98265,3.45633
45.44,39.2817,3.92807e-05,3.97031,3.45837
45.46,39.2895,3.92884e-05,3.95795,3.46039
45.48,39.2971,3.92961e-05,3.94559,3.46241
45.5,39.3047,3.93037e-05,3.93323,3.46441
45.52,39.3123,3.93113e-05,3.92085,3.46641
45.54,39.3198,3.93188e-05,3.90848,3.46839
45.56,39.3272,3.93262e-05,3.89609,3.47035
45.58,39.3347,3.93336e-05,3.8837,3.47231
45.6,39.342,3.9341e-05,3.87131,3.47425
45.62,39.3493,3.93483e-05,3.8589,3.47618
45.64,39.3566,3.93556e-05,3.8465,3.4781
45.66,39.3638,3.93628e-05,3.83408,3.48001
45.68,39.371,3.937e-05,3.82166,3.4819
45.7,39.3781,3.93771e-05,3.80924,3.48379
45.72,39.3851,3.93841e-05,3.79681,3.48566
45.74,39.3922,3.93911e-05,3.78437,3.48751
45.76,39.3991,3.93981e-05,3.77193,3.48936
45.78,39.406,3.9405e-05,3.75948,3.49119
45.8,39.4129,3.94119e-05,3.74703,3.49302
45.82,39.4197,3.94187e-05,3.73457,3.49483
45.84,39.4265,3.94255e-05,3.7221,3.49662
45.86,39.4332,3.94322e-05,3.70963,3.49841
45.88,39.4399,3.94389e-05,3.69716,3.50018
45.9,39.4465,3.94455e-05,3.68468,3.50194
45.92,39.4531,3.94521e-05,3.67219,3.50369
45.94,39.4596,3.94586e-05,3.6597,3.50543
45.96,39.4661,3.94651e-05,3.6472,3.50715
45.98,39.4725,3.94715e-05,3.6347,3.50886
46,39.4789,3.94779e-05,3.62219,3.51056
46.02,39.4852,3.94842e-05,3.60968,3.51225
46.04,39.4915,3.94905e-05,3.59716,3.51393
46.06,39.4977,3.94967e-05,3.58464,3.51559
46.08,39.5039,3.95029e-05,3.57212,3.51724
46.1,39.51,3.9509e-05,3.55958,3.51888
46.12,39.5161,3.95151e-05,3.54705,3.52051
46.14,39.5221,3.95211e-05,3.5345,3.52213
46.16,39.5281,3.95271e-05,3.52196,3.52373
46.18,39.534,3.9533e-05,3.50941,3.52532
46.2,39.5399,3.95389e-05,3.49685,3.5269
46.22,39.5457,3.95447e-05,3.48429,3.52847
46.24,39.5515,3.95505e-05,3.47172,3.53002
46.26,39.5572,3.95562e-05,3.45915,3.53156
46.28,39.5629,3.95619e-05,3.44658,3.53309
46.3,39.5685,3.95675e-05,3.434,3.53461
46.32,39.5741,3.95731e-05,3.42141,3.53612
46.34,39.5796,3.95786e-05,3.40883,3.53761
46.36,39.5851,3.95841e-05,3.39623,3.53909
46.38,39.5905,3.95895e-05,3.38364,3.54056
46.4,39.5959,3.95949e-05,3.37103,3.54202
46.42,39.6013,3.96002e-05,3.35843,3.54347
46.44,39.6065,3.96055e-05,3.34582,3.5449
46.46,39.6118,3.96108e-05,3.3332,3.54632
46.48,39.617,3.96159e-05,3.32058,3.54773
46.5,39.6221,3.96211e-05,3.30796,3.54913
46.52,39.6272,3.96262e-05,3.29533,3.55051
46.54,39.6322,3.96312e-05,3.2827,3.55188
46.56,39.6372,3.96362e-05,3.27007,3.55325
46.58,39.6421,3.96411e-05,3.25743,3.55459
46.6,39.647,3.9646e-05,3.24479,3.55593
46.62,39.6519,3.96508e-05,3.23214,3.55725
46.64,39.6567,3.96556e-05,3.21949,3.55857
46.66,39.6614,3.96604e-05,3.20683,3.55987
46.68,39.6661,3.96651e-05,3.19417,3.56116
46.7,39.6707,3.96697e-05,3.18151,3.56243
46.72,39.6753,3.96743e-05,3.16885,3.5637
46.74,39.6798,3.96788e-05,3.15618,3.56495
46.76,39.6843,3.96833e-05,3.1435,3.56619
46.78,39.6888,3.96878e-05,3.13083,3.56741
46.8,39.6932,3.96921e-05,3.11815,3.56863
46.82,39.6975,3.96965e-05,3.10546,3.56983
46.84,39.7018,3.97008e-05,3.09277,3.57103
46.86,39.706,3.9705e-05,3.08008,3.5722
46.88,39.7102,3.97092e-05,3.06739,3.57337
46.9,39.7144,3.97134e-05,3.05469,3.57453
46.92,39.7185,3.97174e-05,3.04199,3.57567
46.94,39.7225,3.97215e-05,3.02929,3.5768
46.96,39.7265,3.97255e-05,3.01658,3.57792
46.98,39.7304,3.97294e-05,3.00387,3.57903
47,39.7343,3.97333e-05,2.99115,3.58012
47.02,39.7382,3.97372e-05,2.97844,3.58121
47.04,39.742,3.9741e-05,2.96572,3.58228
47.06,39.7457,3.97447e-05,2.95299,3.58333
47.08,39.7494,3.97484e-05,2.94027,3.58438
47.1,39.753,3.9752e-05,2.92754,3.58542
47.12,39.7566,3.97556e-05,2.91481,3.58644
47.14,39.7602,3.97592e-05,2.90207,3.58745
47.16,39.7637,3.97627e-05,2.88933,3.58845
47.18,39.7671,3.97661e-05,2.87659,3.58943
47.2,39.7705,3.97695e-05,2.86385,3.59041
47.22,39.7739,3.97729e-05,2.8511,3.59137
47.24,39.7772,3.97761e-05,2.83836,3.59232
47.26,39.7804,3.97794e-05,2.82561,3.59326
47.28,39.7836,3.97826e-05,2.81285,3.59419
47.3,39.7868,3.97857e-05,2.8001,3.5951
47.32,39.7898,3.97888e-05,2.78734,3.596
47.34,39.7929,3.97919e-05,2.77457,3.59689
47.36,39.7959,3.97949e-05,2.76181,3.59777
47.38,39.7988,3.97978e-05,2.74904,3.59864
47.4,39.8017,3.98007e-05,2.73628,3.59949
47.42,39.8046,3.98036e-05,2.72351,3.60034
47.44,39.8074,3.98064e-05,2.71073,3.60117
47.46,39.8101,3.98091e-05,2.69796,3.60198
47.48,39.8128,3.98118e-05,2.68518,3.60279
47.5,39.8155,3.98145e-05,2.6724,3.60359
47.52,39.8181,3.98171e-05,2.65962,3.60437
47.54,39.8206,3.98196e-05,2.64683,3.60514
47.56,39.8231,3.98221e-05,2.63405,3.6059
47.58,39.8256,3.98246e-05,2.62126,3.60664
47.6,39.828,3.9827e-05,2.60847,3.60738
47.62,39.8303,3.98293e-05,2.59568,3.6081
47.64,39.8326,3.98316e-05,2.58289,3.60881
47.66,39.8349,3.98338e-05,2.57009,3.60951
47.68,39.8371,3.9836e-05,2.55729,3.6102
47.7,39.8392,3.98382e-05,2.54449,3.61087
47.72,39.8413,3.98403e-05,2.53169,3.61153
47.74,39.8434,3.98423e-05,2.51889,3.61219
47.76,39.8454,3.98443e-05,2.50609,3.61282
47.78,39.8473,3.98463e-05,2.49328,3.61345
47.8,39.8492,3.98482e-05,2.48047,3.61407
47.82,39.8511,3.985e-05,2.46767,3.61467
47.84,39.8528,3.98518e-05,2.45486,3.61526
47.86,39.8546,3.98536e-05,2.44204,3.61584
47.88,39.8563,3.98553e-05,2.42923,3.61641
47.9,39.8579,3.98569e-05,2.41642,3.61696
47.92,39.8595,3.98585e-05,2.4036,3.61751
47.94,39.8611,3.98601e-05,2.39079,3.61804
47.96,39.8626,3.98616e-05,2.37797,3.61856
47.98,39.864,3.9863e-05,2.36515,3.61907
48,39.8654,3.98644e-05,2.35233,3.61956
48.02,39.8668,3.98658e-05,2.33951,3.62005
48.04,39.8681,3.98671e-05,2.32668,3.62052
48.06,39.8693,3.98683e-05,2.31386,3.62098
48.08,39.8705,3.98695e-05,2.30104,3.62143
48.1,39.8717,3.98707e-05,2.28821,3.62187
48.12,39.8728,3.98717e-05,2.27538,3.62229
48.14,39.8738,3.98728e-05,2.26256,3.62271
48.16,39.8748,3.98738e-05,2.24973,3.62311
48.18,39.8757,3.98747e-05,2.2369,3.6235
48.2,39.8766,3.98756e-05,2.22407,3.62387
48.22,39.8775,3.98765e-05,2.21124,3.62424
48.24,39.8783,3.98773e-05,2.19841,3.62459
48.26,39.879,3.9878e-05,2.18558,3.62494
48.28,39.8797,3.98787e-05,2.17275,3.62527
48.3,39.8804,3.98793e-05,2.15991,3.62558
48.32,39.881,3.98799e-05,2.14708,3.62589
48.34,39.8815,3.98805e-05,2.13425,3.62619
48.36,39.882,3.9881e-05,2.12141,3.62647
48.38,39.8824,3.98814e-05,2.10858,3.62674
48.4,39.8828,3.98818e-05,2.09575,3.627
48.42,39.8832,3.98821e-05,2.08291,3.62725
48.44,39.8834,3.98824e-05,2.07008,3.62748
48.46,39.8837,3.98827e-05,2.05724,3.62771
48.48,39.8839,3.98829e-05,2.04441,3.62792
48.5,39.884,3.9883e-05,2.03157,3.62812
48.52,39.8841,3.98831e-05,2.01873,3.62831
48.54,39.8841,3.98831e-05,2.0059,3.62849
48.56,39.8841,3.98831e-05,1.99306,3.62865
48.58,39.884,3.9883e-05,1.98023,3.62881
48.6,39.8839,3.98829e-05,1.96739,3.62895
48.62,39.8838,3.98828e-05,1.95456,3.62908
48.64,39.8835,3.98825e-05,1.94172,3.6292
48.66,39.8833,3.98823e-05,1.92889,3.6293
48.68,39.883,3.98819e-05,1.91605,3.6294
48.7,39.8826,3.98816e-05,1.90322,3.62948
48.72,39.8822,3.98811e-05,1.89038,3.62955
48.74,39.8817,3.98807e-05,1.87755,3.62961
48.76,39.8812,3.98801e-05,1.86472,3.62966
48.78,39.8806,3.98796e-05,1.85188,3.6297
48.8,39.88,3.98789e-05,1.83905,3.62972
48.82,39.8793,3.98783e-05,1.82622,3.62974
48.84,39.8785,3.98775e-05,1.81339,3.62974
48.86,39.8778,3.98768e-05,1.80056,3.62973
48.88,39.8769,3.98759e-05,1.78773,3.62971
48.9,39.8761,3.9875e-05,1.7749,3.62967
48.92,39.8751,3.98741e-05,1.76207,3.62963
48.94,39.8741,3.98731e-05,1.74924,3.62957
48.96,39.8731,3.98721e-05,1.73641,3.6295
48.98,39.872,3.9871e-05,1.72359,3.62942
49,39.8709,3.98698e-05,1.71076,3.62933
49.02,39.8697,3.98686e-05,1.69794,3.62923
49.04,39.8684,3.98674e-05,1.68511,3.62911
49.06,39.8671,3.98661e-05,1.67229,3.62899
49.08,39.8658,3.98648e-05,1.65947,3.62885
49.1,39.8644,3.98634e-05,1.64665,3.6287
49.12,39.8629,3.98619e-05,1.63383,3.62854
49.14,39.8614,3.98604e-05,1.62102,3.62837
49.16,39.8598,3.98588e-05,1.6082,3.62818
49.18,39.8582,3.98572e-05,1.59538,3.62799
49.2,39.8566,3.98556e-05,1.58257,3.62778
49.22,39.8549,3.98538e-05,1.56976,3.62756
49.24,39.8531,3.98521e-05,1.55695,3.62733
49.26,39.8513,3.98503e-05,1.54414,3.62709
49.28,39.8494,3.98484e-05,1.53133,3.62683
49.3,39.8475,3.98465e-05,1.51852,3.62657
49.32,39.8455,3.98445e-05,1.50572,3.62629
49.34,39.8435,3.98424e-05,1.49291,3.626
49.36,39.8414,3.98404e-05,1.48011,3.6257
49.38,39.8392,3.98382e-05,1.46731,3.62539
49.4,39.837,3.9836e-05,1.45452,3.62507
49.42,39.8348,3.98338e-05,1.44172,3.62474
49.44,39.8325,3.98315e-05,1.42892,3.62439
49.46,39.8301,3.98291e-05,1.41613,3.62403
49.48,39.8277,3.98267e-05,1.40334,3.62366
49.5,39.8253,3.98243e-05,1.39055,3.62328
49.52,39.8228,3.98217e-05,1.37777,3.62289
49.54,39.8202,3.98192e-05,1.36498,3.62249
49.56,39.8176,3.98166e-05,1.3522,3.62208
49.58,39.8149,3.98139e-05,1.33942,3.62165
49.6,39.8122,3.98111e-05,1.32664,3.62121
49.62,39.8094,3.98084e-05,1.31387,3.62077
49.64,39.8065,3.98055e-05,1.30109,3.62031
49.66,39.8036,3.98026e-05,1.28832,3.61983
49.68,39.8007,3.97997e-05,1.27555,3.61935
49.7,39.7977,3.97967e-05,1.26279,3.61886
49.72,39.7946,3.97936e-05,1.25002,3.61835
49.74,39.7915,3.97905e-05,1.23726,3.61783
49.76,39.7883,3.97873e-05,1.2245,3.61731
49.78,39.7851,3.97841e-05,1.21175,3.61677
49.8,39.7818,3.97808e-05,1.19899,3.61622
49.82,39.7785,3.97774e-05,1.18624,3.61565
49.84,39.7751,3.9774e-05,1.17349,3.61508
49.86,39.7716,3.97706e-05,1.16075,3.6145
49.88,39.7681,3.97671e-05,1.148,3.6139
49.9,39.7645,3.97635e-05,1.13526,3.61329
49.92,39.7609,3.97599e-05,1.12253,3.61267
49.94,39.7572,3.97562e-05,1.10979,3.61204
49.96,39.7535,3.97524e-05,1.09706,3.6114
49.98,39.7497,3.97486e-05,1.08434,3.61075
50,0.00995065,0.199013,0.283734,3.60973
