t_s,vin_v,comparator_v,schmitt_v
0,2.03133,0,0
5.5e-05,2.04214,-11.8836,-11.8713
0.00011,1.99007,-11.8843,-11.872
0.000165,1.99303,-11.8836,-11.8713
0.00022,1.9345,-11.8843,-11.872
0.000275,1.82766,-11.8837,-11.8714
0.00033,1.94588,-11.8842,-11.8719
0.000385,2.06812,-11.8837,-11.8714
0.00044,1.92879,-11.8842,-11.8719
0.000495,1.90493,-11.8837,-11.8714
0.00055,1.91869,-11.8842,-11.8719
0.000605,1.9454,-11.8837,-11.8714
0.00066,1.99967,-11.8842,-11.8719
0.000715,1.9453,-11.8837,-11.8714
0.00077,1.98605,-11.8842,-11.8719
0.000825,1.93394,-11.8838,-11.8715
0.00088,1.88191,-11.8842,-11.8719
0.000935,1.9643,-11.8838,-11.8715
0.00099,1.91703,-11.8842,-11.8719
0.001045,2.02751,-11.8838,-11.8715
0.0011,1.86694,-11.8841,-11.8718
0.001155,1.88908,-11.8838,-11.8715
0.00121,1.84837,-11.8841,-11.8718
0.001265,1.90493,-11.8838,-11.8715
0.00132,1.85139,-11.8841,-11.8718
0.001375,1.89982,-11.8838,-11.8715
0.00143,1.85245,-11.8841,-11.8718
0.001485,1.83601,-11.8838,-11.8715
0.00154,1.78249,-11.8841,-11.8718
0.001595,1.91601,-11.8838,-11.8715
0.00165,1.93996,-11.8841,-11.8718
0.001705,1.9612,-11.8839,-11.8716
0.00176,1.83282,-11.8841,-11.8718
0.001815,1.91967,-11.8839,-11.8716
0.00187,1.71657,-11.8841,-11.8718
0.001925,1.86921,-11.8839,-11.8716
0.00198,1.85807,-11.8841,-11.8718
0.002035,1.99378,-11.8839,-11.8716
0.00209,1.85032,-11.8841,-11.8718
0.002145,1.75079,-11.8839,-11.8716
0.0022,1.81441,-11.8841,-11.8718
0.002255,1.84761,-11.8839,-11.8716
0.00231,1.83472,-11.8841,-11.8718
0.002365,1.90733,-11.8839,-11.8716
0.00242,1.77056,-11.8841,-11.8717
0.002475,1.94224,-11.8839,-11.8716
0.00253,1.77466,-11.884,-11.8717
0.002585,1.87363,-11.8839,-11.8716
0.00264,1.89841,-11.884,-11.8717
0.002695,1.82798,-11.8839,-11.8716
0.00275,1.87353,-11.884,-11.8717
0.002805,1.73576,-11.8839,-11.8716
0.00286,1.79114,-11.884,-11.8717
0.002915,1.79587,-11.8839,-11.8716
0.00297,1.77747,-11.884,-11.8717
0.003025,1.68343,-11.8839,-11.8716
0.00308,1.82502,-11.884,-11.8717
0.003135,1.83561,-11.8839,-11.8716
0.00319,1.72908,-11.884,-11.8717
0.003245,1.76129,-11.8839,-11.8716
0.0033,1.82995,-11.884,-11.8717
0.003355,1.76879,-11.8839,-11.8716
0.00341,1.79555,-11.884,-11.8717
0.003465,1.70899,-11.8839,-11.8716
0.00352,1.78598,-11.884,-11.8717
0.003575,1.75981,-11.8839,-11.8716
0.00363,1.89629,-11.884,-11.8717
0.003685,1.66319,-11.8839,-11.8716
0.00374,1.70977,-11.884,-11.8717
0.003795,1.6684,-11.8839,-11.8716
0.00385,1.74865,-11.884,-11.8717
0.003905,1.71198,-11.8839,-11.8716
0.00396,1.71883,-11.884,-11.8717
0.004015,1.63868,-11.884,-11.8716
0.00407,1.61086,-11.884,-11.8717
0.004125,1.67393,-11.884,-11.8716
0.00418,1.70328,-11.884,-11.8717
0.004235,1.73675,-11.884,-11.8716
0.00429,1.71975,-11.884,-11.8717
0.004345,1.66435,-11.884,-11.8717
0.0044,1.74891,-11.884,-11.8717
0.004455,1.52045,-11.884,-11.8717
0.00451,1.63716,-11.884,-11.8717
0.004565,1.67725,-11.884,-11.8717
0.00462,1.53372,-11.884,-11.8717
0.004675,1.63392,-11.884,-11.8717
0.00473,1.70084,-11.884,-11.8717
0.004785,1.66126,-11.884,-11.8717
0.00484,1.50593,-11.884,-11.8717
0.004895,1.58055,-11.884,-11.8717
0.00495,1.66835,-11.884,-11.8717
0.005005,1.67957,-11.884,-11.8717
0.00506,1.59671,-11.884,-11.8717
0.005115,1.61889,-11.884,-11.8717
0.00517,1.47159,-11.884,-11.8717
0.005225,1.54667,-11.884,-11.8717
0.00528,1.5674,-11.884,-11.8717
0.005335,1.52065,-11.884,-11.8717
0.00539,1.5416,-11.884,-11.8717
0.005445,1.51353,-11.884,-11.8717
0.0055,1.6175,-11.884,-11.8717
0.005555,1.57316,-11.884,-11.8717
0.00561,1.67205,-11.884,-11.8717
0.005665,1.49794,-11.884,-11.8717
0.00572,1.49705,-11.884,-11.8717
0.005775,1.52271,-11.884,-11.8717
0.00583,1.57308,-11.884,-11.8717
0.005885,1.56716,-11.884,-11.8717
0.00594,1.60747,-11.884,-11.8717
0.005995,1.53911,-11.884,-11.8717
0.00605,1.5461,-11.884,-11.8717
0.006105,1.43229,-11.884,-11.8717
0.00616,1.5732,-11.884,-11.8717
0.006215,1.52907,-11.884,-11.8717
0.00627,1.40709,-11.884,-11.8717
0.006325,1.60666,-11.884,-11.8717
0.00638,1.59306,-11.884,-11.8717
0.006435,1.47636,-11.884,-11.8717
0.00649,1.41842,-11.884,-11.8717
0.006545,1.37816,-11.884,-11.8717
0.0066,1.40098,-11.884,-11.8717
0.006655,1.41313,-11.884,-11.8717
0.00671,1.54196,-11.884,-11.8717
0.006765,1.4031,-11.884,-11.8717
0.00682,1.41782,-11.884,-11.8717
0.006875,1.50824,-11.884,-11.8717
0.00693,1.44795,-11.884,-11.8717
0.006985,1.44238,-11.884,-11.8717
0.00704,1.52479,-11.884,-11.8717
0.007095,1.45786,-11.884,-11.8717
0.00715,1.47984,-11.884,-11.8717
0.007205,1.4397,-11.884,-11.8717
0.00726,1.48946,-11.884,-11.8717
0.007315,1.3783,-11.884,-11.8717
0.00737,1.5092,-11.884,-11.8717
0.007425,1.39199,-11.884,-11.8717
0.00748,1.41941,-11.884,-11.8717
0.007535,1.48954,-11.884,-11.8717
0.00759,1.42469,-11.884,-11.8717
0.007645,1.35347,-11.884,-11.8717
0.0077,1.32854,-11.884,-11.8717
0.007755,1.44718,-11.884,-11.8717
0.00781,1.43837,-11.884,-11.8717
0.007865,1.35755,-11.884,-11.8717
0.00792,1.45511,-11.884,-11.8717
0.007975,1.42103,-11.884,-11.8717
0.00803,1.30058,-11.884,-11.8717
0.008085,1.3161,-11.884,-11.8717
0.00814,1.36017,-11.884,-11.8717
0.008195,1.37547,-11.884,-11.8717
0.00825,1.26515,-11.884,-11.8717
0.008305,1.45097,-11.884,-11.8717
0.00836,1.34855,-11.884,-11.8717
0.008415,1.23969,-11.884,-11.8717
0.00847,1.2645,-11.884,-11.8717
0.008525,1.27728,-11.884,-11.8717
0.00858,1.37621,-11.884,-11.8717
0.008635,1.29186,-11.884,-11.8717
0.00869,1.29198,-11.884,-11.8717
0.008745,1.38884,-11.884,-11.8717
0.0088,1.35433,-11.884,-11.8717
0.008855,1.33443,-11.884,-11.8717
0.00891,1.26588,-11.884,-11.8717
0.008965,1.29468,-11.884,-11.8717
0.00902,1.3726,-11.884,-11.8717
0.009075,1.24245,-11.884,-11.8717
0.00913,1.28717,-11.884,-11.8717
0.009185,1.28373,-11.884,-11.8717
0.00924,1.24304,-11.884,-11.8717
0.009295,1.19514,-11.884,-11.8717
0.00935,1.27882,-11.884,-11.8717
0.009405,1.15381,-11.884,-11.8717
0.00946,1.20991,-11.884,-11.8717
0.009515,1.18817,-11.884,-11.8717
0.00957,1.2657,-11.884,-11.8717
0.009625,1.24194,-11.884,-11.8717
0.00968,1.24587,-11.884,-11.8717
0.009735,1.29937,-11.884,-11.8717
0.00979,1.25513,-11.884,-11.8717
0.009845,1.30206,-11.884,-11.8717
0.0099,1.20265,-11.884,-11.8717
0.009955,1.20937,-11.884,-11.8717
0.01001,1.13991,-11.884,-11.8717
0.010065,1.13897,-11.884,-11.8717
0.01012,1.15995,-11.884,-11.8717
0.010175,1.20237,-11.884,-11.8717
0.01023,1.16999,-11.884,-11.8717
0.010285,1.21205,-11.884,-11.8717
0.01034,1.20775,-11.884,-11.8717
0.010395,1.282,-11.884,-11.8717
0.01045,1.17868,-11.884,-11.8717
0.010505,1.1702,-11.884,-11.8717
0.01056,1.17262,-11.884,-11.8717
0.010615,1.22473,-11.884,-11.8717
0.01067,1.04548,-11.884,-11.8717
0.010725,1.08326,-11.884,-11.8717
0.01078,1.18926,-11.884,-11.8717
0.010835,1.13044,-11.884,-11.8717
0.01089,1.20026,-11.884,-11.8717
0.010945,1.11652,-11.884,-11.8717
0.011,1.17404,-11.884,-11.8717
0.011055,1.0539,-11.884,-11.8717
0.01111,1.0897,-11.884,-11.8717
0.011165,1.0384,-11.884,-11.8717
0.01122,1.1342,-11.884,-11.8717
0.011275,1.05924,-11.884,-11.8717
0.01133,1.17259,-11.884,-11.8717
0.011385,1.07764,-11.884,-11.8717
0.01144,1.12988,-11.884,-11.8717
0.011495,1.11602,-11.884,-11.8717
0.01155,1.03243,-11.884,-11.8717
0.011605,0.960948,-11.884,-11.8717
0.01166,0.964732,-11.884,-11.8717
0.011715,1.01706,-11.884,-11.8717
0.01177,1.09177,-11.884,-11.8717
0.011825,1.04983,-11.884,-11.8717
0.01188,1.00332,-11.884,-11.8717
0.011935,0.978675,-11.884,-11.8717
0.01199,1.0253,-11.884,-11.8717
0.012045,1.13088,-11.884,-11.8717
0.0121,1.01152,-11.884,-11.8717
0.012155,1.00475,-11.884,-11.8717
0.01221,0.922768,-11.884,-11.8717
0.012265,0.935012,-11.884,-11.8717
0.01232,1.02099,-11.884,-11.8717
0.012375,1.13919,-11.884,-11.8717
0.01243,1.08124,-11.884,-11.8717
0.012485,0.950526,-11.884,-11.8717
0.01254,0.928958,-11.884,-11.8717
0.012595,1.00492,-11.884,-11.8717
0.01265,1.02826,-11.884,-11.8717
0.012705,1.13942,-11.884,-11.8717
0.01276,0.930602,-11.884,-11.8717
0.012815,0.99468,-11.884,-11.8717
0.01287,0.967787,-11.884,-11.8717
0.012925,0.965685,-11.884,-11.8717
0.01298,0.907768,-11.884,-11.8717
0.013035,1.02529,-11.884,-11.8717
0.01309,0.99459,-11.884,-11.8717
0.013145,0.911507,-11.884,-11.8717
0.0132,0.946296,-11.884,-11.8717
0.013255,1.00182,-11.884,-11.8717
0.01331,0.925634,-11.884,-11.8717
0.013365,0.962867,-11.884,-11.8717
0.01342,0.900566,-11.884,-11.8717
0.013475,0.832939,-11.884,-11.8717
0.01353,1.00945,-11.884,-11.8717
0.013585,0.942422,-11.884,-11.8717
0.01364,0.841308,-11.884,-11.8717
0.013695,0.832089,-11.884,-11.8717
0.01375,0.91843,-11.884,-11.8717
0.013805,0.979246,-11.884,-11.8717
0.01386,0.877322,-11.884,-11.8717
0.013915,0.95074,-11.884,-11.8717
0.01397,0.841242,-11.884,-11.8717
0.014025,0.853674,-11.884,-11.8717
0.01408,0.867652,-11.884,-11.8717
0.014135,0.84752,-11.884,-11.8717
0.01419,0.725576,-11.884,-11.8717
0.014245,0.781441,-11.884,-11.8717
0.0143,0.811899,-11.884,-11.8717
0.014355,0.839536,-11.884,-11.8717
0.01441,0.835588,-11.884,-11.8717
0.014465,0.877834,-11.884,-11.8717
0.01452,0.817966,-11.884,-11.8717
0.014575,0.787377,-11.884,-11.8717
0.01463,0.692058,-11.884,-11.8717
0.014685,0.753594,-11.884,-11.8717
0.01474,0.805878,-11.884,-11.8717
0.014795,0.815534,-11.884,-11.8717
0.01485,0.754299,-11.884,-11.8717
0.014905,0.792849,-11.884,-11.8717
0.01496,0.836715,-11.884,-11.8717
0.015015,0.857152,-11.884,-11.8717
0.01507,0.89955,-11.884,-11.8717
0.015125,0.834143,-11.884,-11.8717
0.01518,0.780563,-11.884,-11.8717
0.015235,0.799838,-11.884,-11.8717
0.01529,0.884454,-11.884,-11.8717
0.015345,0.791034,-11.884,-11.8717
0.0154,0.846142,-11.884,-11.8717
0.015455,0.727741,-11.884,-11.8717
0.01551,0.811652,-11.884,-11.8717
0.015565,0.766293,-11.884,-11.8717
0.01562,0.853756,-11.884,-11.8717
0.015675,0.868702,-11.884,-11.8717
0.01573,0.741175,-11.884,-11.8717
0.015785,0.749114,-11.884,-11.8717
0.01584,0.774001,-11.884,-11.8717
0.015895,0.695295,-11.884,-11.8717
0.01595,0.627747,-11.884,-11.8717
0.016005,0.870203,-11.884,-11.8717
0.01606,0.739957,-11.884,-11.8717
0.016115,0.73752,-11.884,-11.8717
0.01617,0.587332,-11.884,-11.8717
0.016225,0.714527,-11.884,-11.8717
0.01628,0.607741,-11.884,-11.8717
0.016335,0.682038,-11.884,-11.8717
0.01639,0.720905,-11.884,-11.8717
0.016445,0.674917,-11.884,-11.8717
0.0165,0.819197,-11.884,-11.8717
0.016555,0.724544,-11.884,-11.8717
0.01661,0.74304,-11.884,-11.8717
0.016665,0.555498,-11.884,-11.8717
0.01672,0.679621,-11.884,-11.8717
0.016775,0.770026,-11.884,-11.8717
0.01683,0.667367,-11.884,-11.8717
0.016885,0.54802,-11.884,-11.8717
0.01694,0.70539,-11.884,-11.8717
0.016995,0.667159,-11.884,-11.8717
0.01705,0.659705,-11.884,-11.8717
0.017105,0.699351,-11.884,-11.8717
0.01716,0.721284,-11.884,-11.8717
0.017215,0.646095,-11.884,-11.8717
0.01727,0.639814,-11.884,-11.8717
0.017325,0.626027,-11.884,-11.8717
0.01738,0.590891,-11.884,-11.8717
0.017435,0.570216,-11.884,-11.8717
0.01749,0.737161,-11.884,-11.8717
0.017545,0.538411,-11.884,-11.8717
0.0176,0.620958,-11.884,-11.8717
0.017655,0.717177,-11.884,-11.8717
0.01771,0.48018,-11.884,-11.8717
0.017765,0.58446,-11.884,-11.8717
0.01782,0.619327,-11.884,-11.8717
0.017875,0.617747,-11.884,-11.8717
0.01793,0.495932,-11.884,-11.8717
0.017985,0.445894,-11.884,-11.8717
0.01804,0.66529,-11.884,-11.8717
0.018095,0.429678,-11.884,-11.8717
0.01815,0.630579,-11.884,-11.8717
0.018205,0.51014,-11.884,-11.8717
0.01826,0.533917,-11.884,-11.8717
0.018315,0.632391,-11.884,-11.8717
0.01837,0.48686,-11.884,-11.8717
0.018425,0.559503,-11.884,-11.8717
0.01848,0.530818,-11.884,-11.8717
0.018535,0.551778,-11.884,-11.8717
0.01859,0.459551,-11.884,-11.8717
0.018645,0.534117,-11.884,-11.8717
0.0187,0.545515,-11.884,-11.8717
0.018755,0.460864,-11.884,-11.8717
0.01881,0.547126,-11.884,-11.8717
0.018865,0.529858,-11.884,-11.8717
0.01892,0.429974,-11.884,-11.8717
0.018975,0.432309,-11.884,-11.8717
0.01903,0.552892,-11.884,-11.8717
0.019085,0.523761,-11.884,-11.8717
0.01914,0.453692,-11.884,-11.8717
0.019195,0.407464,-11.884,-11.8717
0.01925,0.443469,-11.884,-11.8717
0.019305,0.435421,-11.884,-11.8717
0.01936,0.398727,-11.884,-11.8717
0.019415,0.369202,-11.884,-11.8717
0.01947,0.394484,-11.884,-11.8717
0.019525,0.457998,-11.884,-11.8717
0.01958,0.454799,-11.884,-11.8717
0.019635,0.378042,-11.884,-11.8717
0.01969,0.378471,-11.884,-11.8717
0.019745,0.393518,-11.884,-11.8717
0.0198,0.470925,-11.884,-11.8717
0.019855,0.340132,-11.884,-11.8717
0.01991,0.382713,-11.884,-11.8717
0.019965,0.433341,-11.884,-11.8717
0.02002,0.329321,-11.8839,-11.8717
0.020075,0.322294,-11.8839,-11.8717
0.02013,0.381689,-11.884,-11.8717
0.020185,0.313666,-11.8839,-11.8717
0.02024,0.461933,-11.884,-11.8717
0.020295,0.343923,-11.884,-11.8717
0.02035,0.477206,-11.884,-11.8717
0.020405,0.416136,-11.884,-11.8717
0.02046,0.248883,-11.8839,-11.8717
0.020515,0.456859,-11.884,-11.8717
0.02057,0.311036,-11.8839,-11.8717
0.020625,0.223846,-11.8839,-11.8717
0.02068,0.355776,-11.884,-11.8717
0.020735,0.299009,-11.8839,-11.8717
0.02079,0.441882,-11.884,-11.8717
0.020845,0.403851,-11.884,-11.8717
0.0209,0.401382,-11.884,-11.8717
0.020955,0.362752,-11.884,-11.8717
0.02101,0.296952,-11.8839,-11.8717
0.021065,0.328284,-11.8839,-11.8717
0.02112,0.265423,-11.8839,-11.8717
0.021175,0.310772,-11.8839,-11.8717
0.02123,0.221156,-11.8839,-11.8717
0.021285,0.248724,-11.8839,-11.8717
0.02134,0.272764,-11.8839,-11.8717
0.021395,0.339572,-11.8839,-11.8717
0.02145,0.240641,-11.8839,-11.8717
0.021505,0.27417,-11.8839,-11.8717
0.02156,0.237467,-11.8839,-11.8717
0.021615,0.317177,-11.8839,-11.8717
0.02167,0.254231,-11.8839,-11.8717
0.021725,0.346618,-11.884,-11.8717
0.02178,0.330015,-11.8839,-11.8717
0.021835,0.346995,-11.884,-11.8717
0.02189,0.261089,-11.8839,-11.8717
0.021945,0.348452,-11.884,-11.8717
0.022,0.20818,-11.8838,-11.8717
0.022055,0.264919,-11.8839,-11.8717
0.02211,0.270066,-11.8839,-11.8717
0.022165,0.233615,-11.8839,-11.8717
0.02222,0.26361,-11.8839,-11.8717
0.022275,0.120571,-11.8836,-11.8717
0.02233,0.223666,-11.8839,-11.8717
0.022385,0.288107,-11.8839,-11.8717
0.02244,0.0551647,-11.8831,-11.8716
0.022495,0.229301,-11.8839,-11.8717
0.02255,0.143946,-11.8837,-11.8717
0.022605,0.316518,-11.8839,-11.8717
0.02266,0.13381,-11.8836,-11.8717
0.022715,0.105393,-11.8835,-11.8716
0.02277,0.292211,-11.8839,-11.8717
0.022825,0.115568,-11.8836,-11.8717
0.02288,0.128917,-11.8836,-11.8717
0.022935,0.200742,-11.8838,-11.8717
0.02299,0.059528,-11.8832,-11.8716
0.023045,0.14239,-11.8837,-11.8717
0.0231,0.108826,-11.8835,-11.8717
0.023155,0.285621,-11.8839,-11.8717
0.02321,0.18546,-11.8838,-11.8717
0.023265,0.117258,-11.8836,-11.8717
0.02332,0.214328,-11.8838,-11.8717
0.023375,0.227436,-11.8839,-11.8717
0.02343,0.0640414,-11.8832,-11.8716
0.023485,0.16382,-11.8837,-11.8717
0.02354,0.241794,-11.8839,-11.8717
0.023595,0.139474,-11.8837,-11.8717
0.02365,0.0383399,-11.8829,-11.8716
0.023705,0.0852539,-11.8833,-11.8716
0.02376,0.0646542,-11.8834,-11.8716
0.023815,0.113765,-11.8835,-11.8717
0.02387,0.192977,-11.8839,-11.8717
0.023925,0.0456152,-11.8828,-11.8716
0.02398,0.116774,-11.8837,-11.8717
0.024035,-0.0693076,-4.73051,-11.8715
0.02409,0.185018,-11.8835,-11.8717
0.024145,0.0610658,-11.8836,-11.8716
0.0242,-0.00879103,11.6091,-11.8716
0.024255,0.123346,-11.8832,-11.8717
0.02431,0.00471967,-11.8166,-11.8716
0.024365,0.0522801,-11.3227,-11.8716
0.02442,0.00068248,-11.8818,-11.8716
0.024475,0.130332,-11.8836,-11.8717
0.02453,0.0659229,-11.8833,-11.8716
0.024585,0.15346,-11.8837,-11.8717
0.02464,0.091295,-11.8835,-11.8716
0.024695,-0.0318242,11.8828,-11.8715
0.02475,0.0659942,-11.8825,-11.8716
0.024805,-0.0239375,11.7415,-11.8716
0.02486,0.0961151,-11.8835,-11.8716
0.024915,-0.0252311,10.2474,-11.8716
0.02497,0.0312498,-11.8408,-11.8716
0.025025,-0.0657205,11.8827,-11.8715
0.02508,-0.0135206,11.8825,-11.8716
0.025135,0.0788264,-11.8837,-11.8716
0.02519,-0.00820679,-3.49779,-11.8716
0.025245,-0.0769054,11.883,-11.8715
0.0253,-0.0187095,11.8824,-11.8716
0.025355,0.0281331,-4.6948,-11.8716
0.02541,-0.0364128,11.8826,-11.8715
0.025465,-0.0395449,10.1428,-11.8715
0.02552,-0.0458636,11.8833,-11.8715
0.025575,0.0225525,-8.02959,-11.8716
0.02563,-0.0234917,-11.5535,-11.8716
0.025685,-0.185529,11.8835,-11.8709
0.02574,0.0295021,-11.8835,-11.8716
0.025795,-0.119576,11.8837,-11.8713
0.02585,0.0250067,10.046,-11.8716
0.025905,-0.185319,11.8837,-11.8709
0.02596,-0.122329,11.8837,-11.8713
0.026015,-0.160271,11.8836,-11.8711
0.02607,0.012334,11.8818,-11.8716
0.026125,-0.223805,11.884,-11.8703
0.02618,-0.0912411,11.8831,-11.8714
0.026235,-0.110249,11.8837,-11.8714
0.02629,-0.0348344,11.8821,-11.8715
0.026345,-0.212457,11.884,-11.8706
0.0264,-0.170461,11.8836,-11.871
0.026455,-0.175412,11.8839,-11.871
0.02651,-0.15404,11.8836,-11.8711
0.026565,-0.133531,11.8838,-11.8713
0.02662,-0.130451,11.8835,-11.8713
0.026675,-0.220985,11.884,-11.8684
0.02673,-0.212439,11.8837,-11.8706
0.026785,-0.101244,11.8836,-11.8714
0.02684,-0.109981,11.8834,-11.8714
0.026895,-0.16258,11.8838,-11.8711
0.02695,-0.176576,11.8837,-11.871
0.027005,-0.0755044,11.8835,-11.8715
0.02706,-0.0600519,11.883,-11.8715
0.027115,-0.114987,11.8837,-11.8713
0.02717,-0.143252,11.8836,-11.8712
0.027225,-0.115716,11.8837,-11.8713
0.02728,-0.185042,11.8837,-11.8709
0.027335,-0.176727,11.8838,-11.871
0.02739,-0.266517,11.8838,11.1016
0.027445,-0.314311,11.884,11.872
0.0275,-0.13267,11.8836,11.8713
0.027555,-0.208661,11.8839,11.8719
0.02761,-0.204793,11.8838,11.8714
0.027665,-0.274483,11.884,11.8719
0.02772,-0.180542,11.8837,11.8714
0.027775,-0.219101,11.8839,11.8719
0.02783,-0.134663,11.8836,11.8714
0.027885,-0.239472,11.8839,11.8719
0.02794,-0.172994,11.8837,11.8714
0.027995,-0.260137,11.8839,11.8719
0.02805,-0.272749,11.8839,11.8714
0.028105,-0.25978,11.8839,11.8719
0.02816,-0.260023,11.8839,11.8715
0.028215,-0.265209,11.8839,11.8719
0.02827,-0.384002,11.8839,11.8715
0.028325,-0.307003,11.884,11.8718
0.02838,-0.226194,11.8838,11.8715
0.028435,-0.272172,11.8839,11.8718
0.02849,-0.180221,11.8838,11.8715
0.028545,-0.238988,11.8839,11.8718
0.0286,-0.285979,11.8839,11.8715
0.028655,-0.32679,11.884,11.8718
0.02871,-0.379211,11.8839,11.8715
0.028765,-0.232856,11.8839,11.8718
0.02882,-0.264296,11.8839,11.8715
0.028875,-0.232311,11.8839,11.8718
0.02893,-0.224642,11.8838,11.8715
0.028985,-0.362496,11.884,11.8718
0.02904,-0.323246,11.8839,11.8716
0.029095,-0.332682,11.884,11.8718
0.02915,-0.362558,11.8839,11.8716
0.029205,-0.321818,11.884,11.8718
0.02926,-0.374163,11.8839,11.8716
0.029315,-0.381619,11.884,11.8718
0.02937,-0.293707,11.8839,11.8716
0.029425,-0.316057,11.884,11.8718
0.02948,-0.317465,11.8839,11.8716
0.029535,-0.376355,11.884,11.8718
0.02959,-0.415465,11.884,11.8716
0.029645,-0.383458,11.884,11.8717
0.0297,-0.432575,11.884,11.8716
0.029755,-0.419203,11.884,11.8717
0.02981,-0.411504,11.884,11.8716
0.029865,-0.476604,11.884,11.8717
0.02992,-0.431713,11.884,11.8716
0.029975,-0.39951,11.884,11.8717
0.03003,-0.467038,11.884,11.8716
0.030085,-0.405262,11.884,11.8717
0.03014,-0.425179,11.884,11.8716
0.030195,-0.587511,11.884,11.8717
0.03025,-0.540959,11.884,11.8716
0.030305,-0.456823,11.884,11.8717
0.03036,-0.421823,11.884,11.8716
0.030415,-0.360467,11.884,11.8717
0.03047,-0.435355,11.884,11.8716
0.030525,-0.506686,11.884,11.8717
0.03058,-0.48188,11.884,11.8716
0.030635,-0.38843,11.884,11.8717
0.03069,-0.487344,11.884,11.8716
0.030745,-0.464321,11.884,11.8717
0.0308,-0.421808,11.884,11.8716
0.030855,-0.334655,11.884,11.8717
0.03091,-0.551771,11.884,11.8716
0.030965,-0.437178,11.884,11.8717
0.03102,-0.536486,11.884,11.8716
0.031075,-0.455327,11.884,11.8717
0.03113,-0.402379,11.884,11.8716
0.031185,-0.467934,11.884,11.8717
0.03124,-0.385118,11.884,11.8716
0.031295,-0.390088,11.884,11.8717
0.03135,-0.506096,11.884,11.8716
0.031405,-0.453267,11.884,11.8717
0.03146,-0.611721,11.884,11.8716
0.031515,-0.528677,11.884,11.8717
0.03157,-0.395628,11.884,11.8716
0.031625,-0.631942,11.884,11.8717
0.03168,-0.496946,11.884,11.8717
0.031735,-0.55069,11.884,11.8717
0.03179,-0.588948,11.884,11.8717
0.031845,-0.630376,11.884,11.8717
0.0319,-0.624493,11.884,11.8717
0.031955,-0.563019,11.884,11.8717
0.03201,-0.455034,11.884,11.8717
0.032065,-0.493226,11.884,11.8717
0.03212,-0.58637,11.884,11.8717
0.032175,-0.595375,11.884,11.8717
0.03223,-0.590597,11.884,11.8717
0.032285,-0.511622,11.884,11.8717
0.03234,-0.583149,11.884,11.8717
0.032395,-0.509507,11.884,11.8717
0.03245,-0.468683,11.884,11.8717
0.032505,-0.623534,11.884,11.8717
0.03256,-0.560779,11.884,11.8717
0.032615,-0.600689,11.884,11.8717
0.03267,-0.615408,11.884,11.8717
0.032725,-0.599397,11.884,11.8717
0.03278,-0.534508,11.884,11.8717
0.032835,-0.651943,11.884,11.8717
0.03289,-0.580582,11.884,11.8717
0.032945,-0.641482,11.884,11.8717
0.033,-0.664822,11.884,11.8717
0.033055,-0.704377,11.884,11.8717
0.03311,-0.652434,11.884,11.8717
0.033165,-0.741034,11.884,11.8717
0.03322,-0.612612,11.884,11.8717
0.033275,-0.657313,11.884,11.8717
0.03333,-0.602346,11.884,11.8717
0.033385,-0.656799,11.884,11.8717
0.03344,-0.595963,11.884,11.8717
0.033495,-0.773895,11.884,11.8717
0.03355,-0.758024,11.884,11.8717
0.033605,-0.703491,11.884,11.8717
0.03366,-0.647724,11.884,11.8717
0.033715,-0.72294,11.884,11.8717
0.03377,-0.645741,11.884,11.8717
0.033825,-0.776477,11.884,11.8717
0.03388,-0.607124,11.884,11.8717
0.033935,-0.77312,11.884,11.8717
0.03399,-0.693065,11.884,11.8717
0.034045,-0.751364,11.884,11.8717
0.0341,-0.718644,11.884,11.8717
0.034155,-0.803712,11.884,11.8717
0.03421,-0.733794,11.884,11.8717
0.034265,-0.775505,11.884,11.8717
0.03432,-0.824523,11.884,11.8717
0.034375,-0.777751,11.884,11.8717
0.03443,-0.803829,11.884,11.8717
0.034485,-0.81238,11.884,11.8717
0.03454,-0.700064,11.884,11.8717
0.034595,-0.734757,11.884,11.8717
0.03465,-0.775799,11.884,11.8717
0.034705,-0.78759,11.884,11.8717
0.03476,-0.685959,11.884,11.8717
0.034815,-0.788973,11.884,11.8717
0.03487,-0.794632,11.884,11.8717
0.034925,-0.763956,11.884,11.8717
0.03498,-0.866256,11.884,11.8717
0.035035,-0.764204,11.884,11.8717
0.03509,-0.916805,11.884,11.8717
0.035145,-0.745904,11.884,11.8717
0.0352,-0.717403,11.884,11.8717
0.035255,-0.728826,11.884,11.8717
0.03531,-0.782675,11.884,11.8717
0.035365,-0.796698,11.884,11.8717
0.03542,-0.791841,11.884,11.8717
0.035475,-0.788327,11.884,11.8717
0.03553,-0.739509,11.884,11.8717
0.035585,-0.876033,11.884,11.8717
0.03564,-0.82187,11.884,11.8717
0.035695,-0.768449,11.884,11.8717
0.03575,-0.953052,11.884,11.8717
0.035805,-0.852868,11.884,11.8717
0.03586,-0.932128,11.884,11.8717
0.035915,-0.863219,11.884,11.8717
0.03597,-0.874888,11.884,11.8717
0.036025,-0.91107,11.884,11.8717
0.03608,-0.866665,11.884,11.8717
0.036135,-0.92388,11.884,11.8717
0.03619,-0.880708,11.884,11.8717
0.036245,-0.942715,11.884,11.8717
0.0363,-0.87422,11.884,11.8717
0.036355,-0.976872,11.884,11.8717
0.03641,-0.854728,11.884,11.8717
0.036465,-0.920349,11.884,11.8717
0.03652,-0.827879,11.884,11.8717
0.036575,-0.852419,11.884,11.8717
0.03663,-0.900463,11.884,11.8717
0.036685,-0.949216,11.884,11.8717
0.03674,-0.936415,11.884,11.8717
0.036795,-0.890997,11.884,11.8717
0.03685,-0.927369,11.884,11.8717
0.036905,-0.811032,11.884,11.8717
0.03696,-0.981299,11.884,11.8717
0.037015,-1.03466,11.884,11.8717
0.03707,-1.02908,11.884,11.8717
0.037125,-0.973727,11.884,11.8717
0.03718,-1.12924,11.884,11.8717
0.037235,-0.928209,11.884,11.8717
0.03729,-0.960715,11.884,11.8717
0.037345,-0.945181,11.884,11.8717
0.0374,-1.01649,11.884,11.8717
0.037455,-1.01658,11.884,11.8717
0.03751,-1.07878,11.884,11.8717
0.037565,-1.00269,11.884,11.8717
0.03762,-1.07198,11.884,11.8717
0.037675,-1.02907,11.884,11.8717
0.03773,-1.04496,11.884,11.8717
0.037785,-1.00055,11.884,11.8717
0.03784,-1.05397,11.884,11.8717
0.037895,-1.00637,11.884,11.8717
0.03795,-0.96445,11.884,11.8717
0.038005,-1.01761,11.884,11.8717
0.03806,-1.14653,11.884,11.8717
0.038115,-1.08107,11.884,11.8717
0.03817,-1.05073,11.884,11.8717
0.038225,-1.11821,11.884,11.8717
0.03828,-1.06639,11.884,11.8717
0.038335,-0.994741,11.884,11.8717
0.03839,-1.04435,11.884,11.8717
0.038445,-0.999906,11.884,11.8717
0.0385,-1.18668,11.884,11.8717
0.038555,-1.01601,11.884,11.8717
0.03861,-1.07393,11.884,11.8717
0.038665,-1.15548,11.884,11.8717
0.03872,-1.16812,11.884,11.8717
0.038775,-1.11759,11.884,11.8717
0.03883,-1.07554,11.884,11.8717
0.038885,-1.13876,11.884,11.8717
0.03894,-1.13807,11.884,11.8717
0.038995,-1.1663,11.884,11.8717
0.03905,-1.15782,11.884,11.8717
0.039105,-1.14997,11.884,11.8717
0.03916,-1.20492,11.884,11.8717
0.039215,-1.17756,11.884,11.8717
0.03927,-1.12436,11.884,11.8717
0.039325,-1.12551,11.884,11.8717
0.03938,-1.30119,11.884,11.8717
0.039435,-1.11612,11.884,11.8717
0.03949,-1.18109,11.884,11.8717
0.039545,-1.17827,11.884,11.8717
0.0396,-1.16206,11.884,11.8717
0.039655,-1.12352,11.884,11.8717
0.03971,-1.07986,11.884,11.8717
0.039765,-1.25196,11.884,11.8717
0.03982,-1.12357,11.884,11.8717
0.039875,-1.15092,11.884,11.8717
0.03993,-1.23547,11.884,11.8717
0.039985,-1.23717,11.884,11.8717
0.04004,-1.21147,11.884,11.8717
0.040095,-1.21517,11.884,11.8717
0.04015,-1.23835,11.884,11.8717
0.040205,-1.29274,11.884,11.8717
0.04026,-1.16818,11.884,11.8717
0.040315,-1.2631,11.884,11.8717
0.04037,-1.2165,11.884,11.8717
0.040425,-1.20282,11.884,11.8717
0.04048,-1.27183,11.884,11.8717
0.040535,-1.27864,11.884,11.8717
0.04059,-1.18174,11.884,11.8717
0.040645,-1.35778,11.884,11.8717
0.0407,-1.29071,11.884,11.8717
0.040755,-1.22448,11.884,11.8717
0.04081,-1.20942,11.884,11.8717
0.040865,-1.28436,11.884,11.8717
0.04092,-1.25988,11.884,11.8717
0.040975,-1.31532,11.884,11.8717
0.04103,-1.30527,11.884,11.8717
0.041085,-1.35484,11.884,11.8717
0.04114,-1.33661,11.884,11.8717
0.041195,-1.25692,11.884,11.8717
0.04125,-1.31718,11.884,11.8717
0.041305,-1.23534,11.884,11.8717
0.04136,-1.296,11.884,11.8717
0.041415,-1.32904,11.884,11.8717
0.04147,-1.42069,11.884,11.8717
0.041525,-1.3812,11.884,11.8717
0.04158,-1.36725,11.884,11.8717
0.041635,-1.38066,11.884,11.8717
0.04169,-1.41271,11.884,11.8717
0.041745,-1.42635,11.884,11.8717
0.0418,-1.41491,11.884,11.8717
0.041855,-1.33715,11.884,11.8717
0.04191,-1.36658,11.884,11.8717
0.041965,-1.37826,11.884,11.8717
0.04202,-1.33137,11.884,11.8717
0.042075,-1.43269,11.884,11.8717
0.04213,-1.31976,11.884,11.8717
0.042185,-1.4608,11.884,11.8717
0.04224,-1.37759,11.884,11.8717
0.042295,-1.4358,11.884,11.8717
0.04235,-1.25784,11.884,11.8717
0.042405,-1.36856,11.884,11.8717
0.04246,-1.43959,11.884,11.8717
0.042515,-1.35878,11.884,11.8717
0.04257,-1.52022,11.884,11.8717
0.042625,-1.40585,11.884,11.8717
0.04268,-1.43789,11.884,11.8717
0.042735,-1.34179,11.884,11.8717
0.04279,-1.50398,11.884,11.8717
0.042845,-1.45581,11.884,11.8717
0.0429,-1.32651,11.884,11.8717
0.042955,-1.47327,11.884,11.8717
0.04301,-1.49494,11.884,11.8717
0.043065,-1.52868,11.884,11.8717
0.04312,-1.40996,11.884,11.8717
0.043175,-1.41471,11.884,11.8717
0.04323,-1.27426,11.884,11.8717
0.043285,-1.51068,11.884,11.8717
0.04334,-1.59953,11.884,11.8717
0.043395,-1.47937,11.884,11.8717
0.04345,-1.36594,11.884,11.8717
0.043505,-1.49446,11.884,11.8717
0.04356,-1.56808,11.884,11.8717
0.043615,-1.52008,11.884,11.8717
0.04367,-1.61179,11.884,11.8717
0.043725,-1.57663,11.884,11.8717
0.04378,-1.59001,11.884,11.8717
0.043835,-1.537,11.884,11.8717
0.04389,-1.48344,11.884,11.8717
0.043945,-1.57751,11.884,11.8717
0.044,-1.48855,11.884,11.8717
0.044055,-1.57667,11.884,11.8717
0.04411,-1.59667,11.884,11.8717
0.044165,-1.55333,11.884,11.8717
0.04422,-1.59984,11.884,11.8717
0.044275,-1.50606,11.884,11.8717
0.04433,-1.58611,11.884,11.8717
0.044385,-1.62698,11.884,11.8717
0.04444,-1.56551,11.884,11.8717
0.044495,-1.52784,11.884,11.8717
0.04455,-1.58777,11.884,11.8717
0.044605,-1.55404,11.884,11.8717
0.04466,-1.70011,11.884,11.8717
0.044715,-1.55489,11.884,11.8717
0.04477,-1.62183,11.884,11.8717
0.044825,-1.57071,11.884,11.8717
0.04488,-1.69455,11.884,11.8717
0.044935,-1.64654,11.884,11.8717
0.04499,-1.58929,11.884,11.8717
0.045045,-1.60231,11.884,11.8717
0.0451,-1.65334,11.884,11.8717
0.045155,-1.58774,11.884,11.8717
0.04521,-1.61348,11.884,11.8717
0.045265,-1.55712,11.884,11.8717
0.04532,-1.65592,11.884,11.8717
0.045375,-1.588,11.884,11.8717
0.04543,-1.62288,11.884,11.8717
0.045485,-1.56033,11.884,11.8717
0.04554,-1.70209,11.884,11.8717
0.045595,-1.66465,11.884,11.8717
0.04565,-1.60859,11.884,11.8717
0.045705,-1.54083,11.884,11.8717
0.04576,-1.72446,11.884,11.8717
0.045815,-1.69414,11.884,11.8717
0.04587,-1.74919,11.884,11.8717
0.045925,-1.76532,11.884,11.8717
0.04598,-1.54269,11.884,11.8717
0.046035,-1.52632,11.884,11.8717
0.04609,-1.77729,11.884,11.8717
0.046145,-1.59055,11.884,11.8717
0.0462,-1.74453,11.884,11.8717
0.046255,-1.64207,11.884,11.8717
0.04631,-1.7436,11.884,11.8717
0.046365,-1.65968,11.884,11.8717
0.04642,-1.77509,11.884,11.8717
0.046475,-1.76427,11.884,11.8717
0.04653,-1.67862,11.884,11.8717
0.046585,-1.78662,11.884,11.8717
0.04664,-1.83574,11.884,11.8717
0.046695,-1.80601,11.884,11.8717
0.04675,-1.69924,11.884,11.8717
0.046805,-1.63175,11.884,11.8717
0.04686,-1.71706,11.884,11.8717
0.046915,-1.76859,11.884,11.8717
0.04697,-1.67159,11.884,11.8717
0.047025,-1.70021,11.884,11.8717
0.04708,-1.76692,11.884,11.8717
0.047135,-1.76151,11.884,11.8717
0.04719,-1.78114,11.884,11.8717
0.047245,-1.78295,11.884,11.8717
0.0473,-1.74083,11.884,11.8717
0.047355,-1.85485,11.884,11.8717
0.04741,-1.84918,11.884,11.8717
0.047465,-1.82881,11.884,11.8717
0.04752,-1.83634,11.884,11.8717
0.047575,-1.76437,11.884,11.8717
0.04763,-1.74095,11.884,11.8717
0.047685,-1.7819,11.884,11.8717
0.04774,-1.79289,11.884,11.8717
0.047795,-1.89954,11.884,11.8717
0.04785,-1.93287,11.884,11.8717
0.047905,-1.83025,11.884,11.8717
0.04796,-1.90827,11.884,11.8717
0.048015,-1.89017,11.884,11.8717
0.04807,-1.75284,11.884,11.8717
0.048125,-1.90436,11.884,11.8717
0.04818,-1.92943,11.884,11.8717
0.048235,-1.91218,11.884,11.8717
0.04829,-1.7697,11.884,11.8717
0.048345,-1.92989,11.884,11.8717
0.0484,-1.88746,11.884,11.8717
0.048455,-1.93235,11.884,11.8717
0.04851,-2.01792,11.884,11.8717
0.048565,-1.95726,11.884,11.8717
0.04862,-1.93473,11.884,11.8717
0.048675,-2.02694,11.884,11.8717
0.04873,-1.88602,11.884,11.8717
0.048785,-1.86597,11.884,11.8717
0.04884,-1.93187,11.884,11.8717
0.048895,-1.91522,11.884,11.8717
0.04895,-1.86782,11.884,11.8717
0.049005,-1.91671,11.884,11.8717
0.04906,-1.88601,11.884,11.8717
0.049115,-2.00125,11.884,11.8717
0.04917,-2.02076,11.884,11.8717
0.049225,-1.94373,11.884,11.8717
0.04928,-1.86028,11.884,11.8717
0.049335,-2.00499,11.884,11.8717
0.04939,-2.0571,11.884,11.8717
0.049445,-1.93032,11.884,11.8717
0.0495,-1.95214,11.884,11.8717
0.049555,-1.95273,11.884,11.8717
0.04961,-1.92384,11.884,11.8717
0.049665,-1.91725,11.884,11.8717
0.04972,-1.9724,11.884,11.8717
0.049775,-1.89781,11.884,11.8717
0.04983,-1.94929,11.884,11.8717
0.049885,-2.0619,11.884,11.8717
0.04994,-2.02933,11.884,11.8717
0.049995,-2.00315,11.884,11.8717
0.05005,-2.09232,11.884,11.8717
0.050105,-1.92977,11.884,11.8717
0.05016,-1.93435,11.884,11.8717
0.050215,-1.88152,11.884,11.8717
0.05027,-1.97959,11.884,11.8717
0.050325,-1.89507,11.884,11.8717
0.05038,-2.01473,11.884,11.8717
0.050435,-1.99499,11.884,11.8717
0.05049,-1.97359,11.884,11.8717
0.050545,-1.95222,11.884,11.8717
0.0506,-1.98709,11.884,11.8717
0.050655,-1.92392,11.884,11.8717
0.05071,-1.92276,11.884,11.8717
0.050765,-1.97236,11.884,11.8717
0.05082,-1.93516,11.884,11.8717
0.050875,-2.00223,11.884,11.8717
0.05093,-1.91912,11.884,11.8717
0.050985,-1.96606,11.884,11.8717
0.05104,-1.95041,11.884,11.8717
0.051095,-1.92603,11.884,11.8717
0.05115,-1.87019,11.884,11.8717
0.051205,-1.82217,11.884,11.8717
0.05126,-1.84264,11.884,11.8717
0.051315,-1.85804,11.884,11.8717
0.05137,-1.91871,11.884,11.8717
0.051425,-1.9484,11.884,11.8717
0.05148,-1.84074,11.884,11.8717
0.051535,-1.87478,11.884,11.8717
0.05159,-1.90528,11.884,11.8717
0.051645,-1.84648,11.884,11.8717
0.0517,-1.8405,11.884,11.8717
0.051755,-1.87199,11.884,11.8717
0.05181,-1.80076,11.884,11.8717
0.051865,-1.79526,11.884,11.8717
0.05192,-1.88144,11.884,11.8717
0.051975,-1.8108,11.884,11.8717
0.05203,-1.89681,11.884,11.8717
0.052085,-1.82114,11.884,11.8717
0.05214,-1.92348,11.884,11.8717
0.052195,-1.79234,11.884,11.8717
0.05225,-1.77596,11.884,11.8717
0.052305,-1.84892,11.884,11.8717
0.05236,-1.83297,11.884,11.8717
0.052415,-1.87449,11.884,11.8717
0.05247,-1.90483,11.884,11.8717
0.052525,-1.72159,11.884,11.8717
0.05258,-1.786,11.884,11.8717
0.052635,-1.75524,11.884,11.8717
0.05269,-1.9001,11.884,11.8717
0.052745,-1.80738,11.884,11.8717
0.0528,-1.72989,11.884,11.8717
0.052855,-1.73757,11.884,11.8717
0.05291,-1.85174,11.884,11.8717
0.052965,-1.65152,11.884,11.8717
0.05302,-1.73321,11.884,11.8717
0.053075,-1.77068,11.884,11.8717
0.05313,-1.69005,11.884,11.8717
0.053185,-1.7552,11.884,11.8717
0.05324,-1.67397,11.884,11.8717
0.053295,-1.78833,11.884,11.8717
0.05335,-1.68347,11.884,11.8717
0.053405,-1.7146,11.884,11.8717
0.05346,-1.71842,11.884,11.8717
0.053515,-1.74976,11.884,11.8717
0.05357,-1.75537,11.884,11.8717
0.053625,-1.68816,11.884,11.8717
0.05368,-1.66045,11.884,11.8717
0.053735,-1.58419,11.884,11.8717
0.05379,-1.67217,11.884,11.8717
0.053845,-1.72756,11.884,11.8717
0.0539,-1.616,11.884,11.8717
0.053955,-1.77224,11.884,11.8717
0.05401,-1.73399,11.884,11.8717
0.054065,-1.69116,11.884,11.8717
0.05412,-1.70495,11.884,11.8717
0.054175,-1.71353,11.884,11.8717
0.05423,-1.72073,11.884,11.8717
0.054285,-1.56634,11.884,11.8717
0.05434,-1.64216,11.884,11.8717
0.054395,-1.76788,11.884,11.8717
0.05445,-1.64681,11.884,11.8717
0.054505,-1.61754,11.884,11.8717
0.05456,-1.70085,11.884,11.8717
0.054615,-1.63915,11.884,11.8717
0.05467,-1.61105,11.884,11.8717
0.054725,-1.64824,11.884,11.8717
0.05478,-1.59006,11.884,11.8717
0.054835,-1.6015,11.884,11.8717
0.05489,-1.58048,11.884,11.8717
0.054945,-1.61457,11.884,11.8717
0.055,-1.53932,11.884,11.8717
0.055055,-1.70273,11.884,11.8717
0.05511,-1.52652,11.884,11.8717
0.055165,-1.55209,11.884,11.8717
0.05522,-1.57572,11.884,11.8717
0.055275,-1.48782,11.884,11.8717
0.05533,-1.61478,11.884,11.8717
0.055385,-1.61749,11.884,11.8717
0.05544,-1.46638,11.884,11.8717
0.055495,-1.49024,11.884,11.8717
0.05555,-1.50211,11.884,11.8717
0.055605,-1.41925,11.884,11.8717
0.05566,-1.55715,11.884,11.8717
0.055715,-1.38659,11.884,11.8717
0.05577,-1.47363,11.884,11.8717
0.055825,-1.55632,11.884,11.8717
0.05588,-1.5051,11.884,11.8717
0.055935,-1.46582,11.884,11.8717
0.05599,-1.53066,11.884,11.8717
0.056045,-1.49428,11.884,11.8717
0.0561,-1.46696,11.884,11.8717
0.056155,-1.40471,11.884,11.8717
0.05621,-1.55994,11.884,11.8717
0.056265,-1.49901,11.884,11.8717
0.05632,-1.49339,11.884,11.8717
0.056375,-1.40345,11.884,11.8717
0.05643,-1.35034,11.884,11.8717
0.056485,-1.49883,11.884,11.8717
0.05654,-1.44404,11.884,11.8717
0.056595,-1.48427,11.884,11.8717
0.05665,-1.50479,11.884,11.8717
0.056705,-1.48179,11.884,11.8717
0.05676,-1.40996,11.884,11.8717
0.056815,-1.43416,11.884,11.8717
0.05687,-1.43092,11.884,11.8717
0.056925,-1.47488,11.884,11.8717
0.05698,-1.47823,11.884,11.8717
0.057035,-1.39413,11.884,11.8717
0.05709,-1.4767,11.884,11.8717
0.057145,-1.40308,11.884,11.8717
0.0572,-1.39218,11.884,11.8717
0.057255,-1.49725,11.884,11.8717
0.05731,-1.44056,11.884,11.8717
0.057365,-1.55039,11.884,11.8717
0.05742,-1.35178,11.884,11.8717
0.057475,-1.35759,11.884,11.8717
0.05753,-1.41373,11.884,11.8717
0.057585,-1.39535,11.884,11.8717
0.05764,-1.49672,11.884,11.8717
0.057695,-1.31618,11.884,11.8717
0.05775,-1.35321,11.884,11.8717
0.057805,-1.36438,11.884,11.8717
0.05786,-1.36844,11.884,11.8717
0.057915,-1.33283,11.884,11.8717
0.05797,-1.33371,11.884,11.8717
0.058025,-1.3915,11.884,11.8717
0.05808,-1.41543,11.884,11.8717
0.058135,-1.36984,11.884,11.8717
0.05819,-1.43111,11.884,11.8717
0.058245,-1.26794,11.884,11.8717
0.0583,-1.41244,11.884,11.8717
0.058355,-1.33624,11.884,11.8717
0.05841,-1.32026,11.884,11.8717
0.058465,-1.34171,11.884,11.8717
0.05852,-1.32516,11.884,11.8717
0.058575,-1.22432,11.884,11.8717
0.05863,-1.44603,11.884,11.8717
0.058685,-1.29244,11.884,11.8717
0.05874,-1.43009,11.884,11.8717
0.058795,-1.41649,11.884,11.8717
0.05885,-1.21305,11.884,11.8717
0.058905,-1.27436,11.884,11.8717
0.05896,-1.39168,11.884,11.8717
0.059015,-1.33714,11.884,11.8717
0.05907,-1.24976,11.884,11.8717
0.059125,-1.36909,11.884,11.8717
0.05918,-1.3064,11.884,11.8717
0.059235,-1.22431,11.884,11.8717
0.05929,-1.27291,11.884,11.8717
0.059345,-1.30218,11.884,11.8717
0.0594,-1.3202,11.884,11.8717
0.059455,-1.28849,11.884,11.8717
0.05951,-1.2186,11.884,11.8717
0.059565,-1.1487,11.884,11.8717
0.05962,-1.20594,11.884,11.8717
0.059675,-1.15911,11.884,11.8717
0.05973,-1.28469,11.884,11.8717
0.059785,-1.2742,11.884,11.8717
0.05984,-1.16728,11.884,11.8717
0.059895,-1.18471,11.884,11.8717
0.05995,-1.25334,11.884,11.8717
0.060005,-1.21111,11.884,11.8717
0.06006,-1.22342,11.884,11.8717
0.060115,-1.27661,11.884,11.8717
0.06017,-1.21527,11.884,11.8717
0.060225,-1.21077,11.884,11.8717
0.06028,-1.18237,11.884,11.8717
0.060335,-1.07849,11.884,11.8717
0.06039,-1.11533,11.884,11.8717
0.060445,-1.13575,11.884,11.8717
0.0605,-1.12299,11.884,11.8717
0.060555,-1.22648,11.884,11.8717
0.06061,-1.12153,11.884,11.8717
0.060665,-1.19657,11.884,11.8717
0.06072,-1.19172,11.884,11.8717
0.060775,-1.18475,11.884,11.8717
0.06083,-1.06481,11.884,11.8717
0.060885,-1.08708,11.884,11.8717
0.06094,-1.10339,11.884,11.8717
0.060995,-1.13245,11.884,11.8717
0.06105,-1.06584,11.884,11.8717
0.061105,-1.09108,11.884,11.8717
0.06116,-1.11032,11.884,11.8717
0.061215,-1.03243,11.884,11.8717
0.06127,-1.01759,11.884,11.8717
0.061325,-1.14281,11.884,11.8717
0.06138,-1.15579,11.884,11.8717
0.061435,-0.994629,11.884,11.8717
0.06149,-1.07499,11.884,11.8717
0.061545,-1.11261,11.884,11.8717
0.0616,-1.08489,11.884,11.8717
0.061655,-1.08203,11.884,11.8717
0.06171,-1.12424,11.884,11.8717
0.061765,-1.06022,11.884,11.8717
0.06182,-1.08024,11.884,11.8717
0.061875,-1.00469,11.884,11.8717
0.06193,-1.09734,11.884,11.8717
0.061985,-1.04498,11.884,11.8717
0.06204,-1.07092,11.884,11.8717
0.062095,-1.02631,11.884,11.8717
0.06215,-0.975504,11.884,11.8717
0.062205,-1.1196,11.884,11.8717
0.06226,-0.974034,11.884,11.8717
0.062315,-1.07702,11.884,11.8717
0.06237,-1.02053,11.884,11.8717
0.062425,-1.03753,11.884,11.8717
0.06248,-1.00651,11.884,11.8717
0.062535,-1.04952,11.884,11.8717
0.06259,-1.03064,11.884,11.8717
0.062645,-0.914265,11.884,11.8717
0.0627,-1.00213,11.884,11.8717
0.062755,-0.965448,11.884,11.8717
0.06281,-0.960502,11.884,11.8717
0.062865,-0.976756,11.884,11.8717
0.06292,-0.892077,11.884,11.8717
0.062975,-0.954687,11.884,11.8717
0.06303,-0.946068,11.884,11.8717
0.063085,-0.856994,11.884,11.8717
0.06314,-0.950999,11.884,11.8717
0.063195,-0.981033,11.884,11.8717
0.06325,-1.02106,11.884,11.8717
0.063305,-0.966619,11.884,11.8717
0.06336,-0.905403,11.884,11.8717
0.063415,-0.940649,11.884,11.8717
0.06347,-1.00766,11.884,11.8717
0.063525,-0.797924,11.884,11.8717
0.06358,-0.852043,11.884,11.8717
0.063635,-0.897184,11.884,11.8717
0.06369,-0.933683,11.884,11.8717
0.063745,-0.830247,11.884,11.8717
0.0638,-0.838536,11.884,11.8717
0.063855,-0.911889,11.884,11.8717
0.06391,-0.781688,11.884,11.8717
0.063965,-0.855554,11.884,11.8717
0.06402,-0.825529,11.884,11.8717
0.064075,-0.949576,11.884,11.8717
0.06413,-0.919744,11.884,11.8717
0.064185,-0.863403,11.884,11.8717
0.06424,-0.929185,11.884,11.8717
0.064295,-0.902049,11.884,11.8717
0.06435,-0.869047,11.884,11.8717
0.064405,-0.838229,11.884,11.8717
0.06446,-0.803212,11.884,11.8717
0.064515,-0.746027,11.884,11.8717
0.06457,-0.843749,11.884,11.8717
0.064625,-0.818695,11.884,11.8717
0.06468,-0.798754,11.884,11.8717
0.064735,-0.941214,11.884,11.8717
0.06479,-0.705342,11.884,11.8717
0.064845,-0.782978,11.884,11.8717
0.0649,-0.770937,11.884,11.8717
0.064955,-0.778501,11.884,11.8717
0.06501,-0.772019,11.884,11.8717
0.065065,-0.736284,11.884,11.8717
0.06512,-0.780986,11.884,11.8717
0.065175,-0.727847,11.884,11.8717
0.06523,-0.690385,11.884,11.8717
0.065285,-0.831064,11.884,11.8717
0.06534,-0.700903,11.884,11.8717
0.065395,-0.810843,11.884,11.8717
0.06545,-0.818348,11.884,11.8717
0.065505,-0.717332,11.884,11.8717
0.06556,-0.763067,11.884,11.8717
0.065615,-0.710884,11.884,11.8717
0.06567,-0.818341,11.884,11.8717
0.065725,-0.585065,11.884,11.8717
0.06578,-0.72455,11.884,11.8717
0.065835,-0.859572,11.884,11.8717
0.06589,-0.758582,11.884,11.8717
0.065945,-0.689994,11.884,11.8717
0.066,-0.80819,11.884,11.8717
0.066055,-0.773576,11.884,11.8717
0.06611,-0.677989,11.884,11.8717
0.066165,-0.687912,11.884,11.8717
0.06622,-0.80766,11.884,11.8717
0.066275,-0.784473,11.884,11.8717
0.06633,-0.76594,11.884,11.8717
0.066385,-0.727655,11.884,11.8717
0.06644,-0.600894,11.884,11.8717
0.066495,-0.623748,11.884,11.8717
0.06655,-0.664443,11.884,11.8717
0.066605,-0.570545,11.884,11.8717
0.06666,-0.635095,11.884,11.8717
0.066715,-0.720104,11.884,11.8717
0.06677,-0.605894,11.884,11.8717
0.066825,-0.64535,11.884,11.8717
0.06688,-0.665292,11.884,11.8717
0.066935,-0.615162,11.884,11.8717
0.06699,-0.698562,11.884,11.8717
0.067045,-0.564312,11.884,11.8717
0.0671,-0.684686,11.884,11.8717
0.067155,-0.681218,11.884,11.8717
0.06721,-0.719173,11.884,11.8717
0.067265,-0.689528,11.884,11.8717
0.06732,-0.615585,11.884,11.8717
0.067375,-0.639024,11.884,11.8717
0.06743,-0.568663,11.884,11.8717
0.067485,-0.611037,11.884,11.8717
0.06754,-0.573419,11.884,11.8717
0.067595,-0.55727,11.884,11.8717
0.06765,-0.597578,11.884,11.8717
0.067705,-0.645288,11.884,11.8717
0.06776,-0.479905,11.884,11.8717
0.067815,-0.543405,11.884,11.8717
0.06787,-0.48475,11.884,11.8717
0.067925,-0.532511,11.884,11.8717
0.06798,-0.536424,11.884,11.8717
0.068035,-0.557666,11.884,11.8717
0.06809,-0.570597,11.884,11.8717
0.068145,-0.56263,11.884,11.8717
0.0682,-0.442929,11.884,11.8717
0.068255,-0.564297,11.884,11.8717
0.06831,-0.491731,11.884,11.8717
0.068365,-0.597729,11.884,11.8717
0.06842,-0.486426,11.884,11.8717
0.068475,-0.501239,11.884,11.8717
0.06853,-0.428382,11.884,11.8717
0.068585,-0.462442,11.884,11.8717
0.06864,-0.53886,11.884,11.8717
0.068695,-0.42946,11.884,11.8717
0.06875,-0.341738,11.884,11.8717
0.068805,-0.429558,11.884,11.8717
0.06886,-0.339062,11.8839,11.8717
0.068915,-0.485214,11.884,11.8717
0.06897,-0.6451,11.884,11.8717
0.069025,-0.463506,11.884,11.8717
0.06908,-0.539372,11.884,11.8717
0.069135,-0.476681,11.884,11.8717
0.06919,-0.466435,11.884,11.8717
0.069245,-0.457935,11.884,11.8717
0.0693,-0.456174,11.884,11.8717
0.069355,-0.446771,11.884,11.8717
0.06941,-0.298965,11.8839,11.8717
0.069465,-0.467971,11.884,11.8717
0.06952,-0.453689,11.884,11.8717
0.069575,-0.501996,11.884,11.8717
0.06963,-0.446945,11.884,11.8717
0.069685,-0.413364,11.884,11.8717
0.06974,-0.42757,11.884,11.8717
0.069795,-0.531038,11.884,11.8717
0.06985,-0.434008,11.884,11.8717
0.069905,-0.360739,11.884,11.8717
0.06996,-0.486864,11.884,11.8717
0.070015,-0.428333,11.884,11.8717
0.07007,-0.359579,11.884,11.8717
0.070125,-0.350147,11.884,11.8717
0.07018,-0.353276,11.884,11.8717
0.070235,-0.326568,11.8839,11.8717
0.07029,-0.37049,11.884,11.8717
0.070345,-0.229023,11.8839,11.8717
0.0704,-0.401147,11.884,11.8717
0.070455,-0.362926,11.884,11.8717
0.07051,-0.401754,11.884,11.8717
0.070565,-0.382648,11.884,11.8717
0.07062,-0.274551,11.8839,11.8717
0.070675,-0.283189,11.8839,11.8717
0.07073,-0.322556,11.8839,11.8717
0.070785,-0.287908,11.8839,11.8717
0.07084,-0.346225,11.884,11.8717
0.070895,-0.26143,11.8839,11.8717
0.07095,-0.289135,11.8839,11.8717
0.071005,-0.238984,11.8839,11.8717
0.07106,-0.216036,11.8839,11.8717
0.071115,-0.358644,11.884,11.8717
0.07117,-0.275306,11.8839,11.8717
0.071225,-0.371638,11.884,11.8717
0.07128,-0.278427,11.8839,11.8717
0.071335,-0.294266,11.8839,11.8717
0.07139,-0.331838,11.8839,11.8717
0.071445,-0.221796,11.8839,11.8717
0.0715,-0.190192,11.8838,11.8717
0.071555,-0.347744,11.884,11.8717
0.07161,-0.287169,11.8839,11.8717
0.071665,-0.158186,11.8837,11.8717
0.07172,-0.186729,11.8838,11.8717
0.071775,-0.257059,11.8839,11.8717
0.07183,-0.253879,11.8839,11.8717
0.071885,-0.281402,11.8839,11.8717
0.07194,-0.325331,11.8839,11.8717
0.071995,-0.203953,11.8838,11.8717
0.07205,-0.193347,11.8838,11.8717
0.072105,-0.253319,11.8839,11.8717
0.07216,-0.324094,11.8839,11.8717
0.072215,-0.249724,11.8839,11.8717
0.07227,-0.252909,11.8839,11.8717
0.072325,-0.250776,11.8839,11.8717
0.07238,-0.225908,11.8839,11.8717
0.072435,-0.235222,11.8839,11.8717
0.07249,-0.257941,11.8839,11.8717
0.072545,-0.266437,11.8839,11.8717
0.0726,-0.0564681,11.8831,11.8716
0.072655,-0.124568,11.8836,11.8717
0.07271,-0.161477,11.8837,11.8717
0.072765,-0.201893,11.8838,11.8717
0.07282,-0.149331,11.8837,11.8717
0.072875,-0.135345,11.8837,11.8717
0.07293,-0.127443,11.8836,11.8717
0.072985,-0.105947,11.8835,11.8716
0.07304,-0.245023,11.8839,11.8717
0.073095,-0.0943643,11.8835,11.8716
0.07315,-0.0784807,11.8833,11.8716
0.073205,-0.126254,11.8836,11.8717
0.07326,-0.197492,11.8838,11.8717
0.073315,-0.198969,11.8838,11.8717
0.07337,-0.067869,11.8832,11.8716
0.073425,-0.0763246,11.8833,11.8716
0.07348,-0.216914,11.8838,11.8717
0.073535,-0.138969,11.8837,11.8717
0.07359,-0.134192,11.8836,11.8717
0.073645,-0.0999952,11.8835,11.8716
0.0737,-0.0846158,11.8834,11.8716
0.073755,-0.134964,11.8837,11.8717
0.07381,-0.0580068,-8.90892,11.8716
0.073865,-0.0213716,11.8824,11.8716
0.07392,-0.131706,11.8837,11.8717
0.073975,-0.057152,11.8831,11.8716
0.07403,-0.0706771,10.0232,11.8716
0.074085,-0.120856,11.8837,11.8717
0.07414,0.00315253,-6.34726,11.8716
0.074195,-0.0533339,11.8828,11.8716
0.07425,-0.0543263,11.8831,11.8716
0.074305,-0.109799,11.8835,11.8717
0.07436,-0.0345341,11.8828,11.8716
0.074415,-0.0537143,11.8831,11.8716
0.07447,0.0423089,3.50312,11.8715
0.074525,0.0854332,-11.8829,11.8714
0.07458,-0.00774837,-11.811,11.8716
0.074635,0.0186837,-11.8826,11.8716
0.07469,-0.0858361,11.8829,11.8716
0.074745,-0.0810112,11.8837,11.8716
0.0748,0.0732412,-11.8832,11.8715
0.074855,-0.148143,11.8839,11.8717
0.07491,-0.0338597,11.8822,11.8716
0.074965,-0.037656,11.8832,11.8716
0.07502,0.00740003,11.8815,11.8716
0.075075,0.0397195,-11.8832,11.8715
0.07513,0.00286901,-11.3851,11.8716
0.075185,-0.0220999,-11.8094,11.8716
0.07524,-0.00978533,4.48479,11.8716
0.075295,0.0365787,-11.8833,11.8715
0.07535,0.0676603,-11.8833,11.8715
0.075405,0.0809201,-11.8833,11.8714
0.07546,0.0498101,-11.8813,11.8715
0.075515,0.0372657,11.5887,11.8715
0.07557,0.118065,-11.8839,11.8713
0.075625,0.0603738,-11.8831,11.8715
0.07568,-0.0509754,11.8832,11.8716
0.075735,0.0767598,-11.8838,11.8715
0.07579,0.00162824,9.78686,11.8716
0.075845,0.0490376,-2.06244,11.8715
0.0759,0.0492392,-11.8809,11.8715
0.075955,0.108267,-11.8835,11.8714
0.07601,0.0142851,-11.8823,11.8716
0.076065,0.115448,-11.8836,11.8713
0.07612,0.108073,-11.8835,11.8714
0.076175,0.0376009,-11.8829,11.8715
0.07623,0.148466,-11.8836,11.8712
0.076285,0.12562,-11.8837,11.8712
0.07634,0.0767436,-11.8832,11.8715
0.076395,0.157085,-11.8838,11.8711
0.07645,0.102216,-11.8834,11.8714
0.076505,0.0861518,-11.8835,11.8714
0.07656,0.264126,-11.8839,11.7577
0.076615,0.150181,-11.8838,-11.8719
0.07667,0.141816,-11.8836,-11.8715
0.076725,0.190652,-11.8839,-11.8718
0.07678,0.188161,-11.8838,-11.8715
0.076835,0.176979,-11.8838,-11.8718
0.07689,0.171785,-11.8837,-11.8715
0.076945,0.285397,-11.884,-11.8718
0.077,0.125997,-11.8836,-11.8715
0.077055,0.156604,-11.8838,-11.8718
0.07711,0.203271,-11.8838,-11.8715
0.077165,0.107147,-11.8836,-11.8718
0.07722,0.114789,-11.8835,-11.8715
0.077275,0.251106,-11.8839,-11.8718
0.07733,0.249703,-11.8839,-11.8715
0.077385,0.203223,-11.8839,-11.8718
0.07744,0.218979,-11.8838,-11.8715
0.077495,0.228236,-11.8839,-11.8718
0.07755,0.171241,-11.8837,-11.8716
0.077605,0.311881,-11.884,-11.8718
0.07766,0.230501,-11.8838,-11.8716
0.077715,0.26974,-11.8839,-11.8718
0.07777,0.219474,-11.8838,-11.8716
0.077825,0.159257,-11.8838,-11.8718
0.07788,0.187673,-11.8838,-11.8716
0.077935,0.237146,-11.8839,-11.8718
0.07799,0.247908,-11.8839,-11.8716
0.078045,0.294175,-11.8839,-11.8717
0.0781,0.267443,-11.8839,-11.8716
0.078155,0.184468,-11.8838,-11.8717
0.07821,0.383734,-11.8839,-11.8716
0.078265,0.327751,-11.884,-11.8717
0.07832,0.259342,-11.8839,-11.8716
0.078375,0.267353,-11.8839,-11.8717
0.07843,0.397644,-11.884,-11.8716
0.078485,0.248754,-11.8839,-11.8717
0.07854,0.23649,-11.8839,-11.8716
0.078595,0.284628,-11.8839,-11.8717
0.07865,0.384257,-11.8839,-11.8716
0.078705,0.298489,-11.8839,-11.8717
0.07876,0.285489,-11.8839,-11.8716
0.078815,0.261663,-11.8839,-11.8717
0.07887,0.26755,-11.8839,-11.8716
0.078925,0.202092,-11.8838,-11.8717
0.07898,0.302356,-11.8839,-11.8716
0.079035,0.299809,-11.8839,-11.8717
0.07909,0.285749,-11.8839,-11.8716
0.079145,0.418897,-11.884,-11.8717
0.0792,0.40592,-11.884,-11.8716
0.079255,0.363177,-11.884,-11.8717
0.07931,0.312602,-11.8839,-11.8716
0.079365,0.388657,-11.884,-11.8717
0.07942,0.363259,-11.8839,-11.8716
0.079475,0.328744,-11.884,-11.8717
0.07953,0.365601,-11.884,-11.8716
0.079585,0.360098,-11.884,-11.8717
0.07964,0.413399,-11.884,-11.8716
0.079695,0.470961,-11.884,-11.8717
0.07975,0.443466,-11.884,-11.8716
0.079805,0.30131,-11.8839,-11.8717
0.07986,0.247288,-11.8839,-11.8716
0.079915,0.462384,-11.884,-11.8717
0.07997,0.472516,-11.884,-11.8716
0.080025,0.375557,-11.884,-11.8717
0.08008,0.504811,-11.884,-11.8717
0.080135,0.443399,-11.884,-11.8717
0.08019,0.349401,-11.8839,-11.8717
0.080245,0.388146,-11.884,-11.8717
0.0803,0.373546,-11.884,-11.8717
0.080355,0.390599,-11.884,-11.8717
0.08041,0.434303,-11.884,-11.8717
0.080465,0.46707,-11.884,-11.8717
0.08052,0.425207,-11.884,-11.8717
0.080575,0.397436,-11.884,-11.8717
0.08063,0.368559,-11.884,-11.8717
0.080685,0.499436,-11.884,-11.8717
0.08074,0.424995,-11.884,-11.8717
0.080795,0.450972,-11.884,-11.8717
0.08085,0.497959,-11.884,-11.8717
0.080905,0.54086,-11.884,-11.8717
0.08096,0.493644,-11.884,-11.8717
0.081015,0.480434,-11.884,-11.8717
0.08107,0.346973,-11.8839,-11.8717
0.081125,0.501447,-11.884,-11.8717
0.08118,0.464429,-11.884,-11.8717
0.081235,0.527771,-11.884,-11.8717
0.08129,0.479578,-11.884,-11.8717
0.081345,0.523422,-11.884,-11.8717
0.0814,0.571292,-11.884,-11.8717
0.081455,0.48643,-11.884,-11.8717
0.08151,0.499819,-11.884,-11.8717
0.081565,0.640077,-11.884,-11.8717
0.08162,0.576946,-11.884,-11.8717
0.081675,0.444589,-11.884,-11.8717
0.08173,0.532601,-11.884,-11.8717
0.081785,0.635868,-11.884,-11.8717
0.08184,0.454927,-11.884,-11.8717
0.081895,0.582879,-11.884,-11.8717
0.08195,0.577395,-11.884,-11.8717
0.082005,0.595354,-11.884,-11.8717
0.08206,0.620332,-11.884,-11.8717
0.082115,0.548524,-11.884,-11.8717
0.08217,0.590063,-11.884,-11.8717
0.082225,0.594944,-11.884,-11.8717
0.08228,0.501587,-11.884,-11.8717
0.082335,0.523152,-11.884,-11.8717
0.08239,0.559037,-11.884,-11.8717
0.082445,0.562521,-11.884,-11.8717
0.0825,0.570434,-11.884,-11.8717
0.082555,0.595426,-11.884,-11.8717
0.08261,0.554521,-11.884,-11.8717
0.082665,0.649459,-11.884,-11.8717
0.08272,0.637027,-11.884,-11.8717
0.082775,0.624035,-11.884,-11.8717
0.08283,0.556631,-11.884,-11.8717
0.082885,0.617223,-11.884,-11.8717
0.08294,0.583914,-11.884,-11.8717
0.082995,0.547486,-11.884,-11.8717
0.08305,0.650621,-11.884,-11.8717
0.083105,0.621225,-11.884,-11.8717
0.08316,0.554713,-11.884,-11.8717
0.083215,0.746814,-11.884,-11.8717
0.08327,0.68371,-11.884,-11.8717
0.083325,0.755145,-11.884,-11.8717
0.08338,0.712828,-11.884,-11.8717
0.083435,0.608087,-11.884,-11.8717
0.08349,0.688397,-11.884,-11.8717
0.083545,0.574201,-11.884,-11.8717
0.0836,0.662108,-11.884,-11.8717
0.083655,0.69623,-11.884,-11.8717
0.08371,0.645608,-11.884,-11.8717
0.083765,0.777764,-11.884,-11.8717
0.08382,0.760122,-11.884,-11.8717
0.083875,0.771499,-11.884,-11.8717
0.08393,0.677976,-11.884,-11.8717
0.083985,0.705935,-11.884,-11.8717
0.08404,0.700832,-11.884,-11.8717
0.084095,0.706049,-11.884,-11.8717
0.08415,0.660615,-11.884,-11.8717
0.084205,0.795903,-11.884,-11.8717
0.08426,0.615775,-11.884,-11.8717
0.084315,0.774192,-11.884,-11.8717
0.08437,0.789301,-11.884,-11.8717
0.084425,0.75813,-11.884,-11.8717
0.08448,0.809161,-11.884,-11.8717
0.084535,0.735643,-11.884,-11.8717
0.08459,0.819871,-11.884,-11.8717
0.084645,0.704911,-11.884,-11.8717
0.0847,0.829438,-11.884,-11.8717
0.084755,0.764379,-11.884,-11.8717
0.08481,0.763077,-11.884,-11.8717
0.084865,0.813636,-11.884,-11.8717
0.08492,0.732059,-11.884,-11.8717
0.084975,0.789996,-11.884,-11.8717
0.08503,0.755231,-11.884,-11.8717
0.085085,0.773596,-11.884,-11.8717
0.08514,0.839334,-11.884,-11.8717
0.085195,0.828839,-11.884,-11.8717
0.08525,0.846924,-11.884,-11.8717
0.085305,0.848223,-11.884,-11.8717
0.08536,0.824078,-11.884,-11.8717
0.085415,0.801522,-11.884,-11.8717
0.08547,0.798502,-11.884,-11.8717
0.085525,0.855969,-11.884,-11.8717
0.08558,0.830932,-11.884,-11.8717
0.085635,0.948996,-11.884,-11.8717
0.08569,0.900341,-11.884,-11.8717
0.085745,0.915143,-11.884,-11.8717
0.0858,0.987092,-11.884,-11.8717
0.085855,0.797236,-11.884,-11.8717
0.08591,0.852221,-11.884,-11.8717
0.085965,0.85164,-11.884,-11.8717
0.08602,0.842172,-11.884,-11.8717
0.086075,0.862219,-11.884,-11.8717
0.08613,0.894971,-11.884,-11.8717
0.086185,0.907359,-11.884,-11.8717
0.08624,0.828674,-11.884,-11.8717
0.086295,0.846247,-11.884,-11.8717
0.08635,0.903193,-11.884,-11.8717
0.086405,0.979133,-11.884,-11.8717
0.08646,1.03662,-11.884,-11.8717
0.086515,0.829664,-11.884,-11.8717
0.08657,0.982235,-11.884,-11.8717
0.086625,0.926678,-11.884,-11.8717
0.08668,0.956845,-11.884,-11.8717
0.086735,0.87653,-11.884,-11.8717
0.08679,0.894048,-11.884,-11.8717
0.086845,0.904176,-11.884,-11.8717
0.0869,0.993128,-11.884,-11.8717
0.086955,0.933739,-11.884,-11.8717
0.08701,1.04822,-11.884,-11.8717
0.087065,0.875482,-11.884,-11.8717
0.08712,0.87005,-11.884,-11.8717
0.087175,0.951331,-11.884,-11.8717
0.08723,1.01741,-11.884,-11.8717
0.087285,0.974514,-11.884,-11.8717
0.08734,1.01392,-11.884,-11.8717
0.087395,1.00136,-11.884,-11.8717
0.08745,0.914305,-11.884,-11.8717
0.087505,0.887373,-11.884,-11.8717
0.08756,1.07595,-11.884,-11.8717
0.087615,0.979819,-11.884,-11.8717
0.08767,1.04117,-11.884,-11.8717
0.087725,0.9758,-11.884,-11.8717
0.08778,1.04039,-11.884,-11.8717
0.087835,0.940438,-11.884,-11.8717
0.08789,0.982099,-11.884,-11.8717
0.087945,1.05724,-11.884,-11.8717
0.088,1.04956,-11.884,-11.8717
0.088055,0.962007,-11.884,-11.8717
0.08811,1.01506,-11.884,-11.8717
0.088165,1.07794,-11.884,-11.8717
0.08822,1.16227,-11.884,-11.8717
0.088275,0.995464,-11.884,-11.8717
0.08833,1.04652,-11.884,-11.8717
0.088385,1.06117,-11.884,-11.8717
0.08844,1.09433,-11.884,-11.8717
0.088495,1.01831,-11.884,-11.8717
0.08855,1.13669,-11.884,-11.8717
0.088605,1.00091,-11.884,-11.8717
0.08866,1.24544,-11.884,-11.8717
0.088715,0.926073,-11.884,-11.8717
0.08877,1.02776,-11.884,-11.8717
0.088825,1.15578,-11.884,-11.8717
0.08888,1.13743,-11.884,-11.8717
0.088935,1.15824,-11.884,-11.8717
0.08899,1.12364,-11.884,-11.8717
0.089045,0.959449,-11.884,-11.8717
0.0891,1.08746,-11.884,-11.8717
0.089155,1.10428,-11.884,-11.8717
0.08921,1.13108,-11.884,-11.8717
0.089265,1.11888,-11.884,-11.8717
0.08932,1.14456,-11.884,-11.8717
0.089375,1.17621,-11.884,-11.8717
0.08943,1.18366,-11.884,-11.8717
0.089485,1.2017,-11.884,-11.8717
0.08954,1.22334,-11.884,-11.8717
0.089595,1.07877,-11.884,-11.8717
0.08965,1.1907,-11.884,-11.8717
0.089705,1.27981,-11.884,-11.8717
0.08976,1.09499,-11.884,-11.8717
0.089815,1.10192,-11.884,-11.8717
0.08987,1.18291,-11.884,-11.8717
0.089925,1.18158,-11.884,-11.8717
0.08998,1.21524,-11.884,-11.8717
0.090035,1.12517,-11.884,-11.8717
0.09009,1.23144,-11.884,-11.8717
0.090145,1.2607,-11.884,-11.8717
0.0902,1.23938,-11.884,-11.8717
0.090255,1.22953,-11.884,-11.8717
0.09031,1.28703,-11.884,-11.8717
0.090365,1.26418,-11.884,-11.8717
0.09042,1.18342,-11.884,-11.8717
0.090475,1.28956,-11.884,-11.8717
0.09053,1.33639,-11.884,-11.8717
0.090585,1.26593,-11.884,-11.8717
0.09064,1.22374,-11.884,-11.8717
0.090695,1.20363,-11.884,-11.8717
0.09075,1.11471,-11.884,-11.8717
0.090805,1.2875,-11.884,-11.8717
0.09086,1.15424,-11.884,-11.8717
0.090915,1.22926,-11.884,-11.8717
0.09097,1.24901,-11.884,-11.8717
0.091025,1.20298,-11.884,-11.8717
0.09108,1.27011,-11.884,-11.8717
0.091135,1.33938,-11.884,-11.8717
0.09119,1.33681,-11.884,-11.8717
0.091245,1.25798,-11.884,-11.8717
0.0913,1.2384,-11.884,-11.8717
0.091355,1.36495,-11.884,-11.8717
0.09141,1.32641,-11.884,-11.8717
0.091465,1.23657,-11.884,-11.8717
0.09152,1.34015,-11.884,-11.8717
0.091575,1.31646,-11.884,-11.8717
0.09163,1.34141,-11.884,-11.8717
0.091685,1.29438,-11.884,-11.8717
0.09174,1.3844,-11.884,-11.8717
0.091795,1.36305,-11.884,-11.8717
0.09185,1.34451,-11.884,-11.8717
0.091905,1.24495,-11.884,-11.8717
0.09196,1.3241,-11.884,-11.8717
0.092015,1.34583,-11.884,-11.8717
0.09207,1.43296,-11.884,-11.8717
0.092125,1.42148,-11.884,-11.8717
0.09218,1.41624,-11.884,-11.8717
0.092235,1.32422,-11.884,-11.8717
0.09229,1.39784,-11.884,-11.8717
0.092345,1.43919,-11.884,-11.8717
0.0924,1.35926,-11.884,-11.8717
0.092455,1.42922,-11.884,-11.8717
0.09251,1.41133,-11.884,-11.8717
0.092565,1.42395,-11.884,-11.8717
0.09262,1.32191,-11.884,-11.8717
0.092675,1.35163,-11.884,-11.8717
0.09273,1.46488,-11.884,-11.8717
0.092785,1.47441,-11.884,-11.8717
0.09284,1.4971,-11.884,-11.8717
0.092895,1.37282,-11.884,-11.8717
0.09295,1.45955,-11.884,-11.8717
0.093005,1.55288,-11.884,-11.8717
0.09306,1.37373,-11.884,-11.8717
0.093115,1.56761,-11.884,-11.8717
0.09317,1.48289,-11.884,-11.8717
0.093225,1.56831,-11.884,-11.8717
0.09328,1.47435,-11.884,-11.8717
0.093335,1.44931,-11.884,-11.8717
0.09339,1.47268,-11.884,-11.8717
0.093445,1.48889,-11.884,-11.8717
0.0935,1.46114,-11.884,-11.8717
0.093555,1.43822,-11.884,-11.8717
0.09361,1.53789,-11.884,-11.8717
0.093665,1.59689,-11.884,-11.8717
0.09372,1.42647,-11.884,-11.8717
0.093775,1.57953,-11.884,-11.8717
0.09383,1.49495,-11.884,-11.8717
0.093885,1.60155,-11.884,-11.8717
0.09394,1.46991,-11.884,-11.8717
0.093995,1.5175,-11.884,-11.8717
0.09405,1.48539,-11.884,-11.8717
0.094105,1.53564,-11.884,-11.8717
0.09416,1.61366,-11.884,-11.8717
0.094215,1.51142,-11.884,-11.8717
0.09427,1.46394,-11.884,-11.8717
0.094325,1.67057,-11.884,-11.8717
0.09438,1.53958,-11.884,-11.8717
0.094435,1.52231,-11.884,-11.8717
0.09449,1.61002,-11.884,-11.8717
0.094545,1.62001,-11.884,-11.8717
0.0946,1.5144,-11.884,-11.8717
0.094655,1.53021,-11.884,-11.8717
0.09471,1.60058,-11.884,-11.8717
0.094765,1.52433,-11.884,-11.8717
0.09482,1.50753,-11.884,-11.8717
0.094875,1.61465,-11.884,-11.8717
0.09493,1.58292,-11.884,-11.8717
0.094985,1.56311,-11.884,-11.8717
0.09504,1.68563,-11.884,-11.8717
0.095095,1.6517,-11.884,-11.8717
0.09515,1.70381,-11.884,-11.8717
0.095205,1.55207,-11.884,-11.8717
0.09526,1.54171,-11.884,-11.8717
0.095315,1.64533,-11.884,-11.8717
0.09537,1.69561,-11.884,-11.8717
0.095425,1.62019,-11.884,-11.8717
0.09548,1.67474,-11.884,-11.8717
0.095535,1.59529,-11.884,-11.8717
0.09559,1.72472,-11.884,-11.8717
0.095645,1.56974,-11.884,-11.8717
0.0957,1.73131,-11.884,-11.8717
0.095755,1.62418,-11.884,-11.8717
0.09581,1.6214,-11.884,-11.8717
0.095865,1.62781,-11.884,-11.8717
0.09592,1.51173,-11.884,-11.8717
0.095975,1.59048,-11.884,-11.8717
0.09603,1.6015,-11.884,-11.8717
0.096085,1.69062,-11.884,-11.8717
0.09614,1.74743,-11.884,-11.8717
0.096195,1.65568,-11.884,-11.8717
0.09625,1.72266,-11.884,-11.8717
0.096305,1.66828,-11.884,-11.8717
0.09636,1.69421,-11.884,-11.8717
0.096415,1.69987,-11.884,-11.8717
0.09647,1.75147,-11.884,-11.8717
0.096525,1.72407,-11.884,-11.8717
0.09658,1.70148,-11.884,-11.8717
0.096635,1.68773,-11.884,-11.8717
0.09669,1.68058,-11.884,-11.8717
0.096745,1.74885,-11.884,-11.8717
0.0968,1.63326,-11.884,-11.8717
0.096855,1.70205,-11.884,-11.8717
0.09691,1.75742,-11.884,-11.8717
0.096965,1.68633,-11.884,-11.8717
0.09702,1.77793,-11.884,-11.8717
0.097075,1.85878,-11.884,-11.8717
0.09713,1.82637,-11.884,-11.8717
0.097185,1.80602,-11.884,-11.8717
0.09724,1.82067,-11.884,-11.8717
0.097295,1.77896,-11.884,-11.8717
0.09735,1.73535,-11.884,-11.8717
0.097405,1.71083,-11.884,-11.8717
0.09746,1.74238,-11.884,-11.8717
0.097515,1.85621,-11.884,-11.8717
0.09757,1.82731,-11.884,-11.8717
0.097625,1.83538,-11.884,-11.8717
0.09768,1.77664,-11.884,-11.8717
0.097735,1.84789,-11.884,-11.8717
0.09779,1.89458,-11.884,-11.8717
0.097845,1.82953,-11.884,-11.8717
0.0979,1.8514,-11.884,-11.8717
0.097955,2.0168,-11.884,-11.8717
0.09801,1.79987,-11.884,-11.8717
0.098065,1.849,-11.884,-11.8717
0.09812,1.84747,-11.884,-11.8717
0.098175,1.87197,-11.884,-11.8717
0.09823,1.7202,-11.884,-11.8717
0.098285,1.8221,-11.884,-11.8717
0.09834,1.88753,-11.884,-11.8717
0.098395,1.99621,-11.884,-11.8717
0.09845,1.94827,-11.884,-11.8717
0.098505,1.86531,-11.884,-11.8717
0.09856,1.92938,-11.884,-11.8717
0.098615,1.95961,-11.884,-11.8717
0.09867,1.9164,-11.884,-11.8717
0.098725,1.83245,-11.884,-11.8717
0.09878,1.87347,-11.884,-11.8717
0.098835,1.93209,-11.884,-11.8717
0.09889,1.91869,-11.884,-11.8717
0.098945,1.85903,-11.884,-11.8717
0.099,1.96104,-11.884,-11.8717
0.099055,1.95249,-11.884,-11.8717
0.09911,2.02913,-11.884,-11.8717
0.099165,1.92941,-11.884,-11.8717
0.09922,1.97871,-11.884,-11.8717
0.099275,2.02025,-11.884,-11.8717
0.09933,2.00154,-11.884,-11.8717
0.099385,1.97247,-11.884,-11.8717
0.09944,1.98256,-11.884,-11.8717
0.099495,2.06091,-11.884,-11.8717
0.09955,1.99047,-11.884,-11.8717
0.099605,1.99428,-11.884,-11.8717
0.09966,1.93778,-11.884,-11.8717
0.099715,2.06104,-11.884,-11.8717
0.09977,2.04117,-11.884,-11.8717
0.099825,2.01624,-11.884,-11.8717
0.09988,1.98414,-11.884,-11.8717
0.099935,2.08485,-11.884,-11.8717
0.09999,2.04534,-11.884,-11.8717
0.100045,1.99166,-11.884,-11.8717
0.1001,2.0307,-11.884,-11.8717
0.100155,1.94071,-11.884,-11.8717
0.10021,1.94075,-11.884,-11.8717
0.100265,2.01676,-11.884,-11.8717
0.10032,2.08355,-11.884,-11.8717
0.100375,2.00388,-11.884,-11.8717
0.10043,1.86748,-11.884,-11.8717
0.100485,2.03712,-11.884,-11.8717
0.10054,1.97207,-11.884,-11.8717
0.100595,1.86051,-11.884,-11.8717
0.10065,1.9453,-11.884,-11.8717
0.100705,1.82109,-11.884,-11.8717
0.10076,1.96703,-11.884,-11.8717
0.100815,1.78526,-11.884,-11.8717
0.10087,1.81505,-11.884,-11.8717
0.100925,1.92446,-11.884,-11.8717
0.10098,1.92044,-11.884,-11.8717
0.101035,2.04493,-11.884,-11.8717
0.10109,1.88074,-11.884,-11.8717
0.101145,1.89866,-11.884,-11.8717
0.1012,1.94669,-11.884,-11.8717
0.101255,1.9082,-11.884,-11.8717
0.10131,1.90858,-11.884,-11.8717
0.101365,1.88926,-11.884,-11.8717
0.10142,1.85224,-11.884,-11.8717
0.101475,1.79535,-11.884,-11.8717
0.10153,1.92532,-11.884,-11.8717
0.101585,1.95766,-11.884,-11.8717
0.10164,1.96644,-11.884,-11.8717
0.101695,1.82608,-11.884,-11.8717
0.10175,1.92964,-11.884,-11.8717
0.101805,1.92423,-11.884,-11.8717
0.10186,1.7773,-11.884,-11.8717
0.101915,1.8071,-11.884,-11.8717
0.10197,1.82763,-11.884,-11.8717
0.102025,1.98691,-11.884,-11.8717
0.10208,1.92801,-11.884,-11.8717
0.102135,1.83247,-11.884,-11.8717
0.10219,1.91879,-11.884,-11.8717
0.102245,1.82475,-11.884,-11.8717
0.1023,1.88406,-11.884,-11.8717
0.102355,1.76582,-11.884,-11.8717
0.10241,1.87019,-11.884,-11.8717
0.102465,1.86275,-11.884,-11.8717
0.10252,1.83788,-11.884,-11.8717
0.102575,1.77578,-11.884,-11.8717
0.10263,1.85347,-11.884,-11.8717
0.102685,1.81505,-11.884,-11.8717
0.10274,1.71063,-11.884,-11.8717
0.102795,1.75147,-11.884,-11.8717
0.10285,1.83189,-11.884,-11.8717
0.102905,1.72165,-11.884,-11.8717
0.10296,1.76963,-11.884,-11.8717
0.103015,1.63953,-11.884,-11.8717
0.10307,1.68813,-11.884,-11.8717
0.103125,1.75665,-11.884,-11.8717
0.10318,1.69791,-11.884,-11.8717
0.103235,1.71307,-11.884,-11.8717
0.10329,1.7217,-11.884,-11.8717
0.103345,1.8311,-11.884,-11.8717
0.1034,1.70463,-11.884,-11.8717
0.103455,1.80557,-11.884,-11.8717
0.10351,1.69157,-11.884,-11.8717
0.103565,1.70522,-11.884,-11.8717
0.10362,1.72902,-11.884,-11.8717
0.103675,1.60211,-11.884,-11.8717
0.10373,1.60612,-11.884,-11.8717
0.103785,1.72187,-11.884,-11.8717
0.10384,1.60107,-11.884,-11.8717
0.103895,1.71909,-11.884,-11.8717
0.10395,1.67796,-11.884,-11.8717
0.104005,1.63424,-11.884,-11.8717
0.10406,1.69717,-11.884,-11.8717
0.104115,1.62994,-11.884,-11.8717
0.10417,1.62792,-11.884,-11.8717
0.104225,1.73701,-11.884,-11.8717
0.10428,1.60947,-11.884,-11.8717
0.104335,1.64739,-11.884,-11.8717
0.10439,1.54891,-11.884,-11.8717
0.104445,1.66515,-11.884,-11.8717
0.1045,1.73229,-11.884,-11.8717
0.104555,1.67453,-11.884,-11.8717
0.10461,1.57867,-11.884,-11.8717
0.104665,1.71259,-11.884,-11.8717
0.10472,1.63366,-11.884,-11.8717
0.104775,1.56373,-11.884,-11.8717
0.10483,1.55252,-11.884,-11.8717
0.104885,1.57281,-11.884,-11.8717
0.10494,1.60204,-11.884,-11.8717
0.104995,1.67249,-11.884,-11.8717
0.10505,1.55134,-11.884,-11.8717
0.105105,1.64676,-11.884,-11.8717
0.10516,1.55638,-11.884,-11.8717
0.105215,1.613,-11.884,-11.8717
0.10527,1.56596,-11.884,-11.8717
0.105325,1.48863,-11.884,-11.8717
0.10538,1.71299,-11.884,-11.8717
0.105435,1.47475,-11.884,-11.8717
0.10549,1.56719,-11.884,-11.8717
0.105545,1.62743,-11.884,-11.8717
0.1056,1.43416,-11.884,-11.8717
0.105655,1.5843,-11.884,-11.8717
0.10571,1.58309,-11.884,-11.8717
0.105765,1.45853,-11.884,-11.8717
0.10582,1.55995,-11.884,-11.8717
0.105875,1.47389,-11.884,-11.8717
0.10593,1.52466,-11.884,-11.8717
0.105985,1.48545,-11.884,-11.8717
0.10604,1.55187,-11.884,-11.8717
0.106095,1.41626,-11.884,-11.8717
0.10615,1.50998,-11.884,-11.8717
0.106205,1.44611,-11.884,-11.8717
0.10626,1.55471,-11.884,-11.8717
0.106315,1.50356,-11.884,-11.8717
0.10637,1.46236,-11.884,-11.8717
0.106425,1.47511,-11.884,-11.8717
0.10648,1.48336,-11.884,-11.8717
0.106535,1.55125,-11.884,-11.8717
0.10659,1.41273,-11.884,-11.8717
0.106645,1.49175,-11.884,-11.8717
0.1067,1.43741,-11.884,-11.8717
0.106755,1.43118,-11.884,-11.8717
0.10681,1.45894,-11.884,-11.8717
0.106865,1.44271,-11.884,-11.8717
0.10692,1.43293,-11.884,-11.8717
0.106975,1.29926,-11.884,-11.8717
0.10703,1.43009,-11.884,-11.8717
0.107085,1.49663,-11.884,-11.8717
0.10714,1.53816,-11.884,-11.8717
0.107195,1.43789,-11.884,-11.8717
0.10725,1.37821,-11.884,-11.8717
0.107305,1.32224,-11.884,-11.8717
0.10736,1.40866,-11.884,-11.8717
0.107415,1.45166,-11.884,-11.8717
0.10747,1.37249,-11.884,-11.8717
0.107525,1.27242,-11.884,-11.8717
0.10758,1.43558,-11.884,-11.8717
0.107635,1.43011,-11.884,-11.8717
0.10769,1.40927,-11.884,-11.8717
0.107745,1.34428,-11.884,-11.8717
0.1078,1.37398,-11.884,-11.8717
0.107855,1.39682,-11.884,-11.8717
0.10791,1.31956,-11.884,-11.8717
0.107965,1.40389,-11.884,-11.8717
0.10802,1.38191,-11.884,-11.8717
0.108075,1.29502,-11.884,-11.8717
0.10813,1.35411,-11.884,-11.8717
0.108185,1.26531,-11.884,-11.8717
0.10824,1.34347,-11.884,-11.8717
0.108295,1.38364,-11.884,-11.8717
0.10835,1.42528,-11.884,-11.8717
0.108405,1.39073,-11.884,-11.8717
0.10846,1.33366,-11.884,-11.8717
0.108515,1.27413,-11.884,-11.8717
0.10857,1.26075,-11.884,-11.8717
0.108625,1.30587,-11.884,-11.8717
0.10868,1.31573,-11.884,-11.8717
0.108735,1.31503,-11.884,-11.8717
0.10879,1.22832,-11.884,-11.8717
0.108845,1.34367,-11.884,-11.8717
0.1089,1.33879,-11.884,-11.8717
0.108955,1.29081,-11.884,-11.8717
0.10901,1.20391,-11.884,-11.8717
0.109065,1.2739,-11.884,-11.8717
0.10912,1.19222,-11.884,-11.8717
0.109175,1.19381,-11.884,-11.8717
0.10923,1.21971,-11.884,-11.8717
0.109285,1.19322,-11.884,-11.8717
0.10934,1.26329,-11.884,-11.8717
0.109395,1.26972,-11.884,-11.8717
0.10945,1.16325,-11.884,-11.8717
0.109505,1.26044,-11.884,-11.8717
0.10956,1.33136,-11.884,-11.8717
0.109615,1.34654,-11.884,-11.8717
0.10967,1.24523,-11.884,-11.8717
0.109725,1.20403,-11.884,-11.8717
0.10978,1.08267,-11.884,-11.8717
0.109835,1.23796,-11.884,-11.8717
0.10989,1.26465,-11.884,-11.8717
0.109945,1.31833,-11.884,-11.8717
0.11,1.30953,-11.884,-11.8717
0.110055,1.15311,-11.884,-11.8717
0.11011,1.29127,-11.884,-11.8717
0.110165,1.25222,-11.884,-11.8717
0.11022,1.18256,-11.884,-11.8717
0.110275,1.13248,-11.884,-11.8717
0.11033,1.14129,-11.884,-11.8717
0.110385,1.23048,-11.884,-11.8717
0.11044,1.21344,-11.884,-11.8717
0.110495,1.11074,-11.884,-11.8717
0.11055,1.13718,-11.884,-11.8717
0.110605,1.10373,-11.884,-11.8717
0.11066,1.1402,-11.884,-11.8717
0.110715,1.1778,-11.884,-11.8717
0.11077,1.15748,-11.884,-11.8717
0.110825,1.10458,-11.884,-11.8717
0.11088,1.16056,-11.884,-11.8717
0.110935,1.0713,-11.884,-11.8717
0.11099,1.20995,-11.884,-11.8717
0.111045,1.02942,-11.884,-11.8717
0.1111,1.12716,-11.884,-11.8717
0.111155,1.1875,-11.884,-11.8717
0.11121,1.09978,-11.884,-11.8717
0.111265,1.12741,-11.884,-11.8717
0.11132,1.02428,-11.884,-11.8717
0.111375,1.07582,-11.884,-11.8717
0.11143,1.13418,-11.884,-11.8717
0.111485,1.05318,-11.884,-11.8717
0.11154,1.05128,-11.884,-11.8717
0.111595,1.05772,-11.884,-11.8717
0.11165,1.06528,-11.884,-11.8717
0.111705,1.05957,-11.884,-11.8717
0.11176,1.09009,-11.884,-11.8717
0.111815,1.14981,-11.884,-11.8717
0.11187,1.07669,-11.884,-11.8717
0.111925,1.08905,-11.884,-11.8717
0.11198,1.04905,-11.884,-11.8717
0.112035,1.03819,-11.884,-11.8717
0.11209,1.12664,-11.884,-11.8717
0.112145,1.07703,-11.884,-11.8717
0.1122,1.04064,-11.884,-11.8717
0.112255,0.98386,-11.884,-11.8717
0.11231,1.16973,-11.884,-11.8717
0.112365,1.02665,-11.884,-11.8717
0.11242,0.977701,-11.884,-11.8717
0.112475,0.950441,-11.884,-11.8717
0.11253,1.01588,-11.884,-11.8717
0.112585,0.935203,-11.884,-11.8717
0.11264,0.964903,-11.884,-11.8717
0.112695,1.07049,-11.884,-11.8717
0.11275,0.935008,-11.884,-11.8717
0.112805,0.981426,-11.884,-11.8717
0.11286,1.05335,-11.884,-11.8717
0.112915,0.959528,-11.884,-11.8717
0.11297,0.990413,-11.884,-11.8717
0.113025,0.890485,-11.884,-11.8717
0.11308,0.903799,-11.884,-11.8717
0.113135,0.912456,-11.884,-11.8717
0.11319,0.992577,-11.884,-11.8717
0.113245,0.916245,-11.884,-11.8717
0.1133,0.904533,-11.884,-11.8717
0.113355,0.935552,-11.884,-11.8717
0.11341,1.01214,-11.884,-11.8717
0.113465,0.92867,-11.884,-11.8717
0.11352,0.96622,-11.884,-11.8717
0.113575,0.871284,-11.884,-11.8717
0.11363,1.00133,-11.884,-11.8717
0.113685,0.875607,-11.884,-11.8717
0.11374,0.96316,-11.884,-11.8717
0.113795,0.894046,-11.884,-11.8717
0.11385,0.847234,-11.884,-11.8717
0.113905,0.850667,-11.884,-11.8717
0.11396,0.949511,-11.884,-11.8717
0.114015,0.823855,-11.884,-11.8717
0.11407,0.852718,-11.884,-11.8717
0.114125,0.905922,-11.884,-11.8717
0.11418,0.816764,-11.884,-11.8717
0.114235,0.837401,-11.884,-11.8717
0.11429,0.845063,-11.884,-11.8717
0.114345,0.882299,-11.884,-11.8717
0.1144,0.806894,-11.884,-11.8717
0.114455,0.831425,-11.884,-11.8717
0.11451,0.82577,-11.884,-11.8717
0.114565,0.874117,-11.884,-11.8717
0.11462,0.796343,-11.884,-11.8717
0.114675,0.90858,-11.884,-11.8717
0.11473,0.876195,-11.884,-11.8717
0.114785,0.807118,-11.884,-11.8717
0.11484,0.801961,-11.884,-11.8717
0.114895,0.763604,-11.884,-11.8717
0.11495,0.739316,-11.884,-11.8717
0.115005,0.876031,-11.884,-11.8717
0.11506,0.664686,-11.884,-11.8717
0.115115,0.729672,-11.884,-11.8717
0.11517,0.740701,-11.884,-11.8717
0.115225,0.719875,-11.884,-11.8717
0.11528,0.726147,-11.884,-11.8717
0.115335,0.772713,-11.884,-11.8717
0.11539,0.732016,-11.884,-11.8717
0.115445,0.754858,-11.884,-11.8717
0.1155,0.899622,-11.884,-11.8717
0.115555,0.735695,-11.884,-11.8717
0.11561,0.65772,-11.884,-11.8717
0.115665,0.614577,-11.884,-11.8717
0.11572,0.667762,-11.884,-11.8717
0.115775,0.599382,-11.884,-11.8717
0.11583,0.656973,-11.884,-11.8717
0.115885,0.666463,-11.884,-11.8717
0.11594,0.75156,-11.884,-11.8717
0.115995,0.60295,-11.884,-11.8717
0.11605,0.819161,-11.884,-11.8717
0.116105,0.736115,-11.884,-11.8717
0.11616,0.626644,-11.884,-11.8717
0.116215,0.535752,-11.884,-11.8717
0.11627,0.700731,-11.884,-11.8717
0.116325,0.731016,-11.884,-11.8717
0.11638,0.706994,-11.884,-11.8717
0.116435,0.813335,-11.884,-11.8717
0.11649,0.617924,-11.884,-11.8717
0.116545,0.723825,-11.884,-11.8717
0.1166,0.734859,-11.884,-11.8717
0.116655,0.70715,-11.884,-11.8717
0.11671,0.635686,-11.884,-11.8717
0.116765,0.670502,-11.884,-11.8717
0.11682,0.679451,-11.884,-11.8717
0.116875,0.687959,-11.884,-11.8717
0.11693,0.714966,-11.884,-11.8717
0.116985,0.621527,-11.884,-11.8717
0.11704,0.689937,-11.884,-11.8717
0.117095,0.560407,-11.884,-11.8717
0.11715,0.686389,-11.884,-11.8717
0.117205,0.48532,-11.884,-11.8717
0.11726,0.610795,-11.884,-11.8717
0.117315,0.621923,-11.884,-11.8717
0.11737,0.715668,-11.884,-11.8717
0.117425,0.817917,-11.884,-11.8717
0.11748,0.572608,-11.884,-11.8717
0.117535,0.511705,-11.884,-11.8717
0.11759,0.635303,-11.884,-11.8717
0.117645,0.714533,-11.884,-11.8717
0.1177,0.641631,-11.884,-11.8717
0.117755,0.570964,-11.884,-11.8717
0.11781,0.430162,-11.884,-11.8717
0.117865,0.621782,-11.884,-11.8717
0.11792,0.499237,-11.884,-11.8717
0.117975,0.534711,-11.884,-11.8717
0.11803,0.62217,-11.884,-11.8717
0.118085,0.599004,-11.884,-11.8717
0.11814,0.535124,-11.884,-11.8717
0.118195,0.382427,-11.884,-11.8717
0.11825,0.598325,-11.884,-11.8717
0.118305,0.567987,-11.884,-11.8717
0.11836,0.512102,-11.884,-11.8717
0.118415,0.586668,-11.884,-11.8717
0.11847,0.566287,-11.884,-11.8717
0.118525,0.558821,-11.884,-11.8717
0.11858,0.512203,-11.884,-11.8717
0.118635,0.593504,-11.884,-11.8717
0.11869,0.5196,-11.884,-11.8717
0.118745,0.557509,-11.884,-11.8717
0.1188,0.367933,-11.884,-11.8717
0.118855,0.493474,-11.884,-11.8717
0.11891,0.444988,-11.884,-11.8717
0.118965,0.432994,-11.884,-11.8717
0.11902,0.469615,-11.884,-11.8717
0.119075,0.419107,-11.884,-11.8717
0.11913,0.535676,-11.884,-11.8717
0.119185,0.38033,-11.884,-11.8717
0.11924,0.456172,-11.884,-11.8717
0.119295,0.530553,-11.884,-11.8717
0.11935,0.422298,-11.884,-11.8717
0.119405,0.478427,-11.884,-11.8717
0.11946,0.355964,-11.884,-11.8717
0.119515,0.401466,-11.884,-11.8717
0.11957,0.323641,-11.8839,-11.8717
0.119625,0.390489,-11.884,-11.8717
0.11968,0.390683,-11.884,-11.8717
0.119735,0.314769,-11.8839,-11.8717
0.11979,0.410114,-11.884,-11.8717
0.119845,0.339438,-11.8839,-11.8717
0.1199,0.481873,-11.884,-11.8717
0.119955,0.391312,-11.884,-11.8717
0.12001,0.45124,-11.884,-11.8717
0.120065,0.411105,-11.884,-11.8717
0.12012,0.423031,-11.884,-11.8717
0.120175,0.425686,-11.884,-11.8717
0.12023,0.380465,-11.884,-11.8717
0.120285,0.242068,-11.8839,-11.8717
0.12034,0.336042,-11.8839,-11.8717
0.120395,0.427463,-11.884,-11.8717
0.12045,0.383887,-11.884,-11.8717
0.120505,0.240311,-11.8839,-11.8717
0.12056,0.452192,-11.884,-11.8717
0.120615,0.321611,-11.8839,-11.8717
0.12067,0.416148,-11.884,-11.8717
0.120725,0.291558,-11.8839,-11.8717
0.12078,0.376071,-11.884,-11.8717
0.120835,0.307845,-11.8839,-11.8717
0.12089,0.321002,-11.8839,-11.8717
0.120945,0.252391,-11.8839,-11.8717
0.121,0.485313,-11.884,-11.8717
0.121055,0.28248,-11.8839,-11.8717
0.12111,0.266202,-11.8839,-11.8717
0.121165,0.341324,-11.884,-11.8717
0.12122,0.360898,-11.884,-11.8717
0.121275,0.342332,-11.884,-11.8717
0.12133,0.27796,-11.8839,-11.8717
0.121385,0.338472,-11.8839,-11.8717
0.12144,0.356371,-11.884,-11.8717
0.121495,0.339546,-11.8839,-11.8717
0.12155,0.214617,-11.8839,-11.8717
0.121605,0.223058,-11.8839,-11.8717
0.12166,0.112532,-11.8835,-11.8717
0.121715,0.296841,-11.8839,-11.8717
0.12177,0.28092,-11.8839,-11.8717
0.121825,0.216645,-11.8839,-11.8717
0.12188,0.212003,-11.8838,-11.8717
0.121935,0.29659,-11.8839,-11.8717
0.12199,0.179576,-11.8838,-11.8717
0.122045,0.184382,-11.8838,-11.8717
0.1221,0.173974,-11.8838,-11.8717
0.122155,0.198848,-11.8838,-11.8717
0.12221,0.0588108,-11.8832,-11.8716
0.122265,0.252885,-11.8839,-11.8717
0.12232,0.224483,-11.8839,-11.8717
0.122375,0.254978,-11.8839,-11.8717
0.12243,0.222683,-11.8839,-11.8717
0.122485,0.144013,-11.8837,-11.8717
0.12254,0.211996,-11.8838,-11.8717
0.122595,0.181618,-11.8838,-11.8717
0.12265,0.236005,-11.8839,-11.8717
0.122705,0.219348,-11.8839,-11.8717
0.12276,0.175083,-11.8838,-11.8717
0.122815,0.122646,-11.8836,-11.8717
0.12287,0.193873,-11.8838,-11.8717
0.122925,0.123244,-11.8836,-11.8717
0.12298,0.0431645,-11.883,-11.8716
0.123035,0.176054,-11.8838,-11.8717
0.12309,0.128215,-11.8836,-11.8717
0.123145,0.138201,-11.8837,-11.8717
0.1232,0.046681,-11.883,-11.8716
0.123255,0.0627691,-11.8832,-11.8716
0.12331,0.311169,-11.8839,-11.8717
0.123365,0.0683273,-11.8833,-11.8716
0.12342,0.151805,-11.8837,-11.8717
0.123475,0.108953,-11.8835,-11.8717
0.12353,0.119683,-11.8836,-11.8717
0.123585,0.0756595,-11.8833,-11.8716
0.12364,0.238437,-11.8839,-11.8717
0.123695,0.0594119,-11.8832,-11.8716
0.12375,0.164521,-11.8837,-11.8717
0.123805,0.106381,-11.8835,-11.8716
0.12386,0.0914352,-11.8834,-11.8716
0.123915,-0.0390768,11.2748,-11.8715
0.12397,0.114831,-11.8839,-11.8717
0.124025,0.0136873,-11.8818,-11.8716
0.12408,0.0799858,-11.8835,-11.8716
0.124135,0.102554,-11.8834,-11.8716
0.12419,0.0294803,-11.883,-11.8716
0.124245,0.0505767,-11.8829,-11.8716
0.1243,0.0362513,-11.8831,-11.8716
0.124355,-0.0231062,-11.169,-11.8716
0.12441,-0.00149466,11.8827,-11.8716
0.124465,-0.0396037,11.6213,-11.8715
0.12452,0.0587409,-11.8837,-11.8716
0.124575,0.0196246,-11.8824,-11.8716
0.12463,-0.00746,-11.8655,-11.8716
0.124685,0.0815099,-11.8837,-11.8716
0.12474,0.0417099,-11.8828,-11.8716
0.124795,0.0100465,-11.8823,-11.8716
0.12485,-0.0337356,11.8824,-11.8715
0.124905,-0.0702013,11.8831,-11.8715
0.12496,0.0768927,-11.8835,-11.8716
0.125015,-0.0707116,11.8835,-11.8715
0.12507,-0.0474274,11.8831,-11.8715
0.125125,-0.00563342,-11.7423,-11.8716
0.12518,-0.0900722,11.8834,-11.8714
0.125235,-0.00303202,11.8816,-11.8716
0.12529,0.0931521,-11.8833,-11.8716
0.125345,0.0530312,-11.8833,-11.8716
0.1254,-0.0240058,11.8832,-11.8716
0.125455,-0.0474822,11.8833,-11.8715
0.12551,-0.0258356,11.8827,-11.8716
0.125565,-0.032838,11.8829,-11.8715
0.12562,0.0405955,-11.8833,-11.8716
0.125675,-0.0934419,11.8828,-11.8714
0.12573,-0.118451,11.8839,-11.8713
0.125785,-0.0138545,11.8829,-11.8716
0.12584,0.0203574,11.8057,-11.8716
0.125895,-0.0634256,11.8831,-11.8715
0.12595,-0.124401,11.8837,-11.8713
0.126005,-0.00787004,11.8824,-11.8716
0.12606,-0.0556342,11.8831,-11.8715
0.126115,-0.11465,11.8836,-11.8713
0.12617,0.0279191,-11.8832,-11.8716
0.126225,-0.192177,11.8836,-11.8708
0.12628,-0.100239,11.8837,-11.8716
0.126335,-0.0742357,11.883,-11.8713
0.12639,-0.138411,11.8838,-11.8714
0.126445,-0.167523,11.8836,-11.8709
0.1265,-0.167334,11.8839,-11.8712
0.126555,-0.186302,11.8836,-11.8707
0.12661,-0.112538,11.8837,-11.8714
0.126665,-0.0682053,11.8825,-11.8714
0.12672,-0.143377,11.884,-11.8713
0.126775,-0.0722397,11.8827,-11.8714
0.12683,-0.10719,11.8838,-11.8714
0.126885,-0.0994622,11.8831,-11.8713
0.12694,-0.122608,11.8839,-11.8714
0.126995,-0.0656126,11.8834,-11.8714
0.12705,-0.259997,11.8838,11.8709
0.127105,-0.188031,11.8839,11.8722
0.12716,-0.253365,11.8838,11.871
0.127215,-0.0650564,11.8834,11.8721
0.12727,-0.191472,11.8837,11.871
0.127325,-0.236466,11.884,11.8721
0.12738,-0.222146,11.8838,11.8711
0.127435,-0.0791477,11.8835,11.8721
0.12749,-0.112957,11.8834,11.8711
0.127545,-0.203073,11.8839,11.8721
0.1276,-0.212345,11.8838,11.8712
0.127655,-0.187839,11.8839,11.872
0.12771,-0.162625,11.8837,11.8712
0.127765,-0.179207,11.8839,11.872
0.12782,-0.181708,11.8837,11.8713
0.127875,-0.268346,11.884,11.872
0.12793,-0.299633,11.8839,11.8713
0.127985,-0.251352,11.884,11.872
0.12804,-0.304678,11.8839,11.8713
0.128095,-0.314262,11.884,11.872
0.12815,-0.290506,11.8839,11.8714
0.128205,-0.250412,11.884,11.8719
0.12826,-0.237767,11.8838,11.8714
0.128315,-0.283399,11.884,11.8719
0.12837,-0.344161,11.8839,11.8714
0.128425,-0.294348,11.884,11.8719
0.12848,-0.299272,11.8839,11.8714
0.128535,-0.3052,11.884,11.8719
0.12859,-0.249363,11.8838,11.8714
0.128645,-0.250533,11.8839,11.8719
0.1287,-0.324586,11.8839,11.8715
0.128755,-0.305442,11.884,11.8719
0.12881,-0.364255,11.8839,11.8715
0.128865,-0.25134,11.8839,11.8718
0.12892,-0.366053,11.8839,11.8715
0.128975,-0.303058,11.884,11.8718
0.12903,-0.388407,11.8839,11.8715
0.129085,-0.301676,11.884,11.8718
0.12914,-0.366377,11.8839,11.8715
0.129195,-0.277197,11.8839,11.8718
0.12925,-0.3083,11.8839,11.8715
0.129305,-0.352668,11.884,11.8718
0.12936,-0.298709,11.8839,11.8715
0.129415,-0.324262,11.884,11.8718
0.12947,-0.397389,11.8839,11.8715
0.129525,-0.385616,11.884,11.8718
0.12958,-0.373229,11.8839,11.8716
0.129635,-0.409878,11.884,11.8718
0.12969,-0.422007,11.8839,11.8716
0.129745,-0.407037,11.884,11.8718
0.1298,-0.357282,11.8839,11.8716
0.129855,-0.378137,11.884,11.8718
0.12991,-0.340975,11.8839,11.8716
0.129965,-0.440434,11.884,11.8718
0.13002,-0.396882,11.8839,11.8716
0.130075,-0.478832,11.884,11.8718
0.13013,-0.410637,11.8839,11.8716
0.130185,-0.371354,11.884,11.8717
0.13024,-0.402832,11.8839,11.8716
0.130295,-0.315494,11.884,11.8717
0.13035,-0.378902,11.8839,11.8716
0.130405,-0.409051,11.884,11.8717
0.13046,-0.34192,11.8839,11.8716
0.130515,-0.428737,11.884,11.8717
0.13057,-0.472139,11.884,11.8716
0.130625,-0.533459,11.884,11.8717
0.13068,-0.422586,11.884,11.8716
0.130735,-0.450577,11.884,11.8717
0.13079,-0.495364,11.884,11.8716
0.130845,-0.446614,11.884,11.8717
0.1309,-0.448369,11.884,11.8716
0.130955,-0.398507,11.884,11.8717
0.13101,-0.608104,11.884,11.8716
0.131065,-0.546971,11.884,11.8717
0.13112,-0.585622,11.884,11.8716
0.131175,-0.495586,11.884,11.8717
0.13123,-0.491216,11.884,11.8716
0.131285,-0.433855,11.884,11.8717
0.13134,-0.518519,11.884,11.8716
0.131395,-0.483491,11.884,11.8717
0.13145,-0.418947,11.884,11.8716
0.131505,-0.521514,11.884,11.8717
0.13156,-0.531189,11.884,11.8716
0.131615,-0.485689,11.884,11.8717
0.13167,-0.563505,11.884,11.8716
0.131725,-0.488117,11.884,11.8717
0.13178,-0.604745,11.884,11.8716
0.131835,-0.60117,11.884,11.8717
0.13189,-0.573575,11.884,11.8716
0.131945,-0.552554,11.884,11.8717
0.132,-0.499017,11.884,11.8716
0.132055,-0.640504,11.884,11.8717
0.13211,-0.657256,11.884,11.8716
0.132165,-0.528802,11.884,11.8717
0.13222,-0.623187,11.884,11.8717
0.132275,-0.545563,11.884,11.8717
0.13233,-0.611518,11.884,11.8717
0.132385,-0.655655,11.884,11.8717
0.13244,-0.620527,11.884,11.8717
0.132495,-0.518546,11.884,11.8717
0.13255,-0.550696,11.884,11.8717
0.132605,-0.658997,11.884,11.8717
0.13266,-0.543515,11.884,11.8717
0.132715,-0.532298,11.884,11.8717
0.13277,-0.706732,11.884,11.8717
0.132825,-0.647866,11.884,11.8717
0.13288,-0.604911,11.884,11.8717
0.132935,-0.593915,11.884,11.8717
0.13299,-0.737835,11.884,11.8717
0.133045,-0.604837,11.884,11.8717
0.1331,-0.566191,11.884,11.8717
0.133155,-0.666708,11.884,11.8717
0.13321,-0.729242,11.884,11.8717
0.133265,-0.58644,11.884,11.8717
0.13332,-0.718633,11.884,11.8717
0.133375,-0.683462,11.884,11.8717
0.13343,-0.627909,11.884,11.8717
0.133485,-0.645817,11.884,11.8717
0.13354,-0.689576,11.884,11.8717
0.133595,-0.69778,11.884,11.8717
0.13365,-0.703962,11.884,11.8717
0.133705,-0.723159,11.884,11.8717
0.13376,-0.778789,11.884,11.8717
0.133815,-0.718249,11.884,11.8717
0.13387,-0.651177,11.884,11.8717
0.133925,-0.680458,11.884,11.8717
0.13398,-0.762672,11.884,11.8717
0.134035,-0.636234,11.884,11.8717
0.13409,-0.755502,11.884,11.8717
0.134145,-0.740831,11.884,11.8717
0.1342,-0.53486,11.884,11.8717
0.134255,-0.692599,11.884,11.8717
0.13431,-0.772471,11.884,11.8717
0.134365,-0.708208,11.884,11.8717
0.13442,-0.769066,11.884,11.8717
0.134475,-0.741293,11.884,11.8717
0.13453,-0.837634,11.884,11.8717
0.134585,-0.72257,11.884,11.8717
0.13464,-0.643957,11.884,11.8717
0.134695,-0.798221,11.884,11.8717
0.13475,-0.842218,11.884,11.8717
0.134805,-0.750206,11.884,11.8717
0.13486,-0.938245,11.884,11.8717
0.134915,-0.803852,11.884,11.8717
0.13497,-0.860756,11.884,11.8717
0.135025,-0.665977,11.884,11.8717
0.13508,-0.735643,11.884,11.8717
0.135135,-0.832959,11.884,11.8717
0.13519,-0.751793,11.884,11.8717
0.135245,-0.806272,11.884,11.8717
0.1353,-0.843801,11.884,11.8717
0.135355,-0.888672,11.884,11.8717
0.13541,-0.944686,11.884,11.8717
0.135465,-0.765491,11.884,11.8717
0.13552,-0.901576,11.884,11.8717
0.135575,-0.882729,11.884,11.8717
0.13563,-0.836308,11.884,11.8717
0.135685,-0.84907,11.884,11.8717
0.13574,-0.740096,11.884,11.8717
0.135795,-0.74136,11.884,11.8717
0.13585,-0.851949,11.884,11.8717
0.135905,-0.834538,11.884,11.8717
0.13596,-0.808031,11.884,11.8717
0.136015,-0.852921,11.884,11.8717
0.13607,-0.873698,11.884,11.8717
0.136125,-0.910698,11.884,11.8717
0.13618,-0.872176,11.884,11.8717
0.136235,-0.766083,11.884,11.8717
0.13629,-0.902138,11.884,11.8717
0.136345,-0.882937,11.884,11.8717
0.1364,-0.982921,11.884,11.8717
0.136455,-0.976624,11.884,11.8717
0.13651,-0.878469,11.884,11.8717
0.136565,-1.01774,11.884,11.8717
0.13662,-0.990472,11.884,11.8717
0.136675,-0.868113,11.884,11.8717
0.13673,-0.931865,11.884,11.8717
0.136785,-0.849547,11.884,11.8717
0.13684,-0.926017,11.884,11.8717
0.136895,-0.898287,11.884,11.8717
0.13695,-0.920882,11.884,11.8717
0.137005,-0.926539,11.884,11.8717
0.13706,-0.990426,11.884,11.8717
0.137115,-1.02159,11.884,11.8717
0.13717,-1.00045,11.884,11.8717
0.137225,-1.02105,11.884,11.8717
0.13728,-1.01979,11.884,11.8717
0.137335,-1.07581,11.884,11.8717
0.13739,-1.00017,11.884,11.8717
0.137445,-1.05997,11.884,11.8717
0.1375,-1.01634,11.884,11.8717
0.137555,-1.07111,11.884,11.8717
0.13761,-1.03362,11.884,11.8717
0.137665,-1.00254,11.884,11.8717
0.13772,-1.14361,11.884,11.8717
0.137775,-1.08591,11.884,11.8717
0.13783,-1.06963,11.884,11.8717
0.137885,-0.95154,11.884,11.8717
0.13794,-1.14526,11.884,11.8717
0.137995,-1.09909,11.884,11.8717
0.13805,-0.994545,11.884,11.8717
0.138105,-1.0188,11.884,11.8717
0.13816,-1.08412,11.884,11.8717
0.138215,-1.00096,11.884,11.8717
0.13827,-1.03146,11.884,11.8717
0.138325,-1.0159,11.884,11.8717
0.13838,-1.02414,11.884,11.8717
0.138435,-1.07424,11.884,11.8717
0.13849,-1.05085,11.884,11.8717
0.138545,-1.13078,11.884,11.8717
0.1386,-1.2512,11.884,11.8717
0.138655,-1.14512,11.884,11.8717
0.13871,-1.16198,11.884,11.8717
0.138765,-1.11965,11.884,11.8717
0.13882,-1.02761,11.884,11.8717
0.138875,-1.06092,11.884,11.8717
0.13893,-1.1477,11.884,11.8717
0.138985,-1.16878,11.884,11.8717
0.13904,-1.1111,11.884,11.8717
0.139095,-1.0742,11.884,11.8717
0.13915,-1.02744,11.884,11.8717
0.139205,-1.01595,11.884,11.8717
0.13926,-1.09816,11.884,11.8717
0.139315,-1.17873,11.884,11.8717
0.13937,-1.24324,11.884,11.8717
0.139425,-1.13241,11.884,11.8717
0.13948,-1.22921,11.884,11.8717
0.139535,-1.13072,11.884,11.8717
0.13959,-1.20128,11.884,11.8717
0.139645,-1.22027,11.884,11.8717
0.1397,-1.27688,11.884,11.8717
0.139755,-1.19461,11.884,11.8717
0.13981,-1.18788,11.884,11.8717
0.139865,-1.22545,11.884,11.8717
0.13992,-1.25511,11.884,11.8717
0.139975,-1.20378,11.884,11.8717
0.14003,-1.06754,11.884,11.8717
0.140085,-1.19161,11.884,11.8717
0.14014,-1.26895,11.884,11.8717
0.140195,-1.19944,11.884,11.8717
0.14025,-1.16061,11.884,11.8717
0.140305,-1.19898,11.884,11.8717
0.14036,-1.29792,11.884,11.8717
0.140415,-1.04066,11.884,11.8717
0.14047,-1.24213,11.884,11.8717
0.140525,-1.14046,11.884,11.8717
0.14058,-1.29597,11.884,11.8717
0.140635,-1.32015,11.884,11.8717
0.14069,-1.18232,11.884,11.8717
0.140745,-1.28115,11.884,11.8717
0.1408,-1.28403,11.884,11.8717
0.140855,-1.33522,11.884,11.8717
0.14091,-1.25638,11.884,11.8717
0.140965,-1.33983,11.884,11.8717
0.14102,-1.19956,11.884,11.8717
0.141075,-1.31222,11.884,11.8717
0.14113,-1.2829,11.884,11.8717
0.141185,-1.3532,11.884,11.8717
0.14124,-1.33306,11.884,11.8717
0.141295,-1.25479,11.884,11.8717
0.14135,-1.47562,11.884,11.8717
0.141405,-1.33294,11.884,11.8717
0.14146,-1.34522,11.884,11.8717
0.141515,-1.31966,11.884,11.8717
0.14157,-1.46172,11.884,11.8717
0.141625,-1.33607,11.884,11.8717
0.14168,-1.30341,11.884,11.8717
0.141735,-1.17534,11.884,11.8717
0.14179,-1.30717,11.884,11.8717
0.141845,-1.4253,11.884,11.8717
0.1419,-1.30422,11.884,11.8717
0.141955,-1.3831,11.884,11.8717
0.14201,-1.38732,11.884,11.8717
0.142065,-1.38051,11.884,11.8717
0.14212,-1.37314,11.884,11.8717
0.142175,-1.44279,11.884,11.8717
0.14223,-1.41192,11.884,11.8717
0.142285,-1.49066,11.884,11.8717
0.14234,-1.38357,11.884,11.8717
0.142395,-1.39241,11.884,11.8717
0.14245,-1.38524,11.884,11.8717
0.142505,-1.57417,11.884,11.8717
0.14256,-1.47183,11.884,11.8717
0.142615,-1.47703,11.884,11.8717
0.14267,-1.48261,11.884,11.8717
0.142725,-1.48674,11.884,11.8717
0.14278,-1.34616,11.884,11.8717
0.142835,-1.35971,11.884,11.8717
0.14289,-1.45732,11.884,11.8717
0.142945,-1.43412,11.884,11.8717
0.143,-1.50389,11.884,11.8717
0.143055,-1.56983,11.884,11.8717
0.14311,-1.36673,11.884,11.8717
0.143165,-1.43717,11.884,11.8717
0.14322,-1.50682,11.884,11.8717
0.143275,-1.39289,11.884,11.8717
0.14333,-1.5522,11.884,11.8717
0.143385,-1.49134,11.884,11.8717
0.14344,-1.56765,11.884,11.8717
0.143495,-1.5024,11.884,11.8717
0.14355,-1.46097,11.884,11.8717
0.143605,-1.40933,11.884,11.8717
0.14366,-1.48403,11.884,11.8717
0.143715,-1.49292,11.884,11.8717
0.14377,-1.43525,11.884,11.8717
0.143825,-1.55241,11.884,11.8717
0.14388,-1.56299,11.884,11.8717
0.143935,-1.49266,11.884,11.8717
0.14399,-1.5187,11.884,11.8717
0.144045,-1.51772,11.884,11.8717
0.1441,-1.52157,11.884,11.8717
0.144155,-1.47141,11.884,11.8717
0.14421,-1.56193,11.884,11.8717
0.144265,-1.5114,11.884,11.8717
0.14432,-1.5228,11.884,11.8717
0.144375,-1.51561,11.884,11.8717
0.14443,-1.59388,11.884,11.8717
0.144485,-1.49737,11.884,11.8717
0.14454,-1.61421,11.884,11.8717
0.144595,-1.67172,11.884,11.8717
0.14465,-1.61736,11.884,11.8717
0.144705,-1.47083,11.884,11.8717
0.14476,-1.63694,11.884,11.8717
0.144815,-1.52859,11.884,11.8717
0.14487,-1.51629,11.884,11.8717
0.144925,-1.71038,11.884,11.8717
0.14498,-1.61537,11.884,11.8717
0.145035,-1.5579,11.884,11.8717
0.14509,-1.45274,11.884,11.8717
0.145145,-1.69037,11.884,11.8717
0.1452,-1.63798,11.884,11.8717
0.145255,-1.67433,11.884,11.8717
0.14531,-1.50099,11.884,11.8717
0.145365,-1.72546,11.884,11.8717
0.14542,-1.65882,11.884,11.8717
0.145475,-1.62088,11.884,11.8717
0.14553,-1.70189,11.884,11.8717
0.145585,-1.56511,11.884,11.8717
0.14564,-1.69837,11.884,11.8717
0.145695,-1.67724,11.884,11.8717
0.14575,-1.6288,11.884,11.8717
0.145805,-1.70991,11.884,11.8717
0.14586,-1.65411,11.884,11.8717
0.145915,-1.67675,11.884,11.8717
0.14597,-1.76476,11.884,11.8717
0.146025,-1.63738,11.884,11.8717
0.14608,-1.66556,11.884,11.8717
0.146135,-1.81199,11.884,11.8717
0.14619,-1.63829,11.884,11.8717
0.146245,-1.74689,11.884,11.8717
0.1463,-1.70567,11.884,11.8717
0.146355,-1.68272,11.884,11.8717
0.14641,-1.78058,11.884,11.8717
0.146465,-1.69117,11.884,11.8717
0.14652,-1.66201,11.884,11.8717
0.146575,-1.72281,11.884,11.8717
0.14663,-1.7353,11.884,11.8717
0.146685,-1.76114,11.884,11.8717
0.14674,-1.65303,11.884,11.8717
0.146795,-1.86073,11.884,11.8717
0.14685,-1.7533,11.884,11.8717
0.146905,-1.65805,11.884,11.8717
0.14696,-1.80924,11.884,11.8717
0.147015,-1.79411,11.884,11.8717
0.14707,-1.71986,11.884,11.8717
0.147125,-1.81605,11.884,11.8717
0.14718,-1.78553,11.884,11.8717
0.147235,-1.79904,11.884,11.8717
0.14729,-1.90615,11.884,11.8717
0.147345,-1.89615,11.884,11.8717
0.1474,-1.74552,11.884,11.8717
0.147455,-1.78069,11.884,11.8717
0.14751,-1.86172,11.884,11.8717
0.147565,-1.75723,11.884,11.8717
0.14762,-1.85844,11.884,11.8717
0.147675,-1.81282,11.884,11.8717
0.14773,-1.869,11.884,11.8717
0.147785,-1.73979,11.884,11.8717
0.14784,-1.92596,11.884,11.8717
0.147895,-1.8729,11.884,11.8717
0.14795,-1.79776,11.884,11.8717
0.148005,-1.91419,11.884,11.8717
0.14806,-1.84428,11.884,11.8717
0.148115,-1.86286,11.884,11.8717
0.14817,-1.98968,11.884,11.8717
0.148225,-2.04578,11.884,11.8717
0.14828,-1.72609,11.884,11.8717
0.148335,-1.88155,11.884,11.8717
0.14839,-1.80059,11.884,11.8717
0.148445,-1.76812,11.884,11.8717
0.1485,-1.91148,11.884,11.8717
0.148555,-1.79298,11.884,11.8717
0.14861,-1.92839,11.884,11.8717
0.148665,-1.90154,11.884,11.8717
0.14872,-1.89244,11.884,11.8717
0.148775,-1.91881,11.884,11.8717
0.14883,-1.95523,11.884,11.8717
0.148885,-1.94829,11.884,11.8717
0.14894,-1.94617,11.884,11.8717
0.148995,-1.97756,11.884,11.8717
0.14905,-1.86843,11.884,11.8717
0.149105,-1.89092,11.884,11.8717
0.14916,-1.9174,11.884,11.8717
0.149215,-1.97783,11.884,11.8717
0.14927,-1.97528,11.884,11.8717
0.149325,-1.81503,11.884,11.8717
0.14938,-1.96943,11.884,11.8717
0.149435,-1.98321,11.884,11.8717
0.14949,-2.02771,11.884,11.8717
0.149545,-1.86047,11.884,11.8717
0.1496,-1.94033,11.884,11.8717
0.149655,-2.06217,11.884,11.8717
0.14971,-1.97074,11.884,11.8717
0.149765,-1.98213,11.884,11.8717
0.14982,-1.99744,11.884,11.8717
0.149875,-2.04904,11.884,11.8717
0.14993,-2.07878,11.884,11.8717
0.149985,-2.03585,11.884,11.8717
0.15004,-1.92697,11.884,11.8717
0.150095,-1.97854,11.884,11.8717
0.15015,-2.02729,11.884,11.8717
0.150205,-2.0423,11.884,11.8717
0.15026,-1.92877,11.884,11.8717
0.150315,-1.96803,11.884,11.8717
0.15037,-1.87846,11.884,11.8717
0.150425,-1.95956,11.884,11.8717
0.15048,-1.94511,11.884,11.8717
0.150535,-1.91172,11.884,11.8717
0.15059,-1.86705,11.884,11.8717
0.150645,-2.06512,11.884,11.8717
0.1507,-1.91659,11.884,11.8717
0.150755,-1.91555,11.884,11.8717
0.15081,-1.86129,11.884,11.8717
0.150865,-1.9871,11.884,11.8717
0.15092,-1.9121,11.884,11.8717
0.150975,-1.89148,11.884,11.8717
0.15103,-1.92362,11.884,11.8717
0.151085,-1.84091,11.884,11.8717
0.15114,-1.91264,11.884,11.8717
0.151195,-1.87931,11.884,11.8717
0.15125,-1.89087,11.884,11.8717
0.151305,-1.90846,11.884,11.8717
0.15136,-1.83835,11.884,11.8717
0.151415,-1.86794,11.884,11.8717
0.15147,-1.95991,11.884,11.8717
0.151525,-1.87129,11.884,11.8717
0.15158,-1.95438,11.884,11.8717
0.151635,-1.85105,11.884,11.8717
0.15169,-1.94746,11.884,11.8717
0.151745,-1.90618,11.884,11.8717
0.1518,-1.85726,11.884,11.8717
0.151855,-1.73523,11.884,11.8717
0.15191,-1.80796,11.884,11.8717
0.151965,-1.86122,11.884,11.8717
0.15202,-1.75871,11.884,11.8717
0.152075,-1.86053,11.884,11.8717
0.15213,-1.89993,11.884,11.8717
0.152185,-1.82962,11.884,11.8717
0.15224,-1.84614,11.884,11.8717
0.152295,-1.89246,11.884,11.8717
0.15235,-1.6754,11.884,11.8717
0.152405,-1.83995,11.884,11.8717
0.15246,-1.91404,11.884,11.8717
0.152515,-1.78228,11.884,11.8717
0.15257,-1.77082,11.884,11.8717
0.152625,-1.73667,11.884,11.8717
0.15268,-1.85454,11.884,11.8717
0.152735,-1.6964,11.884,11.8717
0.15279,-1.75095,11.884,11.8717
0.152845,-1.79039,11.884,11.8717
0.1529,-1.97564,11.884,11.8717
0.152955,-1.69918,11.884,11.8717
0.15301,-1.72566,11.884,11.8717
0.153065,-1.79245,11.884,11.8717
0.15312,-1.86118,11.884,11.8717
0.153175,-1.82853,11.884,11.8717
0.15323,-1.77157,11.884,11.8717
0.153285,-1.61748,11.884,11.8717
0.15334,-1.74774,11.884,11.8717
0.153395,-1.73148,11.884,11.8717
0.15345,-1.74482,11.884,11.8717
0.153505,-1.72736,11.884,11.8717
0.15356,-1.6971,11.884,11.8717
0.153615,-1.73858,11.884,11.8717
0.15367,-1.65819,11.884,11.8717
0.153725,-1.72241,11.884,11.8717
0.15378,-1.65948,11.884,11.8717
0.153835,-1.73614,11.884,11.8717
0.15389,-1.7269,11.884,11.8717
0.153945,-1.65279,11.884,11.8717
0.154,-1.57062,11.884,11.8717
0.154055,-1.79004,11.884,11.8717
0.15411,-1.55635,11.884,11.8717
0.154165,-1.69407,11.884,11.8717
0.15422,-1.60102,11.884,11.8717
0.154275,-1.68163,11.884,11.8717
0.15433,-1.64813,11.884,11.8717
0.154385,-1.67196,11.884,11.8717
0.15444,-1.60429,11.884,11.8717
0.154495,-1.66302,11.884,11.8717
0.15455,-1.64539,11.884,11.8717
0.154605,-1.64324,11.884,11.8717
0.15466,-1.6237,11.884,11.8717
0.154715,-1.60967,11.884,11.8717
0.15477,-1.70517,11.884,11.8717
0.154825,-1.60287,11.884,11.8717
0.15488,-1.62825,11.884,11.8717
0.154935,-1.62911,11.884,11.8717
0.15499,-1.57417,11.884,11.8717
0.155045,-1.72722,11.884,11.8717
0.1551,-1.54127,11.884,11.8717
0.155155,-1.56992,11.884,11.8717
0.15521,-1.60781,11.884,11.8717
0.155265,-1.61681,11.884,11.8717
0.15532,-1.6177,11.884,11.8717
0.155375,-1.67792,11.884,11.8717
0.15543,-1.6301,11.884,11.8717
0.155485,-1.58225,11.884,11.8717
0.15554,-1.58646,11.884,11.8717
0.155595,-1.49252,11.884,11.8717
0.15565,-1.6156,11.884,11.8717
0.155705,-1.48552,11.884,11.8717
0.15576,-1.52356,11.884,11.8717
0.155815,-1.58853,11.884,11.8717
0.15587,-1.48784,11.884,11.8717
0.155925,-1.58775,11.884,11.8717
0.15598,-1.59742,11.884,11.8717
0.156035,-1.5149,11.884,11.8717
0.15609,-1.51389,11.884,11.8717
0.156145,-1.46205,11.884,11.8717
0.1562,-1.51323,11.884,11.8717
0.156255,-1.5982,11.884,11.8717
0.15631,-1.57955,11.884,11.8717
0.156365,-1.51531,11.884,11.8717
0.15642,-1.54608,11.884,11.8717
0.156475,-1.54245,11.884,11.8717
0.15653,-1.53478,11.884,11.8717
0.156585,-1.42008,11.884,11.8717
0.15664,-1.41999,11.884,11.8717
0.156695,-1.52116,11.884,11.8717
0.15675,-1.47677,11.884,11.8717
0.156805,-1.3697,11.884,11.8717
0.15686,-1.40823,11.884,11.8717
0.156915,-1.45414,11.884,11.8717
0.15697,-1.39745,11.884,11.8717
0.157025,-1.40438,11.884,11.8717
0.15708,-1.36922,11.884,11.8717
0.157135,-1.34328,11.884,11.8717
0.15719,-1.38724,11.884,11.8717
0.157245,-1.41316,11.884,11.8717
0.1573,-1.448,11.884,11.8717
0.157355,-1.39368,11.884,11.8717
0.15741,-1.44174,11.884,11.8717
0.157465,-1.3307,11.884,11.8717
0.15752,-1.36905,11.884,11.8717
0.157575,-1.41374,11.884,11.8717
0.15763,-1.37765,11.884,11.8717
0.157685,-1.41944,11.884,11.8717
0.15774,-1.42715,11.884,11.8717
0.157795,-1.33908,11.884,11.8717
0.15785,-1.39995,11.884,11.8717
0.157905,-1.33312,11.884,11.8717
0.15796,-1.33093,11.884,11.8717
0.158015,-1.40961,11.884,11.8717
0.15807,-1.39251,11.884,11.8717
0.158125,-1.39883,11.884,11.8717
0.15818,-1.32893,11.884,11.8717
0.158235,-1.32819,11.884,11.8717
0.15829,-1.21098,11.884,11.8717
0.158345,-1.19691,11.884,11.8717
0.1584,-1.2368,11.884,11.8717
0.158455,-1.26884,11.884,11.8717
0.15851,-1.29901,11.884,11.8717
0.158565,-1.3094,11.884,11.8717
0.15862,-1.28815,11.884,11.8717
0.158675,-1.28319,11.884,11.8717
0.15873,-1.36853,11.884,11.8717
0.158785,-1.28821,11.884,11.8717
0.15884,-1.25305,11.884,11.8717
0.158895,-1.27911,11.884,11.8717
0.15895,-1.31941,11.884,11.8717
0.159005,-1.2436,11.884,11.8717
0.15906,-1.19282,11.884,11.8717
0.159115,-1.29006,11.884,11.8717
0.15917,-1.2777,11.884,11.8717
0.159225,-1.24624,11.884,11.8717
0.15928,-1.31804,11.884,11.8717
0.159335,-1.23827,11.884,11.8717
0.15939,-1.20993,11.884,11.8717
0.159445,-1.28962,11.884,11.8717
0.1595,-1.35077,11.884,11.8717
0.159555,-1.36461,11.884,11.8717
0.15961,-1.22718,11.884,11.8717
0.159665,-1.17404,11.884,11.8717
0.15972,-1.28309,11.884,11.8717
0.159775,-1.19718,11.884,11.8717
0.15983,-1.2353,11.884,11.8717
0.159885,-1.23505,11.884,11.8717
0.15994,-1.23995,11.884,11.8717
0.159995,-1.1546,11.884,11.8717
0.16005,-1.12205,11.884,11.8717
0.160105,-1.01021,11.884,11.8717
0.16016,-1.22612,11.884,11.8717
0.160215,-1.21702,11.884,11.8717
0.16027,-1.11371,11.884,11.8717
0.160325,-1.11613,11.884,11.8717
0.16038,-1.22669,11.884,11.8717
0.160435,-1.22319,11.884,11.8717
0.16049,-1.18406,11.884,11.8717
0.160545,-1.07894,11.884,11.8717
0.1606,-1.13153,11.884,11.8717
0.160655,-1.07607,11.884,11.8717
0.16071,-1.06224,11.884,11.8717
0.160765,-1.14809,11.884,11.8717
0.16082,-1.16748,11.884,11.8717
0.160875,-1.06721,11.884,11.8717
0.16093,-1.20074,11.884,11.8717
0.160985,-0.967593,11.884,11.8717
0.16104,-1.17985,11.884,11.8717
0.161095,-1.13159,11.884,11.8717
0.16115,-1.12139,11.884,11.8717
0.161205,-1.13512,11.884,11.8717
0.16126,-1.1445,11.884,11.8717
0.161315,-1.1482,11.884,11.8717
0.16137,-1.1259,11.884,11.8717
0.161425,-1.08701,11.884,11.8717
0.16148,-1.03217,11.884,11.8717
0.161535,-1.04635,11.884,11.8717
0.16159,-1.0614,11.884,11.8717
0.161645,-1.08134,11.884,11.8717
0.1617,-1.01599,11.884,11.8717
0.161755,-1.0509,11.884,11.8717
0.16181,-1.0789,11.884,11.8717
0.161865,-1.05133,11.884,11.8717
0.16192,-1.02431,11.884,11.8717
0.161975,-1.0854,11.884,11.8717
0.16203,-1.03036,11.884,11.8717
0.162085,-0.908727,11.884,11.8717
0.16214,-1.17936,11.884,11.8717
0.162195,-1.08439,11.884,11.8717
0.16225,-0.948846,11.884,11.8717
0.162305,-0.986635,11.884,11.8717
0.16236,-1.076,11.884,11.8717
0.162415,-0.933299,11.884,11.8717
0.16247,-1.1084,11.884,11.8717
0.162525,-1.04462,11.884,11.8717
0.16258,-0.946981,11.884,11.8717
0.162635,-1.09063,11.884,11.8717
0.16269,-0.955275,11.884,11.8717
0.162745,-0.979461,11.884,11.8717
0.1628,-0.959592,11.884,11.8717
0.162855,-0.998963,11.884,11.8717
0.16291,-0.96199,11.884,11.8717
0.162965,-1.03564,11.884,11.8717
0.16302,-0.904906,11.884,11.8717
0.163075,-0.864141,11.884,11.8717
0.16313,-1.00081,11.884,11.8717
0.163185,-0.889489,11.884,11.8717
0.16324,-0.943063,11.884,11.8717
0.163295,-0.919492,11.884,11.8717
0.16335,-0.970335,11.884,11.8717
0.163405,-0.940628,11.884,11.8717
0.16346,-0.927652,11.884,11.8717
0.163515,-0.95065,11.884,11.8717
0.16357,-0.899667,11.884,11.8717
0.163625,-0.965063,11.884,11.8717
0.16368,-0.840823,11.884,11.8717
0.163735,-0.906884,11.884,11.8717
0.16379,-0.835373,11.884,11.8717
0.163845,-0.841029,11.884,11.8717
0.1639,-0.84239,11.884,11.8717
0.163955,-0.892723,11.884,11.8717
0.16401,-0.895696,11.884,11.8717
0.164065,-0.955537,11.884,11.8717
0.16412,-0.952397,11.884,11.8717
0.164175,-0.958359,11.884,11.8717
0.16423,-0.797031,11.884,11.8717
0.164285,-0.798224,11.884,11.8717
0.16434,-0.84581,11.884,11.8717
0.164395,-1.02783,11.884,11.8717
0.16445,-0.793562,11.884,11.8717
0.164505,-0.856298,11.884,11.8717
0.16456,-0.80673,11.884,11.8717
0.164615,-0.817405,11.884,11.8717
0.16467,-0.832307,11.884,11.8717
0.164725,-0.918875,11.884,11.8717
0.16478,-0.817165,11.884,11.8717
0.164835,-0.898156,11.884,11.8717
0.16489,-0.865931,11.884,11.8717
0.164945,-0.779727,11.884,11.8717
0.165,-0.712925,11.884,11.8717
0.165055,-0.681322,11.884,11.8717
0.16511,-0.755042,11.884,11.8717
0.165165,-0.751505,11.884,11.8717
0.16522,-0.810633,11.884,11.8717
0.165275,-0.722421,11.884,11.8717
0.16533,-0.643319,11.884,11.8717
0.165385,-0.727651,11.884,11.8717
0.16544,-0.800394,11.884,11.8717
0.165495,-0.760493,11.884,11.8717
0.16555,-0.765437,11.884,11.8717
0.165605,-0.780943,11.884,11.8717
0.16566,-0.709743,11.884,11.8717
0.165715,-0.697424,11.884,11.8717
0.16577,-0.781583,11.884,11.8717
0.165825,-0.654717,11.884,11.8717
0.16588,-0.7639,11.884,11.8717
0.165935,-0.725627,11.884,11.8717
0.16599,-0.762962,11.884,11.8717
0.166045,-0.713391,11.884,11.8717
0.1661,-0.785876,11.884,11.8717
0.166155,-0.745671,11.884,11.8717
0.16621,-0.80516,11.884,11.8717
0.166265,-0.781021,11.884,11.8717
0.16632,-0.629338,11.884,11.8717
0.166375,-0.765643,11.884,11.8717
0.16643,-0.588958,11.884,11.8717
0.166485,-0.662601,11.884,11.8717
0.16654,-0.655194,11.884,11.8717
0.166595,-0.731586,11.884,11.8717
0.16665,-0.630468,11.884,11.8717
0.166705,-0.763648,11.884,11.8717
0.16676,-0.643542,11.884,11.8717
0.166815,-0.685848,11.884,11.8717
0.16687,-0.616277,11.884,11.8717
0.166925,-0.62593,11.884,11.8717
0.16698,-0.669614,11.884,11.8717
0.167035,-0.598767,11.884,11.8717
0.16709,-0.638835,11.884,11.8717
0.167145,-0.547837,11.884,11.8717
0.1672,-0.61127,11.884,11.8717
0.167255,-0.59263,11.884,11.8717
0.16731,-0.605477,11.884,11.8717
0.167365,-0.636882,11.884,11.8717
0.16742,-0.649715,11.884,11.8717
0.167475,-0.621723,11.884,11.8717
0.16753,-0.662954,11.884,11.8717
0.167585,-0.677594,11.884,11.8717
0.16764,-0.497152,11.884,11.8717
0.167695,-0.628422,11.884,11.8717
0.16775,-0.655034,11.884,11.8717
0.167805,-0.428917,11.884,11.8717
0.16786,-0.553108,11.884,11.8717
0.167915,-0.674926,11.884,11.8717
0.16797,-0.623818,11.884,11.8717
0.168025,-0.705671,11.884,11.8717
0.16808,-0.627152,11.884,11.8717
0.168135,-0.53943,11.884,11.8717
0.16819,-0.518692,11.884,11.8717
0.168245,-0.504182,11.884,11.8717
0.1683,-0.527745,11.884,11.8717
0.168355,-0.473551,11.884,11.8717
0.16841,-0.514999,11.884,11.8717
0.168465,-0.514349,11.884,11.8717
0.16852,-0.488703,11.884,11.8717
0.168575,-0.458608,11.884,11.8717
0.16863,-0.574093,11.884,11.8717
0.168685,-0.577919,11.884,11.8717
0.16874,-0.530146,11.884,11.8717
0.168795,-0.496624,11.884,11.8717
0.16885,-0.44157,11.884,11.8717
0.168905,-0.478538,11.884,11.8717
0.16896,-0.463042,11.884,11.8717
0.169015,-0.393498,11.884,11.8717
0.16907,-0.610153,11.884,11.8717
0.169125,-0.523307,11.884,11.8717
0.16918,-0.449847,11.884,11.8717
0.169235,-0.427338,11.884,11.8717
0.16929,-0.467152,11.884,11.8717
0.169345,-0.501299,11.884,11.8717
0.1694,-0.398854,11.884,11.8717
0.169455,-0.382996,11.884,11.8717
0.16951,-0.33248,11.8839,11.8717
0.169565,-0.381798,11.884,11.8717
0.16962,-0.433573,11.884,11.8717
0.169675,-0.434442,11.884,11.8717
0.16973,-0.374429,11.884,11.8717
0.169785,-0.518061,11.884,11.8717
0.16984,-0.371964,11.884,11.8717
0.169895,-0.247643,11.8839,11.8717
0.16995,-0.418191,11.884,11.8717
0.170005,-0.402154,11.884,11.8717
0.17006,-0.341968,11.884,11.8717
0.170115,-0.436753,11.884,11.8717
0.17017,-0.412657,11.884,11.8717
0.170225,-0.381438,11.884,11.8717
0.17028,-0.567024,11.884,11.8717
0.170335,-0.413796,11.884,11.8717
0.17039,-0.301554,11.8839,11.8717
0.170445,-0.3831,11.884,11.8717
0.1705,-0.315474,11.8839,11.8717
0.170555,-0.366575,11.884,11.8717
0.17061,-0.363745,11.884,11.8717
0.170665,-0.338495,11.8839,11.8717
0.17072,-0.256812,11.8839,11.8717
0.170775,-0.416705,11.884,11.8717
0.17083,-0.409909,11.884,11.8717
0.170885,-0.337764,11.8839,11.8717
0.17094,-0.314955,11.8839,11.8717
0.170995,-0.321655,11.8839,11.8717
0.17105,-0.370359,11.884,11.8717
0.171105,-0.346682,11.884,11.8717
0.17116,-0.330575,11.8839,11.8717
0.171215,-0.231976,11.8839,11.8717
0.17127,-0.307051,11.8839,11.8717
0.171325,-0.106936,11.8835,11.8716
0.17138,-0.321619,11.8839,11.8717
0.171435,-0.303522,11.8839,11.8717
0.17149,-0.296846,11.8839,11.8717
0.171545,-0.234123,11.8839,11.8717
0.1716,-0.266358,11.8839,11.8717
0.171655,-0.308685,11.8839,11.8717
0.17171,-0.254793,11.8839,11.8717
0.171765,-0.231136,11.8839,11.8717
0.17182,-0.192979,11.8838,11.8717
0.171875,-0.143053,11.8837,11.8717
0.17193,-0.158752,11.8837,11.8717
0.171985,-0.303689,11.8839,11.8717
0.17204,-0.296434,11.8839,11.8717
0.172095,-0.244155,11.8839,11.8717
0.17215,-0.215262,11.8839,11.8717
0.172205,-0.198493,11.8838,11.8717
0.17226,-0.294654,11.8839,11.8717
0.172315,-0.184509,11.8838,11.8717
0.17237,-0.130425,11.8836,11.8717
0.172425,-0.172494,11.8838,11.8717
0.17248,-0.129472,11.8836,11.8717
0.172535,-0.212007,11.8838,11.8717
0.17259,-0.0757744,11.8833,11.8716
0.172645,-0.194871,11.8838,11.8717
0.1727,-0.251251,11.8839,11.8717
0.172755,-0.177198,11.8838,11.8717
0.17281,-0.193005,11.8838,11.8717
0.172865,-0.110793,11.8835,11.8717
0.17292,-0.21379,11.8838,11.8717
0.172975,-0.302702,11.8839,11.8717
0.17303,-0.0783636,11.8833,11.8716
0.173085,-0.19848,11.8838,11.8717
0.17314,-0.162686,11.8837,11.8717
0.173195,-0.191024,11.8838,11.8717
0.17325,-0.134128,11.8836,11.8717
0.173305,-0.181363,11.8838,11.8717
0.17336,-0.183337,11.8838,11.8717
0.173415,-0.112052,11.8835,11.8717
0.17347,-0.138127,11.8837,11.8717
0.173525,0.0502803,-11.66,11.8715
0.17358,-0.138156,11.8834,11.8717
0.173635,-0.0686583,11.8833,11.8716
0.17369,-0.128595,11.8836,11.8717
0.173745,-0.182812,11.8838,11.8717
0.1738,-0.120487,11.8836,11.8717
0.173855,-0.0671245,11.8833,11.8716
0.17391,-0.0922779,11.8834,11.8716
0.173965,-0.0630498,11.8832,11.8716
0.17402,-0.0866327,11.8834,11.8716
0.174075,-0.0232616,11.8827,11.8716
0.17413,-0.0233113,11.8829,11.8716
0.174185,-0.0337413,11.8826,11.8716
0.17424,0.0688319,-11.8835,11.8715
0.174295,-0.109133,11.8832,11.8717
0.17435,-0.0487965,11.8831,11.8716
0.174405,-0.11009,11.8835,11.8717
0.17446,0.0336458,10.6778,11.8715
0.174515,0.00948669,-11.8827,11.8716
0.17457,0.0155211,11.413,11.8716
0.174625,0.0337307,-11.8831,11.8715
0.17468,0.0105655,-11.7287,11.8716
0.174735,0.000626224,-11.5343,11.8716
0.17479,0.0358744,2.25827,11.8715
0.174845,-0.0315527,-3.00899,11.8716
0.1749,-0.0248161,-11.5305,11.8716
0.174955,0.00280656,6.14194,11.8716
0.17501,0.0418174,4.12481,11.8715
0.175065,0.117413,-11.8834,11.8713
0.17512,0.131245,-11.8837,11.8713
0.175175,0.0213846,-11.8819,11.8716
0.17523,0.068683,-11.8834,11.8715
0.175285,0.0495512,9.90329,11.8715
0.17534,-0.0135206,8.18465,11.8716
0.175395,0.0190663,-10.9414,11.8716
0.17545,0.0152623,-11.8815,11.8716
0.175505,-0.073924,11.8836,11.8716
0.17556,-0.0155826,9.34288,11.8716
0.175615,0.0358968,-11.8831,11.8715
0.17567,0.0406165,-11.8827,11.8715
0.175725,0.0769856,-11.8837,11.8715
0.17578,0.0951437,-11.8833,11.8714
0.175835,0.0273956,-11.8829,11.8716
0.17589,0.16516,-11.8837,11.8711
0.175945,0.0103071,-11.8825,11.8716
0.176,0.0620486,-11.8827,11.8715
0.176055,0.0903377,-11.8837,11.8714
0.17611,0.0510829,-11.8825,11.8715
0.176165,0.125818,-11.8838,11.8713
0.17622,0.0947009,-11.8832,11.8714
0.176275,0.100987,-11.8837,11.8714
0.17633,0.115387,-11.8834,11.8713
0.176385,0.167958,-11.8839,11.871
0.17644,0.107638,-11.8833,11.8714
0.176495,0.129338,-11.8838,11.8713
0.17655,0.240857,-11.8837,11.8696
0.176605,0.160652,-11.8839,11.8711
0.17666,0.080386,-11.8832,11.8714
0.176715,0.146691,-11.8838,11.8712
0.17677,0.120254,-11.8834,11.8713
0.176825,0.147484,-11.8838,11.8712
0.17688,0.238986,-11.8838,11.8698
0.176935,0.21745,-11.8839,-11.8721
0.17699,0.241875,-11.8838,-11.8711
0.177045,0.165464,-11.8838,-11.8721
0.1771,0.0622984,-11.883,-11.8711
0.177155,0.132125,-11.8837,-11.8721
0.17721,0.21138,-11.8838,-11.8712
0.177265,0.126475,-11.8837,-11.872
0.17732,0.185892,-11.8837,-11.8712
0.177375,0.297355,-11.884,-11.872
0.17743,0.197693,-11.8837,-11.8713
0.177485,0.198001,-11.8839,-11.872
0.17754,0.178511,-11.8837,-11.8713
0.177595,0.239458,-11.8839,-11.872
0.17765,0.184036,-11.8837,-11.8713
0.177705,0.250083,-11.8839,-11.872
0.17776,0.201874,-11.8838,-11.8714
0.177815,0.390262,-11.884,-11.8719
0.17787,0.175449,-11.8837,-11.8714
0.177925,0.364619,-11.884,-11.8719
0.17798,0.231658,-11.8838,-11.8714
0.178035,0.143134,-11.8837,-11.8719
0.17809,0.336704,-11.8839,-11.8714
0.178145,0.280782,-11.884,-11.8719
0.1782,0.200449,-11.8838,-11.8714
0.178255,0.291445,-11.884,-11.8719
0.17831,0.155682,-11.8837,-11.8714
0.178365,0.289354,-11.884,-11.8719
0.17842,0.211065,-11.8838,-11.8715
0.178475,0.225179,-11.8839,-11.8718
0.17853,0.377092,-11.8839,-11.8715
0.178585,0.283327,-11.884,-11.8718
0.17864,0.316375,-11.8839,-11.8715
0.178695,0.286652,-11.884,-11.8718
0.17875,0.243239,-11.8839,-11.8715
0.178805,0.222402,-11.8839,-11.8718
0.17886,0.260639,-11.8839,-11.8715
0.178915,0.301103,-11.884,-11.8718
0.17897,0.305214,-11.8839,-11.8715
0.179025,0.342471,-11.884,-11.8718
0.17908,0.315995,-11.8839,-11.8715
0.179135,0.321466,-11.884,-11.8718
0.17919,0.386787,-11.8839,-11.8716
0.179245,0.335647,-11.884,-11.8718
0.1793,0.459485,-11.884,-11.8716
0.179355,0.388774,-11.884,-11.8718
0.17941,0.304086,-11.8839,-11.8716
0.179465,0.352748,-11.884,-11.8718
0.17952,0.349056,-11.8839,-11.8716
0.179575,0.469869,-11.884,-11.8718
0.17963,0.41689,-11.884,-11.8716
0.179685,0.388101,-11.884,-11.8718
0.17974,0.313706,-11.8839,-11.8716
0.179795,0.339362,-11.884,-11.8717
0.17985,0.517573,-11.884,-11.8716
0.179905,0.393455,-11.884,-11.8717
0.17996,0.484319,-11.884,-11.8716
0.180015,0.47597,-11.884,-11.8717
0.18007,0.365692,-11.8839,-11.8716
0.180125,0.397843,-11.884,-11.8717
0.18018,0.448184,-11.884,-11.8716
0.180235,0.44519,-11.884,-11.8717
0.18029,0.448005,-11.884,-11.8716
0.180345,0.360989,-11.884,-11.8717
0.1804,0.385191,-11.884,-11.8716
0.180455,0.476426,-11.884,-11.8717
0.18051,0.461943,-11.884,-11.8716
0.180565,0.42607,-11.884,-11.8717
0.18062,0.50055,-11.884,-11.8716
0.180675,0.42052,-11.884,-11.8717
0.18073,0.41538,-11.884,-11.8716
0.180785,0.341609,-11.884,-11.8717
0.18084,0.407554,-11.884,-11.8716
0.180895,0.510665,-11.884,-11.8717
0.18095,0.399194,-11.884,-11.8716
0.181005,0.405802,-11.884,-11.8717
0.18106,0.525565,-11.884,-11.8716
0.181115,0.531996,-11.884,-11.8717
0.18117,0.530873,-11.884,-11.8716
0.181225,0.448265,-11.884,-11.8717
0.18128,0.407114,-11.884,-11.8716
0.181335,0.488339,-11.884,-11.8717
0.18139,0.436475,-11.884,-11.8716
0.181445,0.485238,-11.884,-11.8717
0.1815,0.556684,-11.884,-11.8716
0.181555,0.542522,-11.884,-11.8717
0.18161,0.505927,-11.884,-11.8716
0.181665,0.525042,-11.884,-11.8717
0.18172,0.525457,-11.884,-11.8716
0.181775,0.446398,-11.884,-11.8717
0.18183,0.580059,-11.884,-11.8717
0.181885,0.597468,-11.884,-11.8717
0.18194,0.534097,-11.884,-11.8717
0.181995,0.579551,-11.884,-11.8717
0.18205,0.5763,-11.884,-11.8717
0.182105,0.498182,-11.884,-11.8717
0.18216,0.537236,-11.884,-11.8717
0.182215,0.498215,-11.884,-11.8717
0.18227,0.496938,-11.884,-11.8717
0.182325,0.615184,-11.884,-11.8717
0.18238,0.623869,-11.884,-11.8717
0.182435,0.486342,-11.884,-11.8717
0.18249,0.62532,-11.884,-11.8717
0.182545,0.660639,-11.884,-11.8717
0.1826,0.547367,-11.884,-11.8717
0.182655,0.633158,-11.884,-11.8717
0.18271,0.606058,-11.884,-11.8717
0.182765,0.529982,-11.884,-11.8717
0.18282,0.682654,-11.884,-11.8717
0.182875,0.680021,-11.884,-11.8717
0.18293,0.628504,-11.884,-11.8717
0.182985,0.701434,-11.884,-11.8717
0.18304,0.648463,-11.884,-11.8717
0.183095,0.6089,-11.884,-11.8717
0.18315,0.662178,-11.884,-11.8717
0.183205,0.727731,-11.884,-11.8717
0.18326,0.581627,-11.884,-11.8717
0.183315,0.577097,-11.884,-11.8717
0.18337,0.77379,-11.884,-11.8717
0.183425,0.690893,-11.884,-11.8717
0.18348,0.632311,-11.884,-11.8717
0.183535,0.593225,-11.884,-11.8717
0.18359,0.622906,-11.884,-11.8717
0.183645,0.736477,-11.884,-11.8717
0.1837,0.736291,-11.884,-11.8717
0.183755,0.625731,-11.884,-11.8717
0.18381,0.631789,-11.884,-11.8717
0.183865,0.605927,-11.884,-11.8717
0.18392,0.750826,-11.884,-11.8717
0.183975,0.588995,-11.884,-11.8717
0.18403,0.775401,-11.884,-11.8717
0.184085,0.562736,-11.884,-11.8717
0.18414,0.691054,-11.884,-11.8717
0.184195,0.782991,-11.884,-11.8717
0.18425,0.786522,-11.884,-11.8717
0.184305,0.739881,-11.884,-11.8717
0.18436,0.733726,-11.884,-11.8717
0.184415,0.849319,-11.884,-11.8717
0.18447,0.789841,-11.884,-11.8717
0.184525,0.722856,-11.884,-11.8717
0.18458,0.707543,-11.884,-11.8717
0.184635,0.676453,-11.884,-11.8717
0.18469,0.719682,-11.884,-11.8717
0.184745,0.766021,-11.884,-11.8717
0.1848,0.720387,-11.884,-11.8717
0.184855,0.873228,-11.884,-11.8717
0.18491,0.844051,-11.884,-11.8717
0.184965,0.82152,-11.884,-11.8717
0.18502,0.736911,-11.884,-11.8717
0.185075,0.862528,-11.884,-11.8717
0.18513,0.747501,-11.884,-11.8717
0.185185,0.901997,-11.884,-11.8717
0.18524,0.806978,-11.884,-11.8717
0.185295,0.911304,-11.884,-11.8717
0.18535,0.749257,-11.884,-11.8717
0.185405,0.775038,-11.884,-11.8717
0.18546,0.780096,-11.884,-11.8717
0.185515,0.791128,-11.884,-11.8717
0.18557,0.815903,-11.884,-11.8717
0.185625,0.816819,-11.884,-11.8717
0.18568,0.810168,-11.884,-11.8717
0.185735,0.841047,-11.884,-11.8717
0.18579,0.866765,-11.884,-11.8717
0.185845,0.907775,-11.884,-11.8717
0.1859,0.914236,-11.884,-11.8717
0.185955,0.864095,-11.884,-11.8717
0.18601,0.835947,-11.884,-11.8717
0.186065,0.887629,-11.884,-11.8717
0.18612,0.969375,-11.884,-11.8717
0.186175,0.868907,-11.884,-11.8717
0.18623,0.911818,-11.884,-11.8717
0.186285,0.849459,-11.884,-11.8717
0.18634,0.967966,-11.884,-11.8717
0.186395,0.899894,-11.884,-11.8717
0.18645,0.925895,-11.884,-11.8717
0.186505,0.87645,-11.884,-11.8717
0.18656,0.891422,-11.884,-11.8717
0.186615,0.86158,-11.884,-11.8717
0.18667,0.937209,-11.884,-11.8717
0.186725,0.947444,-11.884,-11.8717
0.18678,0.932537,-11.884,-11.8717
0.186835,0.901624,-11.884,-11.8717
0.18689,0.917876,-11.884,-11.8717
0.186945,0.979851,-11.884,-11.8717
0.187,0.97583,-11.884,-11.8717
0.187055,0.862954,-11.884,-11.8717
0.18711,1.01542,-11.884,-11.8717
0.187165,1.02221,-11.884,-11.8717
0.18722,0.970911,-11.884,-11.8717
0.187275,0.945156,-11.884,-11.8717
0.18733,0.985199,-11.884,-11.8717
0.187385,1.0654,-11.884,-11.8717
0.18744,0.987794,-11.884,-11.8717
0.187495,1.01966,-11.884,-11.8717
0.18755,0.992625,-11.884,-11.8717
0.187605,1.0915,-11.884,-11.8717
0.18766,0.994264,-11.884,-11.8717
0.187715,0.990206,-11.884,-11.8717
0.18777,0.974449,-11.884,-11.8717
0.187825,1.05079,-11.884,-11.8717
0.18788,1.00006,-11.884,-11.8717
0.187935,1.04278,-11.884,-11.8717
0.18799,1.02067,-11.884,-11.8717
0.188045,0.929084,-11.884,-11.8717
0.1881,1.12313,-11.884,-11.8717
0.188155,1.12017,-11.884,-11.8717
0.18821,1.04835,-11.884,-11.8717
0.188265,1.09006,-11.884,-11.8717
0.18832,0.982214,-11.884,-11.8717
0.188375,0.961042,-11.884,-11.8717
0.18843,1.05268,-11.884,-11.8717
0.188485,1.13105,-11.884,-11.8717
0.18854,1.07844,-11.884,-11.8717
0.188595,1.13169,-11.884,-11.8717
0.18865,1.11481,-11.884,-11.8717
0.188705,1.08705,-11.884,-11.8717
0.18876,1.04543,-11.884,-11.8717
0.188815,1.12766,-11.884,-11.8717
0.18887,1.08905,-11.884,-11.8717
0.188925,1.04575,-11.884,-11.8717
0.18898,1.12755,-11.884,-11.8717
0.189035,1.17217,-11.884,-11.8717
0.18909,1.06625,-11.884,-11.8717
0.189145,1.22968,-11.884,-11.8717
0.1892,1.0527,-11.884,-11.8717
0.189255,1.06879,-11.884,-11.8717
0.18931,1.20973,-11.884,-11.8717
0.189365,1.12016,-11.884,-11.8717
0.18942,1.16352,-11.884,-11.8717
0.189475,1.11149,-11.884,-11.8717
0.18953,1.11751,-11.884,-11.8717
0.189585,1.2612,-11.884,-11.8717
0.18964,0.985861,-11.884,-11.8717
0.189695,1.13739,-11.884,-11.8717
0.18975,1.14674,-11.884,-11.8717
0.189805,1.25923,-11.884,-11.8717
0.18986,1.24211,-11.884,-11.8717
0.189915,1.19971,-11.884,-11.8717
0.18997,1.17481,-11.884,-11.8717
0.190025,1.12826,-11.884,-11.8717
0.19008,1.27441,-11.884,-11.8717
0.190135,1.21662,-11.884,-11.8717
0.19019,1.15768,-11.884,-11.8717
0.190245,1.23762,-11.884,-11.8717
0.1903,1.23147,-11.884,-11.8717
0.190355,1.23863,-11.884,-11.8717
0.19041,1.21331,-11.884,-11.8717
0.190465,1.29457,-11.884,-11.8717
0.19052,1.19993,-11.884,-11.8717
0.190575,1.29034,-11.884,-11.8717
0.19063,1.12054,-11.884,-11.8717
0.190685,1.30283,-11.884,-11.8717
0.19074,1.29859,-11.884,-11.8717
0.190795,1.21676,-11.884,-11.8717
0.19085,1.30587,-11.884,-11.8717
0.190905,1.27391,-11.884,-11.8717
0.19096,1.16381,-11.884,-11.8717
0.191015,1.3285,-11.884,-11.8717
0.19107,1.26319,-11.884,-11.8717
0.191125,1.36092,-11.884,-11.8717
0.19118,1.37692,-11.884,-11.8717
0.191235,1.33229,-11.884,-11.8717
0.19129,1.30718,-11.884,-11.8717
0.191345,1.22257,-11.884,-11.8717
0.1914,1.3399,-11.884,-11.8717
0.191455,1.26177,-11.884,-11.8717
0.19151,1.36113,-11.884,-11.8717
0.191565,1.29285,-11.884,-11.8717
0.19162,1.35486,-11.884,-11.8717
0.191675,1.33657,-11.884,-11.8717
0.19173,1.28773,-11.884,-11.8717
0.191785,1.25388,-11.884,-11.8717
0.19184,1.39286,-11.884,-11.8717
0.191895,1.32961,-11.884,-11.8717
0.19195,1.21349,-11.884,-11.8717
0.192005,1.37208,-11.884,-11.8717
0.19206,1.33917,-11.884,-11.8717
0.192115,1.36312,-11.884,-11.8717
0.19217,1.32453,-11.884,-11.8717
0.192225,1.36184,-11.884,-11.8717
0.19228,1.41482,-11.884,-11.8717
0.192335,1.3322,-11.884,-11.8717
0.19239,1.54322,-11.884,-11.8717
0.192445,1.3536,-11.884,-11.8717
0.1925,1.4859,-11.884,-11.8717
0.192555,1.51729,-11.884,-11.8717
0.19261,1.33695,-11.884,-11.8717
0.192665,1.40519,-11.884,-11.8717
0.19272,1.34982,-11.884,-11.8717
0.192775,1.46313,-11.884,-11.8717
0.19283,1.39287,-11.884,-11.8717
0.192885,1.50582,-11.884,-11.8717
0.19294,1.49743,-11.884,-11.8717
0.192995,1.53531,-11.884,-11.8717
0.19305,1.43828,-11.884,-11.8717
0.193105,1.47356,-11.884,-11.8717
0.19316,1.49687,-11.884,-11.8717
0.193215,1.42367,-11.884,-11.8717
0.19327,1.46049,-11.884,-11.8717
0.193325,1.38229,-11.884,-11.8717
0.19338,1.507,-11.884,-11.8717
0.193435,1.49305,-11.884,-11.8717
0.19349,1.4599,-11.884,-11.8717
0.193545,1.59005,-11.884,-11.8717
0.1936,1.4696,-11.884,-11.8717
0.193655,1.5347,-11.884,-11.8717
0.19371,1.46347,-11.884,-11.8717
0.193765,1.57235,-11.884,-11.8717
0.19382,1.55074,-11.884,-11.8717
0.193875,1.59014,-11.884,-11.8717
0.19393,1.4519,-11.884,-11.8717
0.193985,1.48821,-11.884,-11.8717
0.19404,1.43678,-11.884,-11.8717
0.194095,1.57408,-11.884,-11.8717
0.19415,1.55122,-11.884,-11.8717
0.194205,1.60716,-11.884,-11.8717
0.19426,1.62085,-11.884,-11.8717
0.194315,1.50363,-11.884,-11.8717
0.19437,1.58524,-11.884,-11.8717
0.194425,1.50411,-11.884,-11.8717
0.19448,1.5387,-11.884,-11.8717
0.194535,1.53983,-11.884,-11.8717
0.19459,1.49624,-11.884,-11.8717
0.194645,1.60936,-11.884,-11.8717
0.1947,1.57729,-11.884,-11.8717
0.194755,1.63166,-11.884,-11.8717
0.19481,1.48808,-11.884,-11.8717
0.194865,1.69047,-11.884,-11.8717
0.19492,1.66434,-11.884,-11.8717
0.194975,1.58446,-11.884,-11.8717
0.19503,1.71318,-11.884,-11.8717
0.195085,1.49278,-11.884,-11.8717
0.19514,1.63366,-11.884,-11.8717
0.195195,1.60315,-11.884,-11.8717
0.19525,1.7664,-11.884,-11.8717
0.195305,1.67764,-11.884,-11.8717
0.19536,1.62714,-11.884,-11.8717
0.195415,1.55719,-11.884,-11.8717
0.19547,1.68459,-11.884,-11.8717
0.195525,1.6845,-11.884,-11.8717
0.19558,1.68817,-11.884,-11.8717
0.195635,1.5514,-11.884,-11.8717
0.19569,1.66996,-11.884,-11.8717
0.195745,1.68648,-11.884,-11.8717
0.1958,1.6428,-11.884,-11.8717
0.195855,1.67932,-11.884,-11.8717
0.19591,1.72685,-11.884,-11.8717
0.195965,1.66739,-11.884,-11.8717
0.19602,1.64951,-11.884,-11.8717
0.196075,1.58346,-11.884,-11.8717
0.19613,1.7486,-11.884,-11.8717
0.196185,1.67394,-11.884,-11.8717
0.19624,1.80401,-11.884,-11.8717
0.196295,1.62985,-11.884,-11.8717
0.19635,1.6665,-11.884,-11.8717
0.196405,1.77055,-11.884,-11.8717
0.19646,1.75113,-11.884,-11.8717
0.196515,1.83848,-11.884,-11.8717
0.19657,1.74869,-11.884,-11.8717
0.196625,1.84771,-11.884,-11.8717
0.19668,1.68972,-11.884,-11.8717
0.196735,1.79176,-11.884,-11.8717
0.19679,1.7939,-11.884,-11.8717
0.196845,1.77502,-11.884,-11.8717
0.1969,1.81705,-11.884,-11.8717
0.196955,1.67041,-11.884,-11.8717
0.19701,1.78805,-11.884,-11.8717
0.197065,1.80086,-11.884,-11.8717
0.19712,1.83662,-11.884,-11.8717
0.197175,1.75619,-11.884,-11.8717
0.19723,1.77098,-11.884,-11.8717
0.197285,1.90215,-11.884,-11.8717
0.19734,1.78081,-11.884,-11.8717
0.197395,1.70827,-11.884,-11.8717
0.19745,1.75943,-11.884,-11.8717
0.197505,1.80568,-11.884,-11.8717
0.19756,1.79049,-11.884,-11.8717
0.197615,1.82259,-11.884,-11.8717
0.19767,1.84185,-11.884,-11.8717
0.197725,1.84772,-11.884,-11.8717
0.19778,1.77007,-11.884,-11.8717
0.197835,1.87693,-11.884,-11.8717
0.19789,1.82942,-11.884,-11.8717
0.197945,1.93683,-11.884,-11.8717
0.198,1.75958,-11.884,-11.8717
0.198055,1.84004,-11.884,-11.8717
0.19811,1.96895,-11.884,-11.8717
0.198165,1.75766,-11.884,-11.8717
0.19822,1.86778,-11.884,-11.8717
0.198275,1.88586,-11.884,-11.8717
0.19833,1.81628,-11.884,-11.8717
0.198385,1.80496,-11.884,-11.8717
0.19844,1.83766,-11.884,-11.8717
0.198495,1.94794,-11.884,-11.8717
0.19855,1.78318,-11.884,-11.8717
0.198605,1.87464,-11.884,-11.8717
0.19866,1.92622,-11.884,-11.8717
0.198715,1.92943,-11.884,-11.8717
0.19877,1.91854,-11.884,-11.8717
0.198825,1.91266,-11.884,-11.8717
0.19888,1.8723,-11.884,-11.8717
0.198935,1.88794,-11.884,-11.8717
0.19899,1.91989,-11.884,-11.8717
0.199045,1.8737,-11.884,-11.8717
0.1991,1.97738,-11.884,-11.8717
0.199155,1.87275,-11.884,-11.8717
0.19921,1.79146,-11.884,-11.8717
0.199265,1.92523,-11.884,-11.8717
0.19932,1.89135,-11.884,-11.8717
0.199375,1.86313,-11.884,-11.8717
0.19943,2.03733,-11.884,-11.8717
0.199485,1.94282,-11.884,-11.8717
0.19954,2.04337,-11.884,-11.8717
0.199595,1.97177,-11.884,-11.8717
0.19965,1.98086,-11.884,-11.8717
0.199705,2.03236,-11.884,-11.8717
0.19976,1.86706,-11.884,-11.8717
0.199815,1.99528,-11.884,-11.8717
0.19987,2.00022,-11.884,-11.8717
0.199925,2.04595,-11.884,-11.8717
0.19998,2.03262,-11.884,-11.8717
